#VRML V2.0 utf8
# 3D model generated by easyeda2kicad.py (https://github.com/uPesy/easyeda2kicad.py)

Shape{
    appearance Appearance {
        material  Material 	{
            diffuseColor 1.0 1.0 0.0
            specularColor 0.5019607843137255 0.5019607843137255 0.0
            ambientIntensity 0.2
            transparency 0
            shininess 0.5
        }
    }
    geometry IndexedFaceSet {
        ccw TRUE
        solid FALSE
        coord DEF co Coordinate {
            point [
                -0.0185 -0.5143 -0.3776, -0.0185 -0.4984 -0.4051, 0.0586 -0.4984 -0.4051, -0.0185 -0.5778 -0.2676, -0.0185 -0.566 -0.288, 0.0586 -0.566 -0.288, 0.0892 -0.6181 -0.1977, 0.0952 -0.6185 -0.1971, 0.0634 -0.6185 -0.1971, 0.1461 -0.6135 -0.2057, 0.1461 -0.6007 -0.2279, 0.1677 -0.6007 -0.2279, 0.151 -0.5145 -0.3773, 0.1477 -0.5143 -0.3776, 0.1677 -0.5143 -0.3776, 0.2464 -0.55 -0.3157, 0.2464 -0.5372 -0.3379, 0.2614 -0.5372 -0.3379, -0.0879 -0.5869 -0.2518, -0.0725 -0.5804 -0.2631, -0.0185 -0.6185 -0.1971, -0.151 -0.6185 -0.1971, -0.1384 -0.6141 -0.2047, -0.1184 -0.6023 -0.2251, -0.1076 -0.5916 -0.2437, -0.1048 -0.5911 -0.2445, -0.2674 -0.6228 -0.1896, -0.2409 -0.6275 -0.1815, -0.2756 -0.7432 0.0188, -0.2158 -0.6289 -0.1791, -0.0185 -0.7432 0.0188, -0.1882 -0.6272 -0.182, -0.16 -0.6216 -0.1916, -0.5207 -0.6755 -0.0984, -0.5371 -0.6616 -0.1224, -0.5371 -0.6185 -0.1971, -0.4744 -0.7036 -0.0497, -0.2818 -0.6185 -0.1971, -0.4156 -0.7251 -0.0124, -0.3479 -0.7386 0.0109, -0.2841 -0.6178 -0.1983, -0.5371 -0.5778 -0.2676, -0.4064 -0.5778 -0.2676, -0.4014 -0.5834 -0.2579, -0.3877 -0.5922 -0.2427, -0.3446 -0.6045 -0.2214, -0.3223 -0.6058 -0.219, -0.2975 -0.6121 -0.2082, -0.3157 -0.6057 -0.2193, -0.3092 -0.6053 -0.22, -0.3838 -0.594 -0.2395, -0.3657 -0.6004 -0.2285, -0.3731 -0.5212 -0.3656, -0.3906 -0.5287 -0.3526, -0.5371 -0.5143 -0.3776, -0.3526 -0.5162 -0.3743, -0.4036 -0.538 -0.3365, -0.4117 -0.5486 -0.3182, -0.5371 -0.566 -0.288, -0.4145 -0.5597 -0.2989, -0.4143 -0.5625 -0.2941, -0.413 -0.566 -0.288, -0.4105 -0.5732 -0.2756, -0.5371 -0.4984 -0.4051, -0.3145 -0.4984 -0.4051, -0.3197 -0.4995 -0.4032, -0.345 -0.515 -0.3763, -0.3443 -0.5143 -0.3776, -0.3393 -0.5089 -0.3869, -0.3309 -0.5037 -0.3959, -0.3066 -0.4967 -0.408, -0.5371 -0.4537 -0.4825, -0.2932 -0.4957 -0.4098, -0.291 -0.4957 -0.4098, -0.0185 -0.4537 -0.4825, -0.2772 -0.4965 -0.4084, -0.2376 -0.5143 -0.3776, -0.2377 -0.5142 -0.3778, -0.2444 -0.5078 -0.3888, -0.2531 -0.5029 -0.3973, -0.2645 -0.499 -0.4041, -0.2674 -0.4984 -0.4051, -0.0539 -0.5636 -0.2922, -0.0513 -0.5543 -0.3083, -0.1649 -0.5311 -0.3485, -0.161 -0.5318 -0.3472, -0.1543 -0.548 -0.3191, -0.0723 -0.5273 -0.3551, -0.0878 -0.5207 -0.3665, -0.2483 -0.5432 -0.3275, -0.172 -0.5631 -0.293, -0.2582 -0.5477 -0.3196, -0.2703 -0.551 -0.314, -0.1684 -0.5298 -0.3507, -0.0611 -0.5351 -0.3415, -0.0869 -0.5565 -0.3044, -0.0895 -0.562 -0.295, -0.0939 -0.566 -0.288, -0.3772 -0.566 -0.288, -0.0539 -0.5441 -0.3259, -0.1566 -0.5321 -0.3467, -0.156 -0.5321 -0.3467, -0.1543 -0.5319 -0.3471, -0.3739 -0.5489 -0.3176, -0.3671 -0.5432 -0.3276, -0.3382 -0.5402 -0.3327, -0.3569 -0.5379 -0.3366, -0.3445 -0.5341 -0.3433, -0.3171 -0.5496 -0.3163, -0.3288 -0.5456 -0.3233, -0.3786 -0.5603 -0.2979, -0.3779 -0.5559 -0.3055, -0.3045 -0.552 -0.3122, -0.291 -0.5529 -0.3107, -0.284 -0.5527 -0.3111, -0.1742 -0.5233 -0.362, -0.1741 -0.5244 -0.3601, -0.234 -0.527 -0.3556, -0.173 -0.5266 -0.3563, -0.1708 -0.5285 -0.3529, -0.0981 -0.539 -0.3348, -0.0919 -0.5434 -0.3271, -0.0879 -0.5485 -0.3183, -0.0866 -0.554 -0.3088, -0.1609 -0.5147 -0.3768, -0.1647 -0.5155 -0.3755, -0.1684 -0.5168 -0.3733, -0.1697 -0.5174 -0.3721, -0.1722 -0.5192 -0.369, -0.1737 -0.5212 -0.3657, -0.2343 -0.5212 -0.3656, -0.234 -0.5241 -0.3605, -0.1052 -0.5165 -0.3738, -0.1242 -0.5145 -0.3773, -0.1577 -0.5145 -0.3773, -0.1532 -0.5318 -0.3472, -0.1276 -0.5318 -0.3472, -0.1174 -0.5328 -0.3455, -0.1073 -0.5351 -0.3415, -0.0989 -0.5386 -0.3355, -0.1355 -0.5762 -0.2703, -0.3721 -0.5735 -0.275, -0.3769 -0.5672 -0.286, -0.131 -0.5762 -0.2703, -0.0948 -0.5669 -0.2865, -0.1014 -0.5706 -0.2801, -0.1102 -0.5736 -0.2748, -0.1202 -0.5756 -0.2715, -0.1478 -0.5933 -0.2407, -0.1606 -0.601 -0.2274, -0.2915 -0.5845 -0.256, -0.1621 -0.6017 -0.2263, -0.1781 -0.6072 -0.2166, -0.2828 -0.5935 -0.2404, -0.3661 -0.5778 -0.2676, -0.2956 -0.5856 -0.2541, -0.1362 -0.5778 -0.2676, -0.139 -0.5841 -0.2566, -0.3084 -0.5879 -0.25, -0.3217 -0.5888 -0.2486, -0.3276 -0.5886 -0.2489, -0.2701 -0.6011 -0.2272, -0.1959 -0.6106 -0.2107, -0.2548 -0.6067 -0.2175, -0.2152 -0.6118 -0.2087, -0.2362 -0.6105 -0.211, -0.3416 -0.5869 -0.2517, -0.3543 -0.5836 -0.2576, -0.3642 -0.5792 -0.2652, -0.0687 -0.5778 -0.2676, -0.0608 -0.5723 -0.2771, -0.0558 -0.566 -0.288, 0.2791 -0.5192 -0.3691, 0.2791 -0.5146 -0.377, 0.2867 -0.5143 -0.3776, 0.2614 -0.5143 -0.3776, 0.2867 -0.566 -0.288, 0.2773 -0.55 -0.3157, 0.2773 -0.5546 -0.3077, 0.2464 -0.5192 -0.3691, 0.2614 -0.5192 -0.3691, 0.2464 -0.5326 -0.3458, 0.2614 -0.5326 -0.3458, 0.275 -0.5326 -0.3458, 0.275 -0.5372 -0.3379, 0.2614 -0.55 -0.3157, 0.2614 -0.5146 -0.377, 0.236 -0.5146 -0.377, 0.2306 -0.5143 -0.3776, 0.236 -0.5546 -0.3077, 0.0712 -0.5283 -0.3532, 0.0725 -0.5363 -0.3394, 0.0692 -0.5269 -0.3557, 0.0677 -0.5252 -0.3587, 0.1129 -0.5146 -0.377, 0.1029 -0.5146 -0.377, 0.0907 -0.5143 -0.3776, 0.1265 -0.5208 -0.3663, 0.1129 -0.533 -0.3452, 0.1265 -0.5156 -0.3753, 0.0791 -0.5143 -0.3776, 0.0752 -0.515 -0.3764, 0.0634 -0.5143 -0.3776, 0.0687 -0.5183 -0.3707, 0.0675 -0.52 -0.3678, 0.0821 -0.5432 -0.3274, 0.0634 -0.566 -0.288, 0.0746 -0.5418 -0.3299, 0.0725 -0.5412 -0.331, 0.0947 -0.5396 -0.3337, 0.0913 -0.5398 -0.3334, 0.0859 -0.5316 -0.3476, 0.1029 -0.519 -0.3694, 0.1026 -0.519 -0.3694, 0.1002 -0.5173 -0.3723, 0.0744 -0.5297 -0.3509, 0.0788 -0.5307 -0.3491, 0.0794 -0.5385 -0.3357, 0.0857 -0.5395 -0.3339, 0.097 -0.5158 -0.375, 0.0947 -0.515 -0.3763, 0.0719 -0.5162 -0.3743, 0.0708 -0.5167 -0.3733, 0.1281 -0.5389 -0.335, 0.106 -0.5419 -0.3297, 0.1087 -0.5406 -0.332, 0.067 -0.5223 -0.3638, 0.067 -0.5231 -0.3624, 0.1307 -0.5195 -0.3685, 0.1311 -0.5194 -0.3687, 0.1311 -0.5301 -0.3503, 0.127 -0.5373 -0.3378, 0.0922 -0.5438 -0.3264, 0.0986 -0.5435 -0.3269, 0.1027 -0.5429 -0.328, 0.1029 -0.5328 -0.3456, 0.1025 -0.535 -0.3417, 0.1015 -0.5368 -0.3386, 0.1003 -0.5378 -0.3368, 0.1122 -0.5366 -0.3389, 0.127 -0.5335 -0.3443, 0.1107 -0.539 -0.3349, 0.1266 -0.5355 -0.3409, 0.0988 -0.5386 -0.3354, 0.097 -0.5392 -0.3344, 0.131 -0.5301 -0.3502, 0.1294 -0.531 -0.3487, 0.1281 -0.532 -0.3469, 0.1311 -0.5147 -0.3768, 0.1311 -0.5143 -0.3776, 0.1325 -0.5145 -0.3772, 0.1364 -0.5143 -0.3776, 0.1624 -0.5426 -0.3286, 0.1624 -0.5377 -0.337, 0.13 -0.5402 -0.3326, 0.1311 -0.5407 -0.3318, 0.1311 -0.566 -0.288, 0.133 -0.5416 -0.3303, 0.1364 -0.5426 -0.3286, 0.1646 -0.5204 -0.3671, 0.1634 -0.5188 -0.3698, 0.1615 -0.5174 -0.3721, 0.142 -0.5435 -0.327, 0.1488 -0.5438 -0.3264, 0.1677 -0.566 -0.288, 0.1559 -0.5435 -0.3269, 0.1618 -0.5271 -0.3554, 0.1636 -0.5257 -0.3578, 0.1647 -0.5242 -0.3603, 0.1651 -0.5224 -0.3636, 0.1587 -0.5162 -0.3743, 0.1563 -0.5155 -0.3755, 0.1478 -0.5398 -0.3334, 0.1449 -0.5397 -0.3336, 0.1369 -0.5359 -0.3401, 0.1422 -0.5393 -0.3342, 0.1399 -0.5387 -0.3353, 0.137 -0.5353 -0.3413, 0.1374 -0.5345 -0.3426, 0.1381 -0.5338 -0.3438, 0.1391 -0.5333 -0.3447, 0.1426 -0.5322 -0.3466, 0.1541 -0.5394 -0.334, 0.1488 -0.5308 -0.349, 0.1598 -0.5384 -0.3358, 0.1527 -0.53 -0.3503, 0.1594 -0.5282 -0.3535, 0.1384 -0.538 -0.3364, 0.1376 -0.5374 -0.3375, 0.1371 -0.5367 -0.3387, 0.137 -0.5184 -0.3705, 0.1417 -0.5272 -0.3553, 0.1358 -0.5285 -0.3529, 0.143 -0.518 -0.3711, 0.1434 -0.518 -0.3711, 0.1483 -0.5258 -0.3577, 0.1486 -0.5183 -0.3706, 0.1548 -0.5219 -0.3644, 0.1547 -0.5225 -0.3633, 0.1512 -0.5188 -0.3698, 0.1521 -0.5191 -0.3693, 0.1532 -0.5196 -0.3684, 0.1541 -0.5202 -0.3673, 0.1546 -0.5209 -0.3661, 0.1543 -0.5233 -0.362, 0.1535 -0.524 -0.3608, 0.1522 -0.5246 -0.3597, 0.316 -0.5891 -0.2481, 0.2867 -0.5891 -0.2481, 0.3242 -0.5781 -0.267, 0.2867 -0.5778 -0.2676, 0.3356 -0.5781 -0.267, 0.6073 -0.5778 -0.2676, 0.5788 -0.6185 -0.1971, 0.3051 -0.6181 -0.1977, 0.2867 -0.6185 -0.1971, 0.2941 -0.6181 -0.1977, 0.2867 -0.6084 -0.2146, 0.2827 -0.5891 -0.2481, 0.275 -0.5781 -0.267, 0.2614 -0.5778 -0.2676, 0.2636 -0.5781 -0.267, 0.2614 -0.6185 -0.1971, 0.2306 -0.5778 -0.2676, 0.2296 -0.5789 -0.2656, 0.216 -0.5781 -0.267, 0.194 -0.5781 -0.267, 0.194 -0.6181 -0.1977, 0.1864 -0.6185 -0.1971, 0.2168 -0.6181 -0.1977, 0.2306 -0.6185 -0.1971, 0.1864 -0.5778 -0.2676, 0.257 -0.5914 -0.244, 0.253 -0.5873 -0.2512, 0.2499 -0.6115 -0.2093, 0.2548 -0.608 -0.2153, 0.2471 -0.5837 -0.2573, 0.2387 -0.5807 -0.2625, 0.2306 -0.5791 -0.2652, 0.2471 -0.6128 -0.2069, 0.229 -0.6175 -0.1989, 0.2306 -0.6172 -0.1994, 0.2387 -0.6157 -0.2019, 0.2578 -0.6042 -0.2219, 0.2591 -0.5986 -0.2315, 0.2589 -0.5961 -0.2359, 0.1677 -0.6185 -0.1971, 0.177 -0.6181 -0.1977, 0.1677 -0.6181 -0.1977, 0.177 -0.6135 -0.2057, 0.1461 -0.5827 -0.2591, 0.1677 -0.5827 -0.2591, 0.1461 -0.5961 -0.2358, 0.1677 -0.5961 -0.2358, 0.1747 -0.5961 -0.2358, 0.1747 -0.6007 -0.2279, 0.1677 -0.6135 -0.2057, 0.1358 -0.5781 -0.267, 0.1311 -0.5778 -0.2676, 0.1677 -0.5778 -0.2676, 0.1788 -0.5827 -0.2591, 0.1788 -0.5781 -0.267, 0.1677 -0.5781 -0.267, 0.1358 -0.6181 -0.1977, 0.1311 -0.6185 -0.1971, 0.2867 -0.7425 0.0176, 0.2756 -0.7432 0.0188, 0.5512 -0.6485 -0.1452, 0.5207 -0.6755 -0.0984, 0.4744 -0.7036 -0.0497, 0.4156 -0.7251 -0.0124, 0.3479 -0.7386 0.0109, 0.3163 -0.5146 -0.377, 0.2942 -0.5146 -0.377, 0.3639 -0.5146 -0.377, 0.3592 -0.5326 -0.3459, 0.3572 -0.5279 -0.354, 0.2942 -0.5546 -0.3077, 0.3944 -0.5546 -0.3077, 0.4054 -0.5546 -0.3077, 0.3533 -0.5237 -0.3612, 0.3473 -0.5202 -0.3673, 0.339 -0.5172 -0.3725, 0.3594 -0.5351 -0.3415, 0.3581 -0.5406 -0.3319, 0.3473 -0.5493 -0.3169, 0.3502 -0.548 -0.3193, 0.3551 -0.5445 -0.3253, 0.3171 -0.5546 -0.3077, 0.3293 -0.554 -0.3089, 0.339 -0.5522 -0.3119, 0.6155 -0.566 -0.288, 0.6408 -0.5143 -0.3776, 0.4359 -0.5146 -0.377, 0.4245 -0.5146 -0.377, 0.3753 -0.5146 -0.377, 0.383 -0.5255 -0.3581, 0.4163 -0.5255 -0.3581, 0.2867 -0.4984 -0.4051, 0.6458 -0.4984 -0.4051, 0.2867 -0.4537 -0.4825, 0.6597 -0.4537 -0.4825, -0.5788 -0.6185 -0.1971, -0.6073 -0.5778 -0.2676, -0.6155 -0.566 -0.288, -0.6408 -0.5143 -0.3776, -0.6458 -0.4984 -0.4051, -0.6597 -0.4537 -0.4825, 0.1113 -0.6184 -0.1972, 0.1197 -0.6172 -0.1994, 0.1197 -0.6118 -0.2087, 0.1197 -0.5847 -0.2556, 0.1197 -0.5798 -0.2642, 0.1184 -0.5794 -0.2648, 0.1098 -0.578 -0.2672, 0.1046 -0.5778 -0.2676, 0.1107 -0.6136 -0.2056, 0.1009 -0.6142 -0.2046, 0.1188 -0.612 -0.2083, 0.0969 -0.6141 -0.2048, 0.0901 -0.6133 -0.2061, 0.0839 -0.6118 -0.2088, 0.072 -0.6032 -0.2236, 0.0706 -0.5977 -0.2331, 0.0991 -0.582 -0.2602, 0.0791 -0.6097 -0.2123, 0.0785 -0.6094 -0.2128, 0.1119 -0.583 -0.2587, 0.1028 -0.5821 -0.2601, 0.0746 -0.6066 -0.2176, 0.0708 -0.5958 -0.2365, 0.0722 -0.5919 -0.2432, 0.0749 -0.5887 -0.2487, 0.0785 -0.5863 -0.2529, 0.0809 -0.5851 -0.2549, 0.0922 -0.5824 -0.2596, 0.0863 -0.5834 -0.2579, 0.1008 -0.6188 -0.1965, 0.0634 -0.7432 0.0188, 0.1094 -0.6185 -0.1971, 0.1311 -0.7432 0.0188, 0.0656 -0.6091 -0.2133, 0.0714 -0.6129 -0.2067, 0.0733 -0.6139 -0.2051, 0.0808 -0.6165 -0.2006, 0.0634 -0.5883 -0.2494, 0.0614 -0.5908 -0.245, 0.0586 -0.5778 -0.2676, 0.0598 -0.5974 -0.2337, 0.0599 -0.5995 -0.2301, 0.0586 -0.6185 -0.1971, 0.0617 -0.6047 -0.221, 0.0634 -0.6066 -0.2177, 0.0765 -0.5802 -0.2634, 0.0701 -0.5829 -0.2587, 0.0634 -0.5778 -0.2676, 0.0694 -0.5833 -0.2581, 0.0646 -0.5867 -0.2522, 0.0976 -0.5774 -0.2682, 0.0927 -0.5775 -0.268, 0.0906 -0.5778 -0.2676, 0.0841 -0.5784 -0.2665, 0.142 -0.5139 -0.3782, 0.1311 -0.4984 -0.4051, 0.0634 -0.4984 -0.4051, 0.0793 -0.5143 -0.3776, 0.0851 -0.5139 -0.3782, 0.2148 -0.5432 -0.3275, 0.2252 -0.5432 -0.3275, 0.2306 -0.566 -0.288, 0.2614 -0.5546 -0.3077, 0.2614 -0.566 -0.288, 0.2024 -0.5143 -0.3776, 0.1965 -0.5217 -0.3647, 0.1977 -0.5193 -0.3688, 0.198 -0.5193 -0.3688, 0.1864 -0.566 -0.288, 0.1864 -0.5362 -0.3396, 0.1992 -0.5217 -0.3648, 0.1984 -0.5203 -0.3671, 0.1864 -0.5143 -0.3776, 0.1864 -0.5228 -0.3629, 0.1703 -0.5432 -0.3275, 0.1816 -0.5432 -0.3275, 0.1928 -0.5147 -0.3769, 0.1924 -0.5143 -0.3776, 0.1884 -0.5095 -0.3859, 0.1677 -0.4984 -0.4051, 0.1724 -0.5015 -0.3997, 0.1724 -0.506 -0.3919, 0.1845 -0.5066 -0.3909, 0.1864 -0.5076 -0.3891, 0.1864 -0.5077 -0.3891, 0.1745 -0.5057 -0.3925, 0.1781 -0.5054 -0.3929, 0.1864 -0.502 -0.3988, 0.1829 -0.5014 -0.4, 0.1864 -0.4984 -0.4051, 0.1789 -0.5011 -0.4004, 0.1767 -0.5012 -0.4003, 0.1807 -0.5056 -0.3927, 0.1828 -0.506 -0.3919, 0.1993 -0.5103 -0.3845, 0.1947 -0.5059 -0.3922, 0.2306 -0.4984 -0.4051, 0.1911 -0.5037 -0.396, 0.1904 -0.5033 -0.3965, 0.1869 -0.5021 -0.3987, 0.0565 -0.5827 -0.2591, 0.0565 -0.5781 -0.267, 0.0143 -0.5781 -0.267, 0.0246 -0.6181 -0.1977, 0.0246 -0.5827 -0.2591, 0.0143 -0.6181 -0.1977, 0.0586 -0.5143 -0.3776, 0.0574 -0.5146 -0.377, 0.0143 -0.5146 -0.377, 0.0574 -0.5192 -0.3691, 0.0555 -0.55 -0.3157, 0.0246 -0.5326 -0.3458, 0.0246 -0.5192 -0.3691, 0.0533 -0.5326 -0.3458, 0.0533 -0.5372 -0.3379, 0.0246 -0.5372 -0.3379, 0.0246 -0.55 -0.3157, 0.0143 -0.5546 -0.3077, 0.0555 -0.5546 -0.3077, 0.0586 -0.7432 0.0188, 0.2614 -0.7432 0.0188, 0.2306 -0.7432 0.0188, 0.1864 -0.7432 0.0188, 0.1677 -0.7432 0.0188, 0.3299 -0.5154 -0.3756, 0.2614 -0.4984 -0.4051, 0.2614 -0.4537 -0.4825, 0.2306 -0.4537 -0.4825, 0.1864 -0.4537 -0.4825, 0.1677 -0.4537 -0.4825, 0.1311 -0.4537 -0.4825, 0.0634 -0.4537 -0.4825, 0.0586 -0.4537 -0.4825, -0.7526 -0.1969 -0.5704, -0.7532 -0.1297 -0.5717, -0.7516 -0.1338 -0.5725, -0.7499 -0.1376 -0.5733, -0.7445 -0.149 -0.5756, -0.739 -0.1596 -0.5778, -0.7334 -0.1693 -0.5798, -0.7274 -0.1785 -0.5818, -0.7202 -0.1969 -0.5838, -0.715 -0.1943 -0.5852, -0.7127 -0.1969 -0.5857, -0.7526 0.1969 -0.5704, -0.7532 0.1294 -0.5717, -0.7677 0.1969 -0.5642, -0.7589 0.115 -0.569, -0.79 0.1969 -0.5471, -0.764 0.0988 -0.5663, -0.7698 0.0754 -0.5629, -0.774 0.0516 -0.5604, -0.7766 0.0275 -0.5588, -0.7771 0.0182 -0.5584, -0.7776 0.0016 -0.5581, -0.7769 -0.0227 -0.5586, -0.79 -0.1969 -0.5471, -0.7746 -0.0467 -0.56, -0.7709 -0.0702 -0.5623, -0.7652 -0.0946 -0.5656, -0.7577 -0.1182 -0.5696, -0.7677 -0.1969 -0.5642, -0.7202 0.1969 -0.5838, -0.7127 0.1969 -0.5857, -0.715 0.1943 -0.5852, -0.7274 0.1785 -0.5818, -0.7334 0.1693 -0.5798, -0.739 0.1596 -0.5778, -0.7445 0.149 -0.5756, -0.7499 0.1376 -0.5733, -0.8085 0.1969 -0.5329, -0.8085 -0.1969 -0.5329, -0.8213 0.1969 -0.5162, -0.8213 -0.1969 -0.5162, -0.8398 0.1969 -0.4921, -0.8398 -0.1969 -0.4921, -0.8451 0.1969 -0.4792, -0.8451 -0.1969 -0.4792, -0.8594 0.1969 -0.4446, -0.8594 -0.1969 -0.4446, -0.8603 0.1969 -0.4377, -0.8603 -0.1969 -0.4377, -0.8661 -0.1969 -0.3937, -0.8661 0.1969 -0.3937, 0.8661 0.1969 -0.3937, 0.8661 -0.1969 -0.3937, 0.8603 -0.1969 -0.4377, 0.7526 0.1969 -0.5704, 0.7532 0.1297 -0.5717, 0.7516 0.1338 -0.5725, 0.7499 0.1376 -0.5733, 0.7445 0.149 -0.5756, 0.739 0.1596 -0.5778, 0.7334 0.1693 -0.5798, 0.7274 0.1785 -0.5818, 0.7202 0.1969 -0.5838, 0.715 0.1943 -0.5852, 0.7127 0.1969 -0.5857, 0.7526 -0.1969 -0.5704, 0.7532 -0.1294 -0.5717, 0.7677 -0.1969 -0.5642, 0.7589 -0.115 -0.569, 0.79 -0.1969 -0.5471, 0.764 -0.0988 -0.5663, 0.7698 -0.0754 -0.5629, 0.774 -0.0516 -0.5604, 0.7766 -0.0275 -0.5588, 0.7771 -0.0182 -0.5584, 0.7776 -0.0016 -0.5581, 0.7769 0.0227 -0.5586, 0.79 0.1969 -0.5471, 0.7746 0.0467 -0.56, 0.7709 0.0702 -0.5623, 0.7652 0.0946 -0.5656, 0.7577 0.1182 -0.5696, 0.7677 0.1969 -0.5642, 0.7202 -0.1969 -0.5838, 0.7127 -0.1969 -0.5857, 0.715 -0.1943 -0.5852, 0.7274 -0.1785 -0.5818, 0.7334 -0.1693 -0.5798, 0.739 -0.1596 -0.5778, 0.7445 -0.149 -0.5756, 0.7499 -0.1376 -0.5733, 0.8085 -0.1969 -0.5329, 0.8085 0.1969 -0.5329, 0.8213 -0.1969 -0.5162, 0.8213 0.1969 -0.5162, 0.8398 -0.1969 -0.4921, 0.8398 0.1969 -0.4921, 0.8451 -0.1969 -0.4792, 0.8451 0.1969 -0.4792, 0.8594 -0.1969 -0.4446, 0.8594 0.1969 -0.4446, 0.8603 0.1969 -0.4377, 0.8563 0.272 0.0765, 0.8611 0.1969 0.0771, 0.8661 0.1969 -0.0, 0.8536 0.1969 0.115, 0.7656 0.1969 0.3274, 0.787 0.1969 0.2953, 0.7829 0.272 0.2929, 0.603 0.1969 0.49, 0.6351 0.1969 0.4685, 0.6322 0.272 0.4647, 0.3906 0.1969 0.578, 0.4284 0.1969 0.5704, 0.4272 0.272 0.5658, 0.4764 0.7354 0.1323, 0.4677 0.7355 0.1474, 0.5205 0.7003 0.1879, 0.4577 0.7406 0.1412, 0.428 0.7462 0.1509, 0.4468 0.7355 0.1712, 0.338 0.7583 0.172, 0.3224 0.7589 0.173, 0.3383 0.7355 0.2339, 0.3464 0.7574 0.1704, 0.459 0.7402 0.1406, 0.4931 0.7308 0.1243, 0.5292 0.7191 0.104, 0.5124 0.7255 0.115, 0.5429 0.7003 0.1543, 0.5674 0.704 0.0778, 0.5623 0.7066 0.0823, 0.5608 0.7003 0.1181, 0.5748 0.7002 0.0713, 0.5738 0.7003 0.0799, 0.6062 0.6843 0.0437, 0.6332 0.6569 0.0958, 0.6063 0.6842 0.0435, 0.2756 0.1969 0.5906, 0.3527 0.1969 0.5855, 0.2756 0.272 0.5858, 0.352 0.272 0.5807, 0.2756 0.303 0.5797, 0.3502 0.3459 0.5665, 0.2756 0.3459 0.5714, 0.8613 0.272 -0.0, 0.8554 0.3029 -0.0, 0.8421 0.3459 0.0746, 0.2756 0.406 0.5516, 0.3471 0.4174 0.5431, 0.2756 0.4174 0.5478, 0.847 0.3459 -0.0, 0.8273 0.4056 -0.0, 0.8187 0.4174 0.0715, 0.8234 0.4174 -0.0, 0.7865 0.4853 0.0673, 0.2756 0.4853 0.5153, 0.3428 0.4853 0.5109, 0.2756 0.5018 0.5047, 0.3375 0.5486 0.4703, 0.2756 0.5486 0.4744, 0.7909 0.4853 -0.0, 0.7806 0.5013 -0.0, 0.7459 0.5486 0.0619, 0.2756 0.5877 0.4413, 0.3312 0.6061 0.4221, 0.2756 0.6061 0.4258, 0.846 0.1969 0.1528, 0.8414 0.272 0.1516, 0.8275 0.3459 0.1479, 0.8047 0.4174 0.1418, 0.7733 0.4853 0.1334, 0.7338 0.5486 0.1228, 0.6869 0.6061 0.1102, 0.6977 0.6061 0.0556, 0.6427 0.6569 0.0483, 0.75 0.5486 -0.0, 0.7174 0.5871 -0.0, 0.7014 0.6061 -0.0, 0.6458 0.6569 -0.0, 0.6432 0.659 0.0, 0.2756 0.6569 0.3702, 0.3239 0.6569 0.3671, 0.2756 0.6613 0.3641, 0.3159 0.7003 0.306, 0.2756 0.7003 0.3087, 0.7441 0.1969 0.3595, 0.7403 0.272 0.3566, 0.7289 0.3459 0.3479, 0.7705 0.3459 0.2857, 0.7102 0.4174 0.3335, 0.75 0.4174 0.2739, 0.6844 0.4853 0.3137, 0.7218 0.4853 0.2576, 0.6519 0.5486 0.2888, 0.6864 0.5486 0.2372, 0.6134 0.6061 0.2592, 0.6443 0.6061 0.2129, 0.5693 0.6569 0.2254, 0.5962 0.6569 0.1851, 0.8212 0.1969 0.226, 0.8168 0.272 0.2242, 0.8035 0.3459 0.2187, 0.7817 0.4174 0.2096, 0.7517 0.4853 0.1972, 0.7139 0.5486 0.1815, 0.669 0.6061 0.1629, 0.6176 0.6569 0.1417, 0.2987 0.7598 0.1744, 0.2756 0.7606 0.1759, 0.3072 0.7355 0.24, 0.2756 0.7355 0.2421, 0.2756 0.7186 0.274, 0.4235 0.3459 0.552, 0.4174 0.4174 0.5291, 0.409 0.4853 0.4977, 0.3984 0.5486 0.4582, 0.3858 0.6061 0.4113, 0.3714 0.6569 0.3576, 0.3555 0.7003 0.2982, 0.5016 0.1969 0.5456, 0.4997 0.272 0.5412, 0.4943 0.3459 0.5279, 0.4852 0.4174 0.5061, 0.4728 0.4853 0.4761, 0.4571 0.5486 0.4383, 0.4385 0.6061 0.3934, 0.4173 0.6569 0.3421, 0.3937 0.7003 0.2852, 0.3682 0.7355 0.2237, 0.5709 0.1969 0.5114, 0.5685 0.272 0.5073, 0.5613 0.3459 0.4949, 0.5495 0.4174 0.4744, 0.5332 0.4853 0.4463, 0.5128 0.5486 0.4108, 0.4885 0.6061 0.3687, 0.4607 0.6569 0.3206, 0.4299 0.7003 0.2673, 0.3966 0.7355 0.2097, 0.3721 0.7546 0.1655, 0.6235 0.3459 0.4533, 0.6091 0.4174 0.4346, 0.5893 0.4853 0.4088, 0.5644 0.5486 0.3764, 0.5348 0.6061 0.3378, 0.501 0.6569 0.2937, 0.4635 0.7003 0.2449, 0.423 0.7355 0.1921, 0.3991 0.7516 0.1604, 0.6932 0.1969 0.4176, 0.6898 0.272 0.4142, 0.6796 0.3459 0.4041, 0.663 0.4174 0.3874, 0.64 0.4853 0.3644, 0.611 0.5486 0.3354, 0.5767 0.6061 0.3011, 0.5374 0.6569 0.2618, 0.4939 0.7003 0.2183, -0.7806 0.5013 0.0, -0.7909 0.4853 0.0, -0.7865 0.4853 0.0673, -0.8554 0.3029 0.0, -0.8613 0.272 0.0, -0.8563 0.272 0.0765, -0.8661 0.1969 0.0, -0.8611 0.1969 0.0771, -0.4764 0.7354 0.1323, -0.4677 0.7355 0.1474, -0.459 0.7402 0.1406, -0.5748 0.7002 0.0713, -0.5738 0.7003 0.0799, -0.5674 0.704 0.0778, -0.6458 0.6569 0.0, -0.6427 0.6569 0.0483, -0.6432 0.659 0.0, -0.6063 0.6842 0.0435, -0.6062 0.6843 0.0437, -0.6332 0.6569 0.0958, -0.5623 0.7066 0.0823, -0.5608 0.7003 0.1181, -0.5292 0.7191 0.104, -0.5124 0.7255 0.115, -0.5429 0.7003 0.1543, -0.4931 0.7308 0.1243, -0.4577 0.7406 0.1412, -0.4468 0.7355 0.1712, -0.428 0.7462 0.1509, -0.423 0.7355 0.1921, -0.3991 0.7516 0.1604, -0.3966 0.7355 0.2097, -0.3721 0.7546 0.1655, -0.3682 0.7355 0.2237, -0.3464 0.7574 0.1704, -0.338 0.7583 0.172, -0.3383 0.7355 0.2339, -0.3224 0.7589 0.173, -0.3072 0.7355 0.24, -0.2987 0.7598 0.1744, -0.2756 0.7355 0.2421, -0.2756 0.7606 0.1759, -0.8536 0.1969 0.115, -0.8414 0.272 0.1516, -0.846 0.1969 0.1528, -0.8212 0.1969 0.226, -0.8168 0.272 0.2242, -0.787 0.1969 0.2953, -0.7829 0.272 0.2929, -0.7656 0.1969 0.3274, -0.7403 0.272 0.3566, -0.7441 0.1969 0.3595, -0.6932 0.1969 0.4176, -0.6898 0.272 0.4142, -0.6351 0.1969 0.4685, -0.6322 0.272 0.4647, -0.603 0.1969 0.49, -0.5685 0.272 0.5073, -0.5709 0.1969 0.5114, -0.5016 0.1969 0.5456, -0.4997 0.272 0.5412, -0.4284 0.1969 0.5704, -0.4272 0.272 0.5658, -0.3906 0.1969 0.578, -0.352 0.272 0.5807, -0.3527 0.1969 0.5855, -0.2756 0.1969 0.5906, -0.8273 0.4056 0.0, -0.847 0.3459 0.0, -0.8421 0.3459 0.0746, -0.8275 0.3459 0.1479, -0.8035 0.3459 0.2187, -0.7705 0.3459 0.2857, -0.7289 0.3459 0.3479, -0.6796 0.3459 0.4041, -0.6235 0.3459 0.4533, -0.5613 0.3459 0.4949, -0.4943 0.3459 0.5279, -0.4235 0.3459 0.552, -0.3502 0.3459 0.5665, -0.8187 0.4174 0.0715, -0.8234 0.4174 0.0, -0.2756 0.272 0.5858, -0.2756 0.303 0.5797, -0.2756 0.3459 0.5714, -0.2756 0.406 0.5516, -0.8047 0.4174 0.1418, -0.7817 0.4174 0.2096, -0.75 0.4174 0.2739, -0.7102 0.4174 0.3335, -0.663 0.4174 0.3874, -0.6091 0.4174 0.4346, -0.5495 0.4174 0.4744, -0.4852 0.4174 0.5061, -0.4174 0.4174 0.5291, -0.3471 0.4174 0.5431, -0.2756 0.4174 0.5478, -0.3428 0.4853 0.5109, -0.409 0.4853 0.4977, -0.4728 0.4853 0.4761, -0.5332 0.4853 0.4463, -0.5893 0.4853 0.4088, -0.64 0.4853 0.3644, -0.6844 0.4853 0.3137, -0.7218 0.4853 0.2576, -0.7517 0.4853 0.1972, -0.7733 0.4853 0.1334, -0.7174 0.5871 0.0, -0.75 0.5486 0.0, -0.7459 0.5486 0.0619, -0.7338 0.5486 0.1228, -0.7139 0.5486 0.1815, -0.6864 0.5486 0.2372, -0.6519 0.5486 0.2888, -0.611 0.5486 0.3354, -0.5644 0.5486 0.3764, -0.5128 0.5486 0.4108, -0.4571 0.5486 0.4383, -0.3984 0.5486 0.4582, -0.3375 0.5486 0.4703, -0.6977 0.6061 0.0556, -0.7014 0.6061 0.0, -0.2756 0.4853 0.5153, -0.2756 0.5018 0.5047, -0.2756 0.5486 0.4744, -0.2756 0.5877 0.4413, -0.6869 0.6061 0.1102, -0.669 0.6061 0.1629, -0.6443 0.6061 0.2129, -0.6134 0.6061 0.2592, -0.5767 0.6061 0.3011, -0.5348 0.6061 0.3378, -0.4885 0.6061 0.3687, -0.4385 0.6061 0.3934, -0.3858 0.6061 0.4113, -0.3312 0.6061 0.4221, -0.2756 0.6061 0.4258, -0.3239 0.6569 0.3671, -0.3714 0.6569 0.3576, -0.4173 0.6569 0.3421, -0.4607 0.6569 0.3206, -0.501 0.6569 0.2937, -0.5374 0.6569 0.2618, -0.5693 0.6569 0.2254, -0.5962 0.6569 0.1851, -0.6176 0.6569 0.1417, -0.5205 0.7003 0.1879, -0.4939 0.7003 0.2183, -0.4635 0.7003 0.2449, -0.4299 0.7003 0.2673, -0.3937 0.7003 0.2852, -0.3555 0.7003 0.2982, -0.3159 0.7003 0.306, -0.2756 0.6569 0.3702, -0.2756 0.6613 0.3641, -0.2756 0.7003 0.3087, -0.2756 0.7186 0.274, 0.7075 0.5996 -0.0687, 0.7175 0.5872 -0.083, 0.7632 0.53 -0.149, 0.8262 0.4052 -0.2931, 0.8087 0.4509 -0.2404, 0.7799 0.501 -0.1825, 0.8518 0.3264 -0.3841, 0.8419 0.3642 -0.3405, 0.8551 0.3029 -0.3864, 0.8649 0.2346 -0.3929, -0.8649 0.2346 -0.3929, -0.8551 0.3029 -0.3864, -0.8518 0.3264 -0.3841, -0.8272 0.4056 -0.2927, -0.8237 0.4166 -0.28, -0.7819 0.5009 -0.1826, -0.6632 0.6424 -0.0193, -0.7813 0.5017 -0.1816, -0.7277 0.5768 -0.095, -0.7175 0.5871 -0.0831, 0.6289 0.2289 -0.5897, 0.6659 0.2618 -0.5854, 0.6561 0.2256 -0.5899, 0.6685 0.2346 -0.5893, 0.6689 0.2231 -0.59, 0.6033 0.2296 -0.5896, 0.5763 0.2279 -0.5897, 0.5496 0.2236 -0.5899, 0.4768 0.1969 -0.5906, -0.4768 0.1969 -0.5906, 0.5003 0.2082 -0.5904, -0.5003 0.2082 -0.5904, 0.525 0.2173 -0.5902, -0.525 0.2173 -0.5902, -0.5496 0.2236 -0.5899, -0.5763 0.2279 -0.5897, -0.6659 0.2618 -0.5854, -0.6033 0.2296 -0.5896, -0.6289 0.2289 -0.5897, -0.656 0.2256 -0.5899, -0.6685 0.2346 -0.5893, -0.6689 0.2231 -0.59, -0.6597 0.3264 -0.5762, 0.6597 0.3264 -0.5762, -0.7566 0.3411 -0.5447, -0.7532 0.341 -0.5475, -0.7665 0.2391 -0.5628, -0.8071 0.2398 -0.5315, -0.7192 0.2374 -0.5825, -0.6803 0.2183 -0.5898, -0.7 0.2069 -0.588, -0.6865 0.2152 -0.5895, -0.8581 0.2374 -0.4436, -0.8383 0.2391 -0.4909, -0.8433 0.3353 -0.4324, -0.8231 0.341 -0.4776, -0.836 0.3374 -0.4486, -0.8393 0.3364 -0.4412, -0.8158 0.3414 -0.4868, -0.7924 0.3429 -0.5168, -0.7911 0.3428 -0.5177, -0.7873 0.3426 -0.5207, -0.7251 0.3375 -0.56, -0.6932 0.3326 -0.5703, -0.708 0.3353 -0.5677, 0.7251 0.3375 -0.56, 0.7532 0.341 -0.5475, 0.7665 0.2391 -0.5628, 0.6932 0.3326 -0.5703, 0.708 0.3353 -0.5677, 0.7192 0.2374 -0.5825, 0.6969 0.209 -0.5885, 0.6833 0.2169 -0.5897, 0.7069 0.2017 -0.5869, 0.8071 0.2398 -0.5315, 0.8383 0.2391 -0.4909, 0.8581 0.2374 -0.4436, 0.7566 0.3411 -0.5447, 0.7873 0.3426 -0.5207, 0.7911 0.3428 -0.5177, 0.7924 0.3429 -0.5168, 0.8158 0.3414 -0.4868, 0.8231 0.341 -0.4776, 0.836 0.3374 -0.4486, 0.8393 0.3364 -0.4412, 0.8433 0.3353 -0.4324, 0.8661 -0.1969 0.0, -0.3842 0.0781 -0.5906, -0.3946 0.1031 -0.5906, 0.4168 0.1399 -0.5906, 0.3842 -0.0781 -0.5906, 0.3946 -0.1031 -0.5906, -0.4168 -0.1399 -0.5906, -0.4226 0.1473 -0.5906, -0.4407 0.1675 -0.5906, 0.4342 0.1608 -0.5906, 0.3812 0.0689 -0.5906, -0.3724 0.0271 -0.5906, 0.3906 0.0944 -0.5906, 0.4021 0.1173 -0.5906, 0.4226 -0.1473 -0.5906, 0.4407 -0.1675 -0.5906, -0.4342 -0.1608 -0.5906, 0.4552 0.1807 -0.5906, -0.4609 0.1854 -0.5906, -0.3812 -0.0689 -0.5906, 0.3724 -0.0271 -0.5906, -0.3906 -0.0944 -0.5906, -0.4021 -0.1173 -0.5906, -0.4768 -0.1969 -0.5906, -0.4552 -0.1807 -0.5906, 0.4768 -0.1969 -0.5906, 0.4609 -0.1854 -0.5906, -0.4077 0.1266 -0.5906, 0.4077 -0.1266 -0.5906, -0.3771 0.0536 -0.5906, 0.3771 -0.0536 -0.5906, -0.3748 -0.0428 -0.5906, -0.3715 -0.0174 -0.5906, 0.3709 0.0 -0.5906, -0.3709 0.0 -0.5906, 0.3715 0.0174 -0.5906, 0.3748 0.0428 -0.5906, -0.8661 -0.1969 0.0, -0.2756 -0.1969 0.5906, 0.2756 -0.1969 0.5906, -0.8611 -0.1969 0.0771, -0.8536 -0.1969 0.115, -0.846 -0.1969 0.1528, -0.8212 -0.1969 0.226, -0.787 -0.1969 0.2953, -0.7656 -0.1969 0.3274, -0.7441 -0.1969 0.3595, -0.6932 -0.1969 0.4176, -0.6351 -0.1969 0.4685, -0.603 -0.1969 0.49, -0.5709 -0.1969 0.5114, -0.5016 -0.1969 0.5456, -0.4284 -0.1969 0.5704, -0.3906 -0.1969 0.578, -0.3527 -0.1969 0.5855, 0.3527 -0.1969 0.5855, 0.3906 -0.1969 0.578, 0.4284 -0.1969 0.5704, 0.5016 -0.1969 0.5456, 0.5709 -0.1969 0.5114, 0.603 -0.1969 0.49, 0.6351 -0.1969 0.4685, 0.6932 -0.1969 0.4176, 0.7441 -0.1969 0.3595, 0.7656 -0.1969 0.3274, 0.787 -0.1969 0.2953, 0.8212 -0.1969 0.226, 0.846 -0.1969 0.1528, 0.8536 -0.1969 0.115, 0.8611 -0.1969 0.0771, -0.6432 -0.659 0.0, -0.6458 -0.6569 0.0, -0.6632 -0.6424 -0.0193, -0.7014 -0.6061 0.0, -0.7175 -0.5871 -0.0831, -0.7174 -0.5871 0.0, -0.7277 -0.5768 -0.095, -0.75 -0.5486 0.0, -0.7806 -0.5013 0.0, -0.7909 -0.4853 0.0, -0.7819 -0.5009 -0.1826, -0.7813 -0.5017 -0.1816, -0.8272 -0.4056 -0.2927, -0.8237 -0.4166 -0.28, -0.8273 -0.4056 0.0, -0.8234 -0.4174 0.0, -0.8518 -0.3264 -0.3841, -0.847 -0.3459 0.0, -0.8551 -0.3029 -0.3864, -0.8554 -0.3029 0.0, -0.8613 -0.272 0.0, -0.8649 -0.2346 -0.3929, -0.525 -0.2173 -0.5902, -0.5003 -0.2082 -0.5904, 0.6659 -0.2618 -0.5854, -0.5496 -0.2236 -0.5899, -0.6289 -0.2289 -0.5897, -0.6659 -0.2618 -0.5854, -0.6561 -0.2256 -0.5899, -0.6685 -0.2346 -0.5893, -0.6689 -0.2231 -0.59, -0.6033 -0.2296 -0.5896, -0.5763 -0.2279 -0.5897, 0.5003 -0.2082 -0.5904, 0.525 -0.2173 -0.5902, 0.5496 -0.2236 -0.5899, 0.5763 -0.2279 -0.5897, 0.6033 -0.2296 -0.5896, 0.6289 -0.2289 -0.5897, 0.656 -0.2256 -0.5899, 0.6685 -0.2346 -0.5893, 0.6689 -0.2231 -0.59, 0.6597 -0.3264 -0.5762, -0.6597 -0.3264 -0.5762, -0.4272 -0.272 0.5658, -0.6322 -0.272 0.4647, -0.7829 -0.272 0.2929, -0.8563 -0.272 0.0765, -0.4764 -0.7354 0.1323, -0.4677 -0.7355 0.1474, -0.5205 -0.7003 0.1879, -0.338 -0.7583 0.172, -0.3224 -0.7589 0.173, -0.3383 -0.7355 0.2339, -0.3464 -0.7574 0.1704, -0.459 -0.7402 0.1406, -0.4577 -0.7406 0.1412, -0.4468 -0.7355 0.1712, -0.4931 -0.7308 0.1243, -0.5292 -0.7191 0.104, -0.5124 -0.7255 0.115, -0.5429 -0.7003 0.1543, -0.5674 -0.704 0.0778, -0.5623 -0.7066 0.0823, -0.5608 -0.7003 0.1181, -0.5748 -0.7002 0.0713, -0.5738 -0.7003 0.0799, -0.6062 -0.6843 0.0437, -0.6332 -0.6569 0.0958, -0.6063 -0.6842 0.0435, -0.2987 -0.7598 0.1744, -0.2756 -0.7606 0.1759, -0.3072 -0.7355 0.24, -0.2756 -0.7355 0.2421, -0.3159 -0.7003 0.306, -0.2756 -0.7186 0.274, -0.2756 -0.7003 0.3087, -0.2756 -0.6613 0.3641, -0.3239 -0.6569 0.3671, -0.2756 -0.6569 0.3702, -0.3312 -0.6061 0.4221, -0.6427 -0.6569 0.0483, -0.6977 -0.6061 0.0556, -0.7459 -0.5486 0.0619, -0.2756 -0.6061 0.4258, -0.2756 -0.5877 0.4413, -0.3375 -0.5486 0.4703, -0.7865 -0.4853 0.0673, -0.2756 -0.5486 0.4744, -0.2756 -0.5018 0.5047, -0.3428 -0.4853 0.5109, -0.2756 -0.4853 0.5153, -0.3471 -0.4174 0.5431, -0.8421 -0.3459 0.0746, -0.8187 -0.4174 0.0715, -0.2756 -0.4174 0.5478, -0.2756 -0.406 0.5516, -0.3502 -0.3459 0.5665, -0.8414 -0.272 0.1516, -0.8275 -0.3459 0.1479, -0.8047 -0.4174 0.1418, -0.7733 -0.4853 0.1334, -0.7338 -0.5486 0.1228, -0.6869 -0.6061 0.1102, -0.6176 -0.6569 0.1417, -0.669 -0.6061 0.1629, -0.7139 -0.5486 0.1815, -0.7517 -0.4853 0.1972, -0.7817 -0.4174 0.2096, -0.8035 -0.3459 0.2187, -0.8168 -0.272 0.2242, -0.5962 -0.6569 0.1851, -0.6443 -0.6061 0.2129, -0.6864 -0.5486 0.2372, -0.7218 -0.4853 0.2576, -0.75 -0.4174 0.2739, -0.7705 -0.3459 0.2857, -0.7403 -0.272 0.3566, -0.7289 -0.3459 0.3479, -0.7102 -0.4174 0.3335, -0.6844 -0.4853 0.3137, -0.6519 -0.5486 0.2888, -0.6134 -0.6061 0.2592, -0.5693 -0.6569 0.2254, -0.4939 -0.7003 0.2183, -0.5374 -0.6569 0.2618, -0.5767 -0.6061 0.3011, -0.611 -0.5486 0.3354, -0.64 -0.4853 0.3644, -0.663 -0.4174 0.3874, -0.6796 -0.3459 0.4041, -0.6898 -0.272 0.4142, -0.423 -0.7355 0.1921, -0.4635 -0.7003 0.2449, -0.501 -0.6569 0.2937, -0.5348 -0.6061 0.3378, -0.5644 -0.5486 0.3764, -0.5893 -0.4853 0.4088, -0.6091 -0.4174 0.4346, -0.6235 -0.3459 0.4533, -0.5685 -0.272 0.5073, -0.5613 -0.3459 0.4949, -0.5495 -0.4174 0.4744, -0.5332 -0.4853 0.4463, -0.5128 -0.5486 0.4108, -0.4885 -0.6061 0.3687, -0.4607 -0.6569 0.3206, -0.4299 -0.7003 0.2673, -0.3966 -0.7355 0.2097, -0.3682 -0.7355 0.2237, -0.3937 -0.7003 0.2852, -0.4173 -0.6569 0.3421, -0.4385 -0.6061 0.3934, -0.4571 -0.5486 0.4383, -0.4728 -0.4853 0.4761, -0.4852 -0.4174 0.5061, -0.4943 -0.3459 0.5279, -0.4997 -0.272 0.5412, -0.428 -0.7462 0.1509, -0.3991 -0.7516 0.1604, -0.3721 -0.7546 0.1655, -0.3555 -0.7003 0.2982, -0.3714 -0.6569 0.3576, -0.3858 -0.6061 0.4113, -0.3984 -0.5486 0.4582, -0.409 -0.4853 0.4977, -0.4174 -0.4174 0.5291, -0.4235 -0.3459 0.552, -0.352 -0.272 0.5807, -0.2756 -0.3459 0.5714, -0.2756 -0.303 0.5797, -0.2756 -0.272 0.5858, 0.8419 -0.3642 -0.3405, 0.8518 -0.3264 -0.3841, 0.8551 -0.3029 -0.3864, 0.8649 -0.2346 -0.3929, 0.8613 -0.272 0.0, 0.8554 -0.3029 0.0, 0.847 -0.3459 0.0, 0.8262 -0.4052 -0.2931, 0.8273 -0.4056 0.0, 0.8087 -0.4509 -0.2404, 0.8234 -0.4174 0.0, 0.7799 -0.501 -0.1825, 0.6458 -0.6569 0.0, 0.6432 -0.659 0.0, 0.7075 -0.5996 -0.0687, 0.7909 -0.4853 0.0, 0.7806 -0.5013 0.0, 0.7632 -0.53 -0.149, 0.75 -0.5486 0.0, 0.7175 -0.5872 -0.083, 0.7174 -0.5871 0.0, 0.7014 -0.6061 0.0, 0.2756 -0.272 0.5858, 0.2756 -0.303 0.5797, 0.2756 -0.3459 0.5714, 0.2756 -0.406 0.5516, 0.2756 -0.4174 0.5478, 0.2756 -0.4853 0.5153, 0.2756 -0.5018 0.5047, 0.2756 -0.5486 0.4744, 0.2756 -0.5877 0.4413, 0.2756 -0.6061 0.4258, 0.2756 -0.6569 0.3702, 0.2756 -0.6613 0.3641, 0.2756 -0.7003 0.3087, 0.2756 -0.7186 0.274, 0.2756 -0.7355 0.2421, 0.2756 -0.7606 0.1759, 0.8414 -0.272 0.1516, 0.7403 -0.272 0.3566, 0.5685 -0.272 0.5073, 0.352 -0.272 0.5807, 0.338 -0.7583 0.172, 0.3464 -0.7574 0.1704, 0.3682 -0.7355 0.2237, 0.4764 -0.7354 0.1323, 0.4931 -0.7308 0.1243, 0.5429 -0.7003 0.1543, 0.5124 -0.7255 0.115, 0.5292 -0.7191 0.104, 0.5608 -0.7003 0.1181, 0.6062 -0.6843 0.0437, 0.6063 -0.6842 0.0435, 0.6427 -0.6569 0.0483, 0.6977 -0.6061 0.0556, 0.5623 -0.7066 0.0823, 0.5674 -0.704 0.0778, 0.5738 -0.7003 0.0799, 0.5748 -0.7002 0.0713, 0.6332 -0.6569 0.0958, 0.2987 -0.7598 0.1744, 0.3072 -0.7355 0.24, 0.3159 -0.7003 0.306, 0.3239 -0.6569 0.3671, 0.3375 -0.5486 0.4703, 0.3312 -0.6061 0.4221, 0.7459 -0.5486 0.0619, 0.3428 -0.4853 0.5109, 0.7865 -0.4853 0.0673, 0.8187 -0.4174 0.0715, 0.3502 -0.3459 0.5665, 0.3471 -0.4174 0.5431, 0.8421 -0.3459 0.0746, 0.4272 -0.272 0.5658, 0.4235 -0.3459 0.552, 0.4174 -0.4174 0.5291, 0.409 -0.4853 0.4977, 0.3984 -0.5486 0.4582, 0.3858 -0.6061 0.4113, 0.3714 -0.6569 0.3576, 0.3555 -0.7003 0.2982, 0.3383 -0.7355 0.2339, 0.3224 -0.7589 0.173, 0.3937 -0.7003 0.2852, 0.4173 -0.6569 0.3421, 0.4385 -0.6061 0.3934, 0.4571 -0.5486 0.4383, 0.4728 -0.4853 0.4761, 0.4852 -0.4174 0.5061, 0.4943 -0.3459 0.5279, 0.4997 -0.272 0.5412, 0.3721 -0.7546 0.1655, 0.3966 -0.7355 0.2097, 0.4299 -0.7003 0.2673, 0.4607 -0.6569 0.3206, 0.4885 -0.6061 0.3687, 0.5128 -0.5486 0.4108, 0.5332 -0.4853 0.4463, 0.5495 -0.4174 0.4744, 0.5613 -0.3459 0.4949, 0.6322 -0.272 0.4647, 0.6235 -0.3459 0.4533, 0.6091 -0.4174 0.4346, 0.5893 -0.4853 0.4088, 0.5644 -0.5486 0.3764, 0.5348 -0.6061 0.3378, 0.501 -0.6569 0.2937, 0.4635 -0.7003 0.2449, 0.423 -0.7355 0.1921, 0.3991 -0.7516 0.1604, 0.428 -0.7462 0.1509, 0.4468 -0.7355 0.1712, 0.4939 -0.7003 0.2183, 0.5374 -0.6569 0.2618, 0.5767 -0.6061 0.3011, 0.611 -0.5486 0.3354, 0.64 -0.4853 0.3644, 0.663 -0.4174 0.3874, 0.6796 -0.3459 0.4041, 0.6898 -0.272 0.4142, 0.4577 -0.7406 0.1412, 0.4677 -0.7355 0.1474, 0.5205 -0.7003 0.1879, 0.5693 -0.6569 0.2254, 0.6134 -0.6061 0.2592, 0.6519 -0.5486 0.2888, 0.6844 -0.4853 0.3137, 0.7102 -0.4174 0.3335, 0.7289 -0.3459 0.3479, 0.7829 -0.272 0.2929, 0.7705 -0.3459 0.2857, 0.75 -0.4174 0.2739, 0.7218 -0.4853 0.2576, 0.6864 -0.5486 0.2372, 0.6443 -0.6061 0.2129, 0.5962 -0.6569 0.1851, 0.459 -0.7402 0.1406, 0.6176 -0.6569 0.1417, 0.669 -0.6061 0.1629, 0.7139 -0.5486 0.1815, 0.7517 -0.4853 0.1972, 0.7817 -0.4174 0.2096, 0.8035 -0.3459 0.2187, 0.8168 -0.272 0.2242, 0.6869 -0.6061 0.1102, 0.7338 -0.5486 0.1228, 0.7733 -0.4853 0.1334, 0.8047 -0.4174 0.1418, 0.8275 -0.3459 0.1479, 0.8563 -0.272 0.0765, -0.8393 -0.3364 -0.4412, -0.8433 -0.3353 -0.4324, -0.8581 -0.2374 -0.4436, -0.7069 -0.2017 -0.5869, -0.7192 -0.2374 -0.5825, -0.6969 -0.209 -0.5885, -0.6833 -0.2169 -0.5897, -0.7665 -0.2391 -0.5628, -0.8071 -0.2398 -0.5315, -0.8383 -0.2391 -0.4909, -0.6932 -0.3326 -0.5703, -0.7873 -0.3426 -0.5207, -0.7911 -0.3428 -0.5177, -0.708 -0.3353 -0.5677, -0.7251 -0.3375 -0.56, -0.7532 -0.341 -0.5475, -0.7566 -0.3411 -0.5447, -0.7924 -0.3429 -0.5168, -0.8158 -0.3414 -0.4868, -0.8231 -0.341 -0.4776, -0.836 -0.3374 -0.4486, 0.8433 -0.3353 -0.4324, 0.7192 -0.2374 -0.5825, 0.6803 -0.2183 -0.5898, 0.7 -0.2069 -0.588, 0.6865 -0.2152 -0.5895, 0.8581 -0.2374 -0.4436, 0.8383 -0.2391 -0.4909, 0.8071 -0.2398 -0.5315, 0.7665 -0.2391 -0.5628, 0.8393 -0.3364 -0.4412, 0.836 -0.3374 -0.4486, 0.7924 -0.3429 -0.5168, 0.8158 -0.3414 -0.4868, 0.8231 -0.341 -0.4776, 0.7911 -0.3428 -0.5177, 0.7873 -0.3426 -0.5207, 0.7566 -0.3411 -0.5447, 0.7532 -0.341 -0.5475, 0.7251 -0.3375 -0.56, 0.6932 -0.3326 -0.5703, 0.708 -0.3353 -0.5677, 0.6532 0.4789 -0.4389, 0.6597 0.4537 -0.4825, -0.6597 0.4537 -0.4825, -0.2756 0.7432 0.0188, 0.2756 0.7432 0.0188, 0.631 0.5367 -0.3388, 0.6007 0.5894 -0.2474, -0.641 0.5138 -0.3784, -0.6131 0.57 -0.2811, -0.577 0.6206 -0.1934, -0.496 0.6923 -0.0693, -0.4667 0.7071 -0.0436, -0.4335 0.7197 -0.0217, -0.534 0.6643 -0.1177, -0.5207 0.6755 -0.0984, -0.3172 0.7417 0.0162, -0.3579 0.7372 0.0085, -0.397 0.7298 -0.0043, 0.397 0.7298 -0.0043, 0.4335 0.7197 -0.0217, 0.4667 0.7071 -0.0436, 0.3172 0.7417 0.0162, 0.5207 0.6755 -0.0984, 0.5636 0.6358 -0.1671, 0.3579 0.7372 0.0085, 0.496 0.6923 -0.0693, 0.6597 0.3513 -0.5688, -0.6597 0.3513 -0.5688, 0.6597 0.3643 -0.5622, -0.6597 0.3643 -0.5622, 0.6597 0.3918 -0.5483, -0.6597 0.3918 -0.5483, 0.6597 0.3993 -0.542, -0.6597 0.3993 -0.542, 0.6597 0.4266 -0.519, -0.6597 0.4266 -0.519, 0.6597 0.4295 -0.5151, -0.6597 0.4295 -0.5151, 0.6806 0.3931 -0.5461, 0.6704 0.4272 -0.5179, 0.6806 0.4291 -0.5146, 0.8064 0.3574 -0.4924, 0.763 0.3782 -0.5222, 0.6897 0.3531 -0.5657, 0.8384 0.3403 -0.4437, 0.8157 0.3757 -0.4608, 0.7045 0.4463 -0.4849, 0.7043 0.4517 -0.4756, 0.7179 0.3584 -0.5564, 0.7003 0.3968 -0.5397, 0.7428 0.367 -0.5417, 0.7177 0.4028 -0.5293, 0.6895 0.4322 -0.5093, 0.6967 0.4362 -0.5023, 0.7318 0.4106 -0.5157, 0.7771 0.3916 -0.4991, 0.7417 0.4199 -0.4996, 0.7018 0.441 -0.494, 0.7045 0.4516 -0.4755, 0.7465 0.4409 -0.4639, 0.7468 0.4301 -0.4819, 0.7842 0.4217 -0.4479, 0.7846 0.4062 -0.4737, 0.8386 0.3618 -0.4063, 0.8382 0.3629 -0.407, 0.8153 0.3953 -0.4286, 0.7848 0.4212 -0.4476, -0.7417 0.4199 -0.4996, -0.7018 0.441 -0.494, -0.6967 0.4362 -0.5023, -0.6806 0.4291 -0.5146, -0.6895 0.4322 -0.5093, -0.6704 0.4272 -0.5179, -0.8384 0.3403 -0.4437, -0.8386 0.3618 -0.4063, -0.8157 0.3757 -0.4608, -0.8064 0.3574 -0.4924, -0.7771 0.3916 -0.4991, -0.763 0.3782 -0.5222, -0.7428 0.367 -0.5417, -0.7179 0.3584 -0.5564, -0.6897 0.3531 -0.5657, -0.7043 0.4517 -0.4756, -0.7045 0.4463 -0.4849, -0.7045 0.4516 -0.4755, -0.7468 0.4301 -0.4819, -0.7465 0.4409 -0.4639, -0.7318 0.4106 -0.5157, -0.7177 0.4028 -0.5293, -0.7003 0.3968 -0.5397, -0.6806 0.3931 -0.5461, -0.7842 0.4217 -0.4479, -0.7846 0.4062 -0.4737, -0.7848 0.4212 -0.4476, -0.8153 0.3953 -0.4286, -0.8382 0.3629 -0.407, 0.8269 0.3982 -0.3627, 0.6957 0.4779 -0.4311, 0.7363 0.4687 -0.4188, 0.8035 0.4279 -0.3838, 0.7912 0.4787 -0.2612, 0.7446 0.5517 -0.1688, 0.6687 0.5378 -0.3291, 0.6334 0.5924 -0.2362, 0.5914 0.6402 -0.1547, 0.7674 0.5021 -0.2813, 0.7216 0.5693 -0.188, 0.6681 0.6278 -0.1062, 0.6894 0.6155 -0.0877, 0.5435 0.681 -0.085, 0.5547 0.6822 -0.0775, 0.7049 0.5323 -0.3159, 0.6651 0.5899 -0.2222, 0.6185 0.6403 -0.1402, 0.566 0.6833 -0.07, 0.7728 0.4518 -0.4028, 0.7383 0.5202 -0.2998, 0.6948 0.5821 -0.206, 0.6443 0.6362 -0.1239, 0.5875 0.6821 -0.0537, 0.6265 0.6699 -0.0184, 0.6172 0.6738 -0.0274, 0.6079 0.6777 -0.0364, -0.5435 0.681 -0.085, -0.5822 0.6712 -0.0897, -0.566 0.6833 -0.07, -0.5547 0.6822 -0.0775, -0.5875 0.6821 -0.0537, -0.6079 0.6777 -0.0364, -0.6051 0.6693 -0.0734, -0.646 0.6547 -0.0378, -0.6265 0.6699 -0.0184, -0.6172 0.6738 -0.0274, -0.7092 0.5947 -0.1142, -0.6352 0.6239 -0.167, -0.6624 0.6185 -0.1507, -0.6812 0.5687 -0.2567, -0.7124 0.5594 -0.2405, -0.7187 0.5072 -0.3566, -0.7534 0.4932 -0.3405, -0.8071 0.4469 -0.3014, -0.7636 0.5249 -0.2028, -0.5584 0.6696 -0.1046, -0.6065 0.6246 -0.1813, -0.6478 0.5723 -0.2704, -0.6807 0.5141 -0.3694, -0.6265 0.6637 -0.056, -0.6873 0.6087 -0.133, -0.7401 0.5446 -0.2224, -0.7833 0.4728 -0.3218, 0.5267 0.7017 -0.0446, 0.5561 0.7035 -0.0167, 0.583 0.6976 0.0132, 0.3694 0.7529 0.0441, 0.323 0.758 0.0529, 0.3804 0.7607 0.0824, 0.3285 0.7664 0.0922, 0.3904 0.7603 0.1217, 0.3336 0.7665 0.1325, 0.5422 0.7184 0.0491, 0.5189 0.7225 0.0161, 0.4934 0.7187 -0.0152, 0.4555 0.733 0.0097, 0.4766 0.7385 0.0439, 0.4958 0.736 0.0795, 0.4449 0.75 0.1039, 0.4301 0.7514 0.0661, 0.4139 0.7445 0.0296, 0.2756 0.7686 0.1361, 0.2756 0.7683 0.0955, 0.2756 0.7597 0.0559, -0.4958 0.736 0.0795, -0.3336 0.7665 0.1325, -0.2756 0.7686 0.1361, -0.3694 0.7529 0.0441, -0.4139 0.7445 0.0296, -0.3804 0.7607 0.0824, -0.5267 0.7017 -0.0446, -0.323 0.758 0.0529, -0.3285 0.7664 0.0922, -0.5561 0.7035 -0.0167, -0.4301 0.7514 0.0661, -0.4449 0.75 0.1039, -0.3904 0.7603 0.1217, -0.4934 0.7187 -0.0152, -0.5189 0.7225 0.0161, -0.5422 0.7184 0.0491, -0.583 0.6976 0.0132, -0.2756 0.7683 0.0955, -0.2756 0.7597 0.0559, -0.4766 0.7385 0.0439, -0.4555 0.733 0.0097, 0.7043 -0.4517 -0.4756, 0.7045 -0.4463 -0.4849, 0.7018 -0.441 -0.494, 0.6967 -0.4362 -0.5023, 0.6895 -0.4322 -0.5093, 0.6806 -0.4291 -0.5146, 0.7468 -0.4301 -0.4819, 0.7465 -0.4409 -0.4639, 0.7045 -0.4516 -0.4755, 0.6597 -0.3643 -0.5622, 0.6597 -0.3513 -0.5688, 0.6897 -0.3531 -0.5657, 0.8157 -0.3757 -0.4608, 0.8153 -0.3953 -0.4286, 0.7848 -0.4212 -0.4476, 0.8386 -0.3618 -0.4063, 0.8064 -0.3574 -0.4924, 0.8384 -0.3403 -0.4437, 0.7771 -0.3916 -0.4991, 0.763 -0.3782 -0.5222, 0.7428 -0.367 -0.5417, 0.7179 -0.3584 -0.5564, 0.8382 -0.3629 -0.407, 0.6597 -0.3993 -0.542, 0.6597 -0.3918 -0.5483, 0.6806 -0.3931 -0.5461, 0.7846 -0.4062 -0.4737, 0.7842 -0.4217 -0.4479, 0.7003 -0.3968 -0.5397, 0.7177 -0.4028 -0.5293, 0.7318 -0.4106 -0.5157, 0.7417 -0.4199 -0.4996, 0.6597 -0.4295 -0.5151, 0.6704 -0.4272 -0.5179, 0.6597 -0.4266 -0.519, 0.7363 -0.4687 -0.4188, 0.7728 -0.4518 -0.4028, 0.8269 -0.3982 -0.3627, 0.8035 -0.4279 -0.3838, 0.6957 -0.4779 -0.4311, 0.7912 -0.4787 -0.2612, 0.7674 -0.5021 -0.2813, 0.7383 -0.5202 -0.2998, 0.7049 -0.5323 -0.3159, 0.7446 -0.5517 -0.1688, 0.7216 -0.5693 -0.188, 0.6948 -0.5821 -0.206, 0.6651 -0.5899 -0.2222, 0.6894 -0.6155 -0.0877, 0.6681 -0.6278 -0.1062, 0.6443 -0.6362 -0.1239, 0.6185 -0.6403 -0.1402, 0.6265 -0.6699 -0.0184, 0.6172 -0.6738 -0.0274, 0.6079 -0.6777 -0.0364, 0.5875 -0.6821 -0.0537, 0.566 -0.6833 -0.07, 0.5547 -0.6822 -0.0775, 0.6687 -0.5378 -0.3291, 0.6334 -0.5924 -0.2362, 0.5914 -0.6402 -0.1547, 0.5435 -0.681 -0.085, 0.6532 -0.4789 -0.4389, 0.631 -0.5367 -0.3388, 0.6007 -0.5894 -0.2474, 0.5636 -0.6358 -0.1671, -0.6597 -0.3513 -0.5688, -0.6597 -0.3643 -0.5622, -0.6597 -0.3918 -0.5483, -0.6597 -0.3993 -0.542, -0.6597 -0.4266 -0.519, -0.6597 -0.4295 -0.5151, 0.583 -0.6976 0.0132, 0.5422 -0.7184 0.0491, 0.4958 -0.736 0.0795, 0.4449 -0.75 0.1039, 0.3904 -0.7603 0.1217, 0.3336 -0.7665 0.1325, 0.2756 -0.7686 0.1361, 0.5561 -0.7035 -0.0167, 0.5189 -0.7225 0.0161, 0.4766 -0.7385 0.0439, 0.4301 -0.7514 0.0661, 0.3804 -0.7607 0.0824, 0.3285 -0.7664 0.0922, 0.2756 -0.7683 0.0955, 0.5267 -0.7017 -0.0446, 0.4934 -0.7187 -0.0152, 0.4555 -0.733 0.0097, 0.4139 -0.7445 0.0296, 0.3694 -0.7529 0.0441, 0.323 -0.758 0.0529, 0.2756 -0.7597 0.0559, 0.496 -0.6923 -0.0693, 0.4667 -0.7071 -0.0436, 0.4335 -0.7197 -0.0217, 0.397 -0.7298 -0.0043, 0.3579 -0.7372 0.0085, 0.3172 -0.7417 0.0162, -0.6704 -0.4272 -0.5179, -0.6967 -0.4362 -0.5023, -0.6895 -0.4322 -0.5093, -0.8064 -0.3574 -0.4924, -0.6897 -0.3531 -0.5657, -0.763 -0.3782 -0.5222, -0.7771 -0.3916 -0.4991, -0.7417 -0.4199 -0.4996, -0.8384 -0.3403 -0.4437, -0.8157 -0.3757 -0.4608, -0.8386 -0.3618 -0.4063, -0.8382 -0.3629 -0.407, -0.8153 -0.3953 -0.4286, -0.7846 -0.4062 -0.4737, -0.7045 -0.4463 -0.4849, -0.7465 -0.4409 -0.4639, -0.7468 -0.4301 -0.4819, -0.7842 -0.4217 -0.4479, -0.7848 -0.4212 -0.4476, -0.6806 -0.3931 -0.5461, -0.7177 -0.4028 -0.5293, -0.7179 -0.3584 -0.5564, -0.7003 -0.3968 -0.5397, -0.6806 -0.4291 -0.5146, -0.7043 -0.4517 -0.4756, -0.7045 -0.4516 -0.4755, -0.7428 -0.367 -0.5417, -0.7318 -0.4106 -0.5157, -0.7018 -0.441 -0.494, -0.2756 -0.7686 0.1361, -0.2756 -0.7683 0.0955, -0.2756 -0.7597 0.0559, -0.5547 -0.6822 -0.0775, -0.566 -0.6833 -0.07, -0.5822 -0.6712 -0.0897, -0.6265 -0.6699 -0.0184, -0.6265 -0.6637 -0.056, -0.6079 -0.6777 -0.0364, -0.6172 -0.6738 -0.0274, -0.5875 -0.6821 -0.0537, -0.6051 -0.6693 -0.0734, -0.5584 -0.6696 -0.1046, -0.5435 -0.681 -0.085, -0.646 -0.6547 -0.0378, -0.7092 -0.5947 -0.1142, -0.7636 -0.5249 -0.2028, -0.6873 -0.6087 -0.133, -0.6624 -0.6185 -0.1507, -0.7401 -0.5446 -0.2224, -0.7124 -0.5594 -0.2405, -0.7833 -0.4728 -0.3218, -0.7534 -0.4932 -0.3405, -0.6352 -0.6239 -0.167, -0.6812 -0.5687 -0.2567, -0.7187 -0.5072 -0.3566, -0.8071 -0.4469 -0.3014, -0.6065 -0.6246 -0.1813, -0.6478 -0.5723 -0.2704, -0.6807 -0.5141 -0.3694, -0.534 -0.6643 -0.1177, -0.577 -0.6206 -0.1934, -0.6131 -0.57 -0.2811, -0.641 -0.5138 -0.3784, -0.323 -0.758 0.0529, -0.3285 -0.7664 0.0922, -0.3336 -0.7665 0.1325, -0.3904 -0.7603 0.1217, -0.4449 -0.75 0.1039, -0.4958 -0.736 0.0795, -0.5422 -0.7184 0.0491, -0.583 -0.6976 0.0132, -0.5561 -0.7035 -0.0167, -0.5189 -0.7225 0.0161, -0.4766 -0.7385 0.0439, -0.4301 -0.7514 0.0661, -0.3804 -0.7607 0.0824, -0.3694 -0.7529 0.0441, -0.4139 -0.7445 0.0296, -0.4555 -0.733 0.0097, -0.4934 -0.7187 -0.0152, -0.5267 -0.7017 -0.0446, -0.3172 -0.7417 0.0162, -0.3579 -0.7372 0.0085, -0.397 -0.7298 -0.0043, -0.4335 -0.7197 -0.0217, -0.4667 -0.7071 -0.0436, -0.496 -0.6923 -0.0693, -0.496 -0.6923 -0.0693
            ]
        }
        coordIndex [
            0,1,2,-1,3,4,5,-1,6,7,8,-1,9,10,11,-1,12,13,14,-1,15,16,17,-1,18,19,20,-1,20,19,3,-1,21,22,20,-1,20,22,23,-1,23,24,20,-1,20,24,25,-1,20,25,18,-1,26,27,28,-1,28,27,29,-1,28,29,30,-1,30,29,31,-1,30,31,32,-1,33,34,35,-1,36,37,38,-1,38,37,26,-1,38,26,39,-1,39,26,28,-1,36,33,37,-1,37,33,35,-1,37,35,40,-1,41,42,35,-1,35,42,43,-1,35,43,44,-1,35,45,40,-1,40,45,46,-1,40,46,47,-1,47,46,48,-1,47,48,49,-1,44,50,35,-1,35,50,51,-1,35,51,45,-1,52,53,54,-1,52,54,55,-1,53,56,54,-1,54,56,57,-1,54,57,58,-1,58,57,59,-1,59,60,58,-1,58,60,61,-1,58,61,41,-1,41,61,62,-1,41,62,42,-1,63,64,65,-1,66,55,67,-1,67,55,54,-1,67,54,68,-1,68,54,63,-1,68,63,69,-1,69,63,65,-1,64,63,70,-1,70,63,71,-1,70,71,72,-1,72,71,73,-1,73,71,74,-1,73,74,75,-1,0,76,1,-1,1,76,77,-1,1,77,78,-1,78,79,1,-1,1,79,80,-1,1,80,81,-1,82,83,4,-1,84,85,86,-1,87,88,0,-1,89,90,91,-1,91,90,92,-1,84,86,93,-1,87,0,94,-1,95,96,90,-1,90,96,97,-1,90,97,98,-1,4,83,0,-1,0,83,99,-1,0,99,94,-1,85,100,86,-1,86,100,101,-1,86,101,102,-1,103,104,105,-1,105,104,106,-1,105,106,107,-1,108,98,109,-1,109,98,110,-1,109,110,105,-1,105,110,111,-1,105,111,103,-1,108,112,98,-1,98,112,113,-1,98,113,90,-1,90,113,114,-1,90,114,92,-1,115,116,117,-1,117,116,118,-1,117,118,86,-1,86,118,119,-1,86,119,93,-1,120,121,86,-1,86,121,122,-1,86,122,90,-1,90,122,123,-1,90,123,95,-1,124,125,76,-1,76,125,126,-1,76,126,127,-1,127,128,76,-1,76,128,129,-1,76,129,130,-1,130,129,115,-1,130,115,131,-1,131,115,117,-1,88,132,0,-1,0,132,133,-1,0,133,76,-1,76,133,134,-1,76,134,124,-1,102,135,86,-1,86,135,136,-1,86,136,137,-1,137,138,86,-1,86,138,139,-1,86,139,120,-1,140,141,142,-1,142,98,140,-1,140,98,97,-1,140,97,143,-1,143,97,144,-1,144,145,143,-1,143,145,146,-1,143,146,147,-1,148,149,150,-1,149,151,150,-1,150,151,152,-1,150,152,153,-1,154,150,155,-1,141,140,154,-1,154,140,156,-1,154,156,150,-1,150,156,157,-1,150,157,148,-1,155,158,154,-1,154,158,159,-1,154,159,160,-1,153,152,161,-1,161,152,162,-1,161,162,163,-1,163,162,164,-1,163,164,165,-1,166,167,160,-1,160,167,168,-1,160,168,154,-1,19,169,3,-1,3,169,170,-1,3,170,4,-1,4,170,171,-1,4,171,82,-1,172,173,174,-1,174,173,175,-1,172,176,177,-1,177,176,178,-1,179,180,181,-1,181,180,182,-1,182,180,183,-1,183,180,172,-1,183,172,184,-1,184,172,177,-1,184,177,17,-1,17,177,185,-1,17,185,15,-1,173,186,175,-1,175,186,187,-1,175,187,188,-1,188,187,189,-1,190,191,192,-1,192,191,193,-1,194,195,196,-1,197,198,199,-1,199,198,194,-1,200,201,202,-1,202,203,204,-1,205,206,207,-1,207,206,208,-1,209,210,211,-1,212,213,195,-1,195,213,214,-1,190,215,191,-1,191,215,216,-1,191,216,217,-1,217,216,211,-1,217,211,218,-1,218,211,210,-1,214,219,195,-1,195,219,220,-1,195,220,196,-1,201,221,202,-1,202,221,222,-1,202,222,203,-1,223,224,225,-1,204,226,202,-1,202,226,227,-1,202,227,206,-1,206,227,193,-1,206,193,208,-1,208,193,191,-1,228,229,230,-1,223,225,231,-1,205,232,206,-1,206,232,233,-1,206,233,234,-1,235,236,211,-1,211,236,237,-1,211,237,238,-1,239,198,240,-1,228,230,197,-1,225,241,231,-1,231,241,239,-1,231,239,242,-1,242,239,240,-1,238,243,211,-1,211,243,244,-1,211,244,209,-1,230,245,197,-1,197,245,246,-1,197,246,198,-1,198,246,247,-1,198,247,240,-1,248,249,250,-1,250,249,251,-1,252,253,14,-1,254,255,256,-1,256,255,257,-1,256,257,258,-1,259,260,14,-1,14,260,261,-1,258,262,256,-1,256,262,263,-1,256,263,264,-1,264,263,265,-1,264,265,252,-1,266,267,253,-1,253,267,268,-1,253,268,14,-1,14,268,269,-1,14,269,259,-1,261,270,14,-1,14,270,271,-1,14,271,12,-1,272,273,274,-1,274,273,275,-1,274,275,276,-1,274,277,272,-1,272,277,278,-1,272,278,279,-1,279,280,272,-1,272,280,281,-1,272,281,282,-1,282,281,283,-1,282,283,284,-1,284,283,285,-1,284,285,253,-1,253,285,286,-1,253,286,266,-1,287,288,276,-1,276,288,289,-1,276,289,274,-1,290,291,229,-1,229,291,292,-1,229,292,230,-1,290,293,291,-1,291,293,294,-1,291,294,295,-1,295,294,296,-1,295,297,298,-1,296,299,295,-1,295,299,300,-1,295,300,301,-1,301,302,295,-1,295,302,303,-1,295,303,297,-1,298,304,295,-1,295,304,305,-1,295,305,306,-1,307,308,309,-1,309,308,310,-1,309,310,311,-1,312,313,314,-1,314,313,315,-1,314,315,316,-1,316,315,317,-1,308,318,310,-1,310,318,319,-1,310,319,320,-1,320,319,321,-1,320,321,322,-1,323,324,325,-1,326,327,328,-1,328,327,329,-1,328,329,330,-1,323,325,331,-1,332,333,320,-1,334,335,322,-1,333,336,320,-1,320,336,337,-1,320,337,323,-1,323,337,338,-1,323,338,324,-1,334,322,339,-1,329,340,330,-1,330,340,341,-1,330,341,322,-1,322,341,342,-1,322,342,339,-1,335,343,322,-1,322,343,344,-1,322,344,320,-1,320,344,345,-1,320,345,332,-1,328,346,347,-1,347,346,348,-1,325,326,331,-1,331,326,328,-1,331,328,349,-1,349,328,347,-1,350,351,352,-1,352,351,353,-1,354,331,355,-1,355,331,349,-1,355,349,11,-1,11,349,356,-1,11,356,9,-1,357,358,359,-1,353,351,354,-1,354,351,360,-1,354,360,331,-1,331,360,361,-1,331,361,359,-1,359,361,362,-1,359,362,357,-1,348,346,363,-1,363,346,364,-1,363,364,357,-1,365,366,315,-1,315,366,322,-1,315,322,317,-1,317,322,321,-1,313,367,315,-1,315,367,368,-1,315,368,369,-1,369,370,315,-1,315,370,371,-1,315,371,365,-1,372,373,174,-1,374,375,376,-1,172,174,176,-1,176,174,373,-1,176,373,377,-1,176,378,379,-1,376,380,374,-1,374,380,381,-1,374,381,382,-1,375,374,383,-1,383,374,378,-1,383,378,384,-1,385,386,378,-1,378,386,387,-1,378,387,384,-1,377,388,176,-1,176,388,389,-1,176,389,378,-1,378,389,390,-1,378,390,385,-1,312,176,391,-1,391,176,379,-1,391,379,392,-1,392,379,393,-1,392,393,394,-1,374,392,395,-1,395,392,394,-1,395,394,396,-1,396,394,397,-1,398,399,392,-1,400,401,399,-1,34,402,35,-1,35,402,403,-1,35,403,41,-1,41,403,404,-1,41,404,58,-1,58,404,405,-1,58,405,54,-1,54,405,406,-1,54,406,63,-1,63,406,407,-1,63,407,71,-1,408,409,364,-1,364,409,410,-1,411,412,358,-1,412,413,358,-1,358,413,414,-1,358,414,415,-1,416,417,411,-1,357,364,358,-1,358,364,410,-1,358,410,411,-1,411,410,418,-1,411,418,416,-1,417,419,411,-1,411,419,420,-1,411,420,421,-1,422,423,424,-1,421,425,411,-1,411,425,426,-1,411,426,427,-1,427,426,428,-1,428,426,424,-1,424,426,429,-1,424,429,422,-1,423,430,424,-1,424,430,431,-1,424,431,432,-1,432,433,424,-1,424,433,434,-1,424,434,435,-1,435,434,436,-1,7,437,438,-1,438,437,439,-1,438,439,440,-1,8,441,442,-1,442,443,8,-1,8,443,444,-1,8,444,6,-1,445,446,447,-1,448,449,450,-1,450,449,451,-1,450,451,8,-1,8,451,452,-1,8,452,441,-1,453,454,455,-1,455,454,456,-1,455,456,457,-1,458,459,206,-1,206,459,460,-1,206,460,455,-1,455,460,461,-1,455,461,453,-1,224,223,234,-1,234,223,254,-1,234,254,206,-1,206,254,256,-1,206,256,458,-1,462,251,463,-1,463,251,249,-1,463,249,464,-1,200,202,465,-1,465,202,464,-1,465,464,466,-1,466,464,196,-1,196,464,249,-1,196,249,194,-1,194,249,248,-1,194,248,199,-1,467,468,469,-1,178,176,470,-1,470,176,471,-1,470,471,189,-1,189,471,469,-1,189,469,188,-1,188,469,468,-1,188,468,472,-1,473,474,475,-1,469,476,467,-1,467,476,477,-1,467,477,478,-1,478,477,473,-1,478,473,479,-1,479,473,475,-1,480,481,14,-1,14,481,482,-1,252,14,264,-1,264,14,482,-1,264,482,476,-1,476,482,483,-1,476,483,477,-1,484,481,485,-1,485,481,480,-1,485,480,486,-1,487,488,489,-1,490,491,480,-1,480,491,492,-1,480,492,486,-1,462,463,13,-1,13,463,487,-1,13,487,14,-1,14,487,489,-1,14,489,480,-1,480,489,493,-1,480,493,494,-1,495,496,497,-1,497,496,498,-1,497,498,487,-1,487,498,499,-1,487,499,488,-1,494,500,480,-1,480,500,501,-1,480,501,490,-1,502,503,504,-1,503,505,504,-1,504,505,506,-1,504,506,497,-1,497,506,507,-1,497,507,495,-1,508,509,447,-1,447,509,510,-1,511,450,20,-1,446,448,447,-1,447,448,450,-1,447,450,508,-1,508,450,511,-1,508,511,512,-1,5,447,3,-1,3,447,510,-1,3,510,20,-1,20,510,513,-1,20,513,511,-1,514,515,516,-1,515,514,517,-1,517,514,5,-1,517,5,518,-1,519,520,521,-1,521,520,517,-1,521,517,522,-1,522,517,518,-1,522,518,523,-1,523,518,524,-1,2,514,0,-1,0,514,516,-1,0,516,4,-1,4,516,525,-1,4,525,5,-1,5,525,526,-1,5,526,518,-1,7,438,8,-1,8,438,527,-1,8,527,450,-1,450,527,30,-1,450,30,20,-1,20,30,32,-1,20,32,21,-1,2,464,514,-1,514,464,202,-1,514,202,5,-1,5,202,206,-1,5,206,447,-1,447,206,455,-1,447,455,445,-1,445,455,457,-1,366,528,322,-1,322,528,529,-1,322,529,330,-1,330,529,530,-1,330,530,328,-1,328,530,531,-1,328,531,346,-1,346,531,440,-1,346,440,364,-1,364,440,439,-1,364,439,408,-1,314,311,312,-1,312,311,310,-1,312,310,176,-1,176,310,320,-1,176,320,471,-1,471,320,323,-1,471,323,469,-1,469,323,331,-1,469,331,476,-1,476,331,359,-1,476,359,264,-1,264,359,358,-1,264,358,256,-1,256,358,415,-1,256,415,458,-1,382,532,374,-1,374,532,372,-1,374,372,392,-1,392,372,174,-1,392,174,398,-1,398,174,175,-1,398,175,533,-1,533,175,188,-1,533,188,504,-1,504,188,472,-1,504,472,502,-1,399,398,400,-1,400,398,533,-1,400,533,534,-1,534,533,504,-1,534,504,535,-1,535,504,497,-1,535,497,536,-1,536,497,487,-1,536,487,537,-1,537,487,463,-1,537,463,538,-1,538,463,464,-1,538,464,539,-1,539,464,2,-1,539,2,540,-1,540,2,1,-1,540,1,74,-1,74,1,81,-1,74,81,75,-1,541,542,543,-1,543,544,541,-1,541,544,545,-1,541,545,546,-1,546,547,541,-1,541,547,548,-1,541,548,549,-1,549,548,550,-1,549,550,551,-1,552,553,554,-1,554,553,555,-1,554,555,556,-1,556,555,557,-1,556,557,558,-1,558,559,556,-1,556,559,560,-1,556,560,561,-1,562,563,564,-1,564,563,565,-1,565,566,564,-1,564,566,567,-1,564,567,568,-1,542,541,568,-1,568,541,569,-1,568,569,564,-1,570,571,572,-1,570,572,552,-1,572,573,552,-1,552,573,574,-1,552,574,575,-1,575,576,552,-1,552,576,577,-1,552,577,553,-1,561,562,556,-1,556,562,564,-1,556,564,578,-1,578,564,579,-1,578,579,580,-1,580,579,581,-1,580,581,582,-1,582,581,583,-1,582,583,584,-1,584,583,585,-1,584,585,586,-1,586,585,587,-1,586,587,588,-1,587,589,588,-1,588,589,590,-1,588,590,591,-1,592,593,594,-1,595,596,597,-1,597,598,595,-1,595,598,599,-1,595,599,600,-1,600,601,595,-1,595,601,602,-1,595,602,603,-1,603,602,604,-1,603,604,605,-1,606,607,608,-1,608,607,609,-1,608,609,610,-1,610,609,611,-1,610,611,612,-1,612,613,610,-1,610,613,614,-1,610,614,615,-1,616,617,618,-1,618,617,619,-1,619,620,618,-1,618,620,621,-1,618,621,622,-1,596,595,622,-1,622,595,623,-1,622,623,618,-1,624,625,626,-1,624,626,606,-1,626,627,606,-1,606,627,628,-1,606,628,629,-1,629,630,606,-1,606,630,631,-1,606,631,607,-1,615,616,610,-1,610,616,618,-1,610,618,632,-1,632,618,633,-1,632,633,634,-1,634,633,635,-1,634,635,636,-1,636,635,637,-1,636,637,638,-1,638,637,639,-1,638,639,640,-1,640,639,641,-1,640,641,594,-1,594,641,642,-1,594,642,592,-1,643,644,645,-1,644,643,646,-1,647,648,649,-1,650,651,652,-1,653,654,655,-1,656,657,658,-1,659,660,661,-1,662,663,664,-1,662,664,665,-1,659,661,666,-1,656,658,667,-1,668,669,670,-1,671,672,673,-1,674,675,676,-1,676,675,677,-1,676,677,678,-1,679,680,681,-1,681,680,682,-1,681,682,683,-1,683,682,684,-1,683,684,685,-1,645,686,643,-1,643,686,687,-1,643,687,688,-1,685,684,689,-1,689,684,690,-1,689,690,691,-1,687,692,688,-1,688,692,693,-1,688,693,694,-1,694,693,695,-1,694,695,696,-1,691,690,697,-1,697,690,698,-1,697,698,699,-1,699,698,700,-1,699,700,701,-1,695,702,696,-1,696,702,703,-1,696,703,704,-1,701,700,705,-1,705,700,706,-1,705,706,707,-1,708,646,709,-1,709,646,643,-1,709,643,710,-1,710,643,688,-1,710,688,711,-1,711,688,694,-1,711,694,712,-1,712,694,696,-1,712,696,713,-1,713,696,704,-1,713,704,714,-1,714,704,715,-1,714,715,677,-1,677,715,716,-1,677,716,678,-1,703,717,704,-1,704,717,718,-1,704,718,715,-1,715,718,719,-1,715,719,716,-1,716,719,720,-1,716,720,678,-1,678,720,721,-1,707,706,722,-1,722,706,723,-1,722,723,724,-1,724,723,725,-1,724,725,726,-1,727,647,728,-1,728,647,649,-1,728,649,729,-1,729,649,730,-1,729,730,731,-1,731,730,732,-1,731,732,733,-1,733,732,734,-1,733,734,735,-1,735,734,736,-1,735,736,737,-1,737,736,738,-1,737,738,739,-1,739,738,740,-1,739,740,658,-1,658,740,670,-1,658,670,667,-1,667,670,669,-1,648,741,649,-1,649,741,742,-1,649,742,730,-1,730,742,743,-1,730,743,732,-1,732,743,744,-1,732,744,734,-1,734,744,745,-1,734,745,736,-1,736,745,746,-1,736,746,738,-1,738,746,747,-1,738,747,740,-1,740,747,748,-1,740,748,670,-1,670,748,673,-1,670,673,668,-1,668,673,672,-1,741,708,742,-1,742,708,709,-1,742,709,743,-1,743,709,710,-1,743,710,744,-1,744,710,711,-1,744,711,745,-1,745,711,712,-1,745,712,746,-1,746,712,713,-1,746,713,747,-1,747,713,714,-1,747,714,748,-1,748,714,677,-1,748,677,673,-1,673,677,675,-1,673,675,671,-1,671,675,674,-1,749,750,751,-1,751,750,752,-1,751,752,725,-1,725,752,753,-1,725,753,726,-1,680,653,682,-1,682,653,655,-1,682,655,684,-1,684,655,754,-1,684,754,690,-1,690,754,755,-1,690,755,698,-1,698,755,756,-1,698,756,700,-1,700,756,757,-1,700,757,706,-1,706,757,758,-1,706,758,723,-1,723,758,759,-1,723,759,725,-1,725,759,760,-1,725,760,751,-1,751,760,664,-1,751,664,749,-1,749,664,663,-1,654,761,655,-1,655,761,762,-1,655,762,754,-1,754,762,763,-1,754,763,755,-1,755,763,764,-1,755,764,756,-1,756,764,765,-1,756,765,757,-1,757,765,766,-1,757,766,758,-1,758,766,767,-1,758,767,759,-1,759,767,768,-1,759,768,760,-1,760,768,769,-1,760,769,664,-1,664,769,770,-1,664,770,665,-1,761,771,762,-1,762,771,772,-1,762,772,763,-1,763,772,773,-1,763,773,764,-1,764,773,774,-1,764,774,765,-1,765,774,775,-1,765,775,766,-1,766,775,776,-1,766,776,767,-1,767,776,777,-1,767,777,768,-1,768,777,778,-1,768,778,769,-1,769,778,779,-1,769,779,770,-1,770,779,780,-1,770,780,665,-1,665,780,781,-1,771,650,772,-1,772,650,652,-1,772,652,773,-1,773,652,782,-1,773,782,774,-1,774,782,783,-1,774,783,775,-1,775,783,784,-1,775,784,776,-1,776,784,785,-1,776,785,777,-1,777,785,786,-1,777,786,778,-1,778,786,787,-1,778,787,779,-1,779,787,788,-1,779,788,780,-1,780,788,789,-1,780,789,781,-1,781,789,790,-1,651,791,652,-1,652,791,792,-1,652,792,782,-1,782,792,793,-1,782,793,783,-1,783,793,794,-1,783,794,784,-1,784,794,795,-1,784,795,785,-1,785,795,796,-1,785,796,786,-1,786,796,797,-1,786,797,787,-1,787,797,798,-1,787,798,788,-1,788,798,799,-1,788,799,789,-1,789,799,661,-1,789,661,790,-1,790,661,660,-1,791,727,792,-1,792,727,728,-1,792,728,793,-1,793,728,729,-1,793,729,794,-1,794,729,731,-1,794,731,795,-1,795,731,733,-1,795,733,796,-1,796,733,735,-1,796,735,797,-1,797,735,737,-1,797,737,798,-1,798,737,739,-1,798,739,799,-1,799,739,658,-1,799,658,661,-1,661,658,657,-1,661,657,666,-1,666,657,656,-1,800,801,802,-1,803,804,805,-1,804,806,807,-1,808,809,810,-1,811,812,813,-1,814,815,816,-1,816,815,817,-1,817,815,818,-1,818,815,819,-1,818,819,811,-1,813,812,820,-1,820,812,821,-1,820,821,822,-1,822,821,823,-1,823,821,824,-1,823,824,825,-1,810,809,826,-1,826,809,827,-1,826,827,828,-1,828,827,829,-1,828,829,830,-1,830,829,831,-1,830,831,832,-1,832,831,833,-1,832,833,834,-1,834,833,835,-1,835,833,836,-1,835,836,837,-1,837,836,838,-1,837,838,839,-1,839,838,840,-1,839,840,841,-1,804,807,805,-1,805,807,842,-1,805,842,843,-1,842,844,843,-1,843,844,845,-1,843,845,846,-1,846,845,847,-1,846,847,848,-1,848,847,849,-1,848,849,850,-1,849,851,850,-1,850,851,852,-1,850,852,853,-1,853,852,854,-1,853,854,855,-1,855,854,856,-1,855,856,857,-1,856,858,857,-1,857,858,859,-1,857,859,860,-1,860,859,861,-1,860,861,862,-1,862,861,863,-1,862,863,864,-1,864,863,865,-1,864,865,866,-1,867,868,869,-1,869,868,803,-1,803,805,869,-1,869,805,843,-1,869,843,870,-1,870,843,846,-1,870,846,871,-1,871,846,848,-1,871,848,872,-1,872,848,850,-1,872,850,873,-1,873,850,853,-1,873,853,874,-1,874,853,855,-1,874,855,875,-1,875,855,857,-1,875,857,876,-1,876,857,860,-1,876,860,877,-1,877,860,862,-1,877,862,878,-1,878,862,864,-1,878,864,879,-1,880,881,867,-1,866,882,864,-1,864,882,883,-1,864,883,879,-1,879,883,884,-1,879,884,885,-1,867,869,880,-1,880,869,870,-1,880,870,886,-1,886,870,871,-1,886,871,887,-1,887,871,872,-1,887,872,888,-1,888,872,873,-1,888,873,889,-1,889,873,874,-1,889,874,890,-1,890,874,875,-1,890,875,891,-1,891,875,876,-1,891,876,892,-1,892,876,877,-1,892,877,893,-1,893,877,878,-1,893,878,894,-1,894,878,879,-1,894,879,895,-1,895,879,885,-1,895,885,896,-1,896,897,895,-1,895,897,898,-1,895,898,894,-1,894,898,899,-1,894,899,893,-1,893,899,900,-1,893,900,892,-1,892,900,901,-1,892,901,891,-1,891,901,902,-1,891,902,890,-1,890,902,903,-1,890,903,889,-1,889,903,904,-1,889,904,888,-1,888,904,905,-1,888,905,887,-1,887,905,906,-1,887,906,886,-1,886,906,802,-1,886,802,880,-1,880,802,801,-1,880,801,881,-1,907,908,909,-1,909,908,800,-1,800,802,909,-1,909,802,906,-1,909,906,910,-1,910,906,905,-1,910,905,911,-1,911,905,904,-1,911,904,912,-1,912,904,903,-1,912,903,913,-1,913,903,902,-1,913,902,914,-1,914,902,901,-1,914,901,915,-1,915,901,900,-1,915,900,916,-1,916,900,899,-1,916,899,917,-1,917,899,898,-1,917,898,918,-1,918,898,897,-1,918,897,919,-1,920,921,907,-1,896,922,897,-1,897,922,923,-1,897,923,919,-1,919,923,924,-1,919,924,925,-1,907,909,920,-1,920,909,910,-1,920,910,926,-1,926,910,911,-1,926,911,927,-1,927,911,912,-1,927,912,928,-1,928,912,913,-1,928,913,929,-1,929,913,914,-1,929,914,930,-1,930,914,915,-1,930,915,931,-1,931,915,916,-1,931,916,932,-1,932,916,917,-1,932,917,933,-1,933,917,918,-1,933,918,934,-1,934,918,919,-1,934,919,935,-1,935,919,925,-1,935,925,936,-1,936,937,935,-1,935,937,938,-1,935,938,934,-1,934,938,939,-1,934,939,933,-1,933,939,940,-1,933,940,932,-1,932,940,941,-1,932,941,931,-1,931,941,942,-1,931,942,930,-1,930,942,943,-1,930,943,929,-1,929,943,944,-1,929,944,928,-1,928,944,945,-1,928,945,927,-1,927,945,819,-1,927,819,926,-1,926,819,815,-1,926,815,920,-1,920,815,814,-1,920,814,921,-1,811,819,812,-1,812,819,945,-1,812,945,821,-1,821,945,944,-1,821,944,824,-1,824,944,943,-1,824,943,946,-1,946,943,942,-1,946,942,947,-1,947,942,941,-1,947,941,948,-1,948,941,940,-1,948,940,949,-1,949,940,939,-1,949,939,950,-1,950,939,938,-1,950,938,951,-1,951,938,937,-1,951,937,952,-1,936,953,937,-1,937,953,954,-1,937,954,952,-1,952,954,955,-1,952,955,956,-1,825,824,808,-1,808,824,946,-1,808,946,809,-1,809,946,947,-1,809,947,827,-1,827,947,948,-1,827,948,829,-1,829,948,949,-1,829,949,831,-1,831,949,950,-1,831,950,833,-1,833,950,951,-1,833,951,836,-1,836,951,952,-1,836,952,838,-1,838,952,956,-1,838,956,840,-1,957,721,720,-1,720,719,957,-1,957,719,718,-1,957,718,958,-1,958,718,959,-1,693,960,961,-1,718,717,959,-1,959,717,703,-1,959,703,962,-1,962,703,702,-1,962,702,961,-1,961,702,695,-1,961,695,693,-1,963,964,687,-1,960,693,964,-1,964,693,692,-1,964,692,687,-1,963,687,965,-1,965,687,686,-1,965,686,966,-1,966,686,645,-1,966,645,592,-1,866,679,882,-1,882,679,681,-1,882,681,883,-1,883,681,683,-1,883,683,884,-1,884,683,685,-1,884,685,885,-1,885,685,689,-1,885,689,896,-1,896,689,691,-1,896,691,922,-1,922,691,697,-1,922,697,923,-1,923,697,699,-1,923,699,924,-1,924,699,701,-1,924,701,925,-1,925,701,705,-1,925,705,936,-1,936,705,707,-1,936,707,953,-1,953,707,722,-1,953,722,954,-1,954,722,724,-1,954,724,955,-1,955,724,726,-1,955,726,956,-1,956,726,753,-1,956,753,840,-1,840,753,752,-1,840,752,841,-1,841,752,750,-1,591,806,967,-1,967,806,804,-1,967,804,968,-1,968,804,803,-1,968,803,969,-1,969,803,868,-1,969,868,970,-1,970,868,867,-1,970,867,971,-1,971,867,972,-1,814,816,973,-1,867,881,972,-1,972,881,801,-1,972,801,974,-1,974,801,800,-1,974,800,975,-1,975,800,908,-1,975,908,976,-1,976,908,907,-1,976,907,973,-1,973,907,921,-1,973,921,814,-1,977,978,979,-1,979,978,980,-1,979,980,981,-1,977,982,978,-1,978,982,983,-1,978,983,984,-1,985,986,987,-1,987,986,988,-1,987,988,989,-1,989,988,984,-1,984,988,978,-1,978,988,990,-1,978,990,991,-1,991,992,993,-1,993,992,994,-1,994,995,993,-1,993,995,996,-1,993,996,997,-1,997,996,998,-1,991,993,978,-1,978,993,999,-1,978,999,1000,-1,1001,1002,1003,-1,552,554,1003,-1,556,578,1004,-1,588,591,967,-1,993,997,1005,-1,1005,997,998,-1,1005,998,1006,-1,571,570,1007,-1,1007,570,1005,-1,1007,1005,1008,-1,1008,1005,1006,-1,586,1009,584,-1,584,1009,1010,-1,584,1010,582,-1,582,1010,580,-1,586,588,1009,-1,1009,588,967,-1,1009,967,1011,-1,1011,967,968,-1,1011,968,969,-1,1012,1010,1013,-1,1013,1010,1009,-1,1013,1009,1014,-1,1014,1009,1011,-1,1012,1015,1010,-1,1010,1015,1004,-1,1010,1004,580,-1,580,1004,578,-1,1015,1016,1004,-1,1004,1016,1017,-1,1004,1017,1018,-1,1018,1001,1004,-1,1004,1001,1003,-1,1004,1003,556,-1,556,1003,554,-1,1002,1019,1003,-1,1003,1019,1005,-1,1003,1005,552,-1,552,1005,570,-1,999,993,1020,-1,1020,993,1005,-1,1020,1005,1021,-1,1021,1005,1019,-1,1022,1023,1024,-1,1025,1026,1027,-1,595,603,1027,-1,1028,1029,1027,-1,603,605,1027,-1,1027,605,1030,-1,1027,1030,1028,-1,623,1024,618,-1,618,1024,1031,-1,618,1031,633,-1,633,1031,635,-1,637,1032,639,-1,639,1032,1033,-1,639,1033,641,-1,641,1033,642,-1,1000,1025,978,-1,978,1025,1027,-1,978,1027,980,-1,980,1027,1029,-1,980,1029,981,-1,1026,1022,1027,-1,1027,1022,1024,-1,1027,1024,595,-1,595,1024,623,-1,1023,1034,1024,-1,1024,1034,1035,-1,1024,1035,1031,-1,1031,1035,1036,-1,1031,1036,1037,-1,1037,1038,1031,-1,1031,1038,1032,-1,1031,1032,635,-1,635,1032,637,-1,1038,1039,1032,-1,1032,1039,1040,-1,1032,1040,1033,-1,1033,1040,1041,-1,1033,1041,1042,-1,592,642,966,-1,966,642,1033,-1,966,1033,965,-1,965,1033,1042,-1,965,1042,963,-1,592,645,593,-1,593,645,1043,-1,1044,1045,1046,-1,1047,1048,1049,-1,1050,1051,1052,-1,1053,1054,1055,-1,1055,1054,1056,-1,1057,1058,1059,-1,985,1060,986,-1,986,1060,1052,-1,986,1052,1061,-1,1061,1052,1051,-1,1062,1063,1064,-1,1064,1063,1065,-1,1066,1067,1068,-1,1068,1067,1059,-1,1068,1059,1069,-1,1069,1059,1058,-1,1046,1045,1052,-1,1052,1045,1070,-1,1052,1070,1050,-1,1049,1048,1059,-1,1059,1048,1071,-1,1059,1071,1057,-1,1056,1054,1046,-1,1046,1054,1072,-1,1046,1072,1044,-1,1065,1063,1049,-1,1049,1063,1073,-1,1049,1073,1047,-1,1062,1074,1063,-1,1063,1074,1075,-1,1063,1075,1076,-1,1076,1075,1077,-1,1076,1077,1078,-1,1078,1077,1054,-1,1078,1054,1079,-1,1079,1054,1053,-1,590,1080,591,-1,591,1080,806,-1,866,1081,679,-1,679,1081,1082,-1,806,1080,807,-1,807,1080,1083,-1,807,1083,842,-1,842,1083,1084,-1,842,1084,844,-1,844,1084,1085,-1,844,1085,845,-1,845,1085,1086,-1,845,1086,847,-1,847,1086,1087,-1,847,1087,849,-1,849,1087,1088,-1,849,1088,851,-1,851,1088,1089,-1,851,1089,852,-1,852,1089,1090,-1,852,1090,854,-1,854,1090,1091,-1,854,1091,856,-1,856,1091,1092,-1,856,1092,858,-1,858,1092,1093,-1,858,1093,859,-1,859,1093,1094,-1,859,1094,861,-1,861,1094,1095,-1,861,1095,863,-1,863,1095,1096,-1,863,1096,865,-1,865,1096,1097,-1,865,1097,866,-1,866,1097,1081,-1,679,1082,680,-1,680,1082,1098,-1,680,1098,653,-1,653,1098,1099,-1,653,1099,654,-1,654,1099,1100,-1,654,1100,761,-1,761,1100,1101,-1,761,1101,771,-1,771,1101,1102,-1,771,1102,650,-1,650,1102,1103,-1,650,1103,651,-1,651,1103,1104,-1,651,1104,791,-1,791,1104,1105,-1,791,1105,727,-1,727,1105,1106,-1,727,1106,647,-1,647,1106,1107,-1,647,1107,648,-1,648,1107,1108,-1,648,1108,741,-1,741,1108,1109,-1,741,1109,708,-1,708,1109,1110,-1,708,1110,646,-1,646,1110,1111,-1,646,1111,644,-1,644,1111,1112,-1,644,1112,645,-1,645,1112,1043,-1,1113,1114,1115,-1,1115,1114,1116,-1,1115,1116,1117,-1,1117,1116,1118,-1,1117,1118,1119,-1,1119,1118,1120,-1,1119,1120,1121,-1,1122,1123,1121,-1,1121,1123,1124,-1,1121,1124,1119,-1,1125,1126,1127,-1,1127,1126,1123,-1,1127,1123,1128,-1,1128,1123,1122,-1,1125,1127,1129,-1,1129,1127,1130,-1,1129,1130,1131,-1,1130,1132,1131,-1,1131,1132,1133,-1,1131,1133,1134,-1,1134,1133,1080,-1,1134,1080,590,-1,1135,1136,1137,-1,1135,1137,1138,-1,1139,1140,1141,-1,1141,1140,1142,-1,1141,1142,1143,-1,1139,1144,1140,-1,1140,1144,1145,-1,1140,1145,1138,-1,1066,1068,1136,-1,1136,1068,1146,-1,1146,1147,1136,-1,1136,1147,1148,-1,1136,1148,1137,-1,1137,1148,1149,-1,1137,1149,1150,-1,1150,1151,1137,-1,1137,1151,1152,-1,1137,1152,1153,-1,1153,1152,1154,-1,1138,1137,1140,-1,1140,1137,1155,-1,1140,1155,1156,-1,1096,1095,1157,-1,1092,1091,1158,-1,1088,1087,1159,-1,1084,1083,1160,-1,1161,1162,1163,-1,1164,1165,1166,-1,1164,1166,1167,-1,1168,1169,1170,-1,1161,1163,1171,-1,1172,1173,1174,-1,1175,1176,1177,-1,1178,1179,1180,-1,1180,1179,1181,-1,1180,1181,1182,-1,1183,1184,1185,-1,1185,1184,1186,-1,1185,1186,1187,-1,1187,1186,1188,-1,1188,1189,1187,-1,1187,1189,1190,-1,1187,1190,1191,-1,1191,1190,1192,-1,1191,1192,1193,-1,1114,1194,1116,-1,1116,1194,1195,-1,1116,1195,1118,-1,1118,1195,1196,-1,1192,1197,1193,-1,1193,1197,1198,-1,1193,1198,1199,-1,1200,1121,1196,-1,1196,1121,1120,-1,1196,1120,1118,-1,1198,1201,1199,-1,1199,1201,1202,-1,1199,1202,1203,-1,1203,1202,1204,-1,1203,1204,1205,-1,1206,1127,1207,-1,1207,1127,1128,-1,1207,1128,1200,-1,1200,1128,1122,-1,1200,1122,1121,-1,1204,1208,1205,-1,1205,1208,1209,-1,1205,1209,1210,-1,1160,1132,1206,-1,1206,1132,1130,-1,1206,1130,1127,-1,1083,1080,1160,-1,1160,1080,1133,-1,1160,1133,1132,-1,1085,1084,1211,-1,1211,1084,1160,-1,1211,1160,1212,-1,1212,1160,1206,-1,1212,1206,1213,-1,1213,1206,1207,-1,1213,1207,1214,-1,1214,1207,1200,-1,1214,1200,1215,-1,1215,1200,1196,-1,1215,1196,1216,-1,1216,1196,1195,-1,1216,1195,1181,-1,1181,1195,1194,-1,1181,1194,1182,-1,1182,1194,1114,-1,1182,1114,1113,-1,1178,1175,1179,-1,1179,1175,1177,-1,1179,1177,1181,-1,1181,1177,1217,-1,1181,1217,1216,-1,1216,1217,1218,-1,1216,1218,1215,-1,1215,1218,1219,-1,1215,1219,1214,-1,1214,1219,1220,-1,1214,1220,1213,-1,1213,1220,1221,-1,1213,1221,1212,-1,1212,1221,1222,-1,1212,1222,1211,-1,1211,1222,1223,-1,1211,1223,1085,-1,1085,1223,1086,-1,1176,1172,1177,-1,1177,1172,1174,-1,1177,1174,1217,-1,1217,1174,1224,-1,1217,1224,1218,-1,1218,1224,1225,-1,1218,1225,1219,-1,1219,1225,1226,-1,1219,1226,1220,-1,1220,1226,1227,-1,1220,1227,1221,-1,1221,1227,1228,-1,1221,1228,1222,-1,1222,1228,1229,-1,1222,1229,1223,-1,1223,1229,1159,-1,1223,1159,1086,-1,1086,1159,1087,-1,1089,1088,1230,-1,1230,1088,1159,-1,1230,1159,1231,-1,1231,1159,1229,-1,1231,1229,1232,-1,1232,1229,1228,-1,1232,1228,1233,-1,1233,1228,1227,-1,1233,1227,1234,-1,1234,1227,1226,-1,1234,1226,1235,-1,1235,1226,1225,-1,1235,1225,1236,-1,1236,1225,1224,-1,1236,1224,1163,-1,1163,1224,1174,-1,1163,1174,1171,-1,1171,1174,1173,-1,1161,1168,1162,-1,1162,1168,1170,-1,1162,1170,1163,-1,1163,1170,1237,-1,1163,1237,1236,-1,1236,1237,1238,-1,1236,1238,1235,-1,1235,1238,1239,-1,1235,1239,1234,-1,1234,1239,1240,-1,1234,1240,1233,-1,1233,1240,1241,-1,1233,1241,1232,-1,1232,1241,1242,-1,1232,1242,1231,-1,1231,1242,1243,-1,1231,1243,1230,-1,1230,1243,1244,-1,1230,1244,1089,-1,1089,1244,1090,-1,1170,1245,1237,-1,1237,1245,1246,-1,1237,1246,1238,-1,1238,1246,1247,-1,1238,1247,1239,-1,1239,1247,1248,-1,1239,1248,1240,-1,1240,1248,1249,-1,1240,1249,1241,-1,1241,1249,1250,-1,1241,1250,1242,-1,1242,1250,1251,-1,1242,1251,1243,-1,1243,1251,1252,-1,1243,1252,1244,-1,1244,1252,1158,-1,1244,1158,1090,-1,1090,1158,1091,-1,1093,1092,1253,-1,1253,1092,1158,-1,1253,1158,1254,-1,1254,1158,1252,-1,1254,1252,1255,-1,1255,1252,1251,-1,1255,1251,1256,-1,1256,1251,1250,-1,1256,1250,1257,-1,1257,1250,1249,-1,1257,1249,1258,-1,1258,1249,1248,-1,1258,1248,1259,-1,1259,1248,1247,-1,1259,1247,1260,-1,1260,1247,1246,-1,1260,1246,1261,-1,1261,1246,1245,-1,1261,1262,1260,-1,1260,1262,1263,-1,1260,1263,1259,-1,1259,1263,1264,-1,1259,1264,1258,-1,1258,1264,1265,-1,1258,1265,1257,-1,1257,1265,1266,-1,1257,1266,1256,-1,1256,1266,1267,-1,1256,1267,1255,-1,1255,1267,1268,-1,1255,1268,1254,-1,1254,1268,1269,-1,1254,1269,1253,-1,1253,1269,1270,-1,1253,1270,1093,-1,1093,1270,1094,-1,1169,1271,1170,-1,1170,1271,1272,-1,1170,1272,1245,-1,1245,1272,1273,-1,1245,1273,1261,-1,1261,1273,1167,-1,1261,1167,1262,-1,1262,1167,1166,-1,1262,1166,1263,-1,1263,1166,1274,-1,1263,1274,1264,-1,1264,1274,1275,-1,1264,1275,1265,-1,1265,1275,1276,-1,1265,1276,1266,-1,1266,1276,1277,-1,1266,1277,1267,-1,1267,1277,1278,-1,1267,1278,1268,-1,1268,1278,1279,-1,1268,1279,1269,-1,1269,1279,1280,-1,1269,1280,1270,-1,1270,1280,1157,-1,1270,1157,1094,-1,1094,1157,1095,-1,1097,1096,1281,-1,1281,1096,1157,-1,1281,1157,1210,-1,1210,1157,1280,-1,1210,1280,1205,-1,1205,1280,1279,-1,1205,1279,1203,-1,1203,1279,1278,-1,1203,1278,1199,-1,1199,1278,1277,-1,1199,1277,1193,-1,1193,1277,1276,-1,1193,1276,1191,-1,1191,1276,1275,-1,1191,1275,1187,-1,1187,1275,1274,-1,1187,1274,1185,-1,1185,1274,1166,-1,1185,1166,1183,-1,1183,1166,1165,-1,1209,1282,1210,-1,1210,1282,1283,-1,1210,1283,1281,-1,1281,1283,1284,-1,1281,1284,1097,-1,1097,1284,1081,-1,1285,1286,1287,-1,593,1043,1288,-1,1288,1043,1289,-1,1288,1289,1287,-1,1287,1289,1290,-1,1287,1290,1285,-1,1285,1290,1291,-1,1285,1291,1292,-1,1292,1291,1293,-1,1292,1293,1294,-1,1294,1293,1295,-1,1294,1295,1296,-1,1297,1298,1299,-1,1295,1300,1296,-1,1296,1300,1301,-1,1296,1301,1302,-1,1302,1301,1303,-1,1302,1303,1304,-1,1304,1303,1305,-1,1304,1305,1299,-1,1299,1305,1306,-1,1299,1306,1297,-1,1082,1081,1307,-1,1307,1081,1284,-1,1307,1284,1308,-1,1308,1284,1283,-1,1308,1283,1309,-1,1309,1283,1282,-1,1309,1282,1310,-1,1310,1282,1209,-1,1310,1209,1311,-1,1311,1209,1208,-1,1311,1208,1312,-1,1312,1208,1204,-1,1312,1204,1313,-1,1313,1204,1202,-1,1313,1202,1314,-1,1314,1202,1201,-1,1314,1201,1315,-1,1315,1201,1198,-1,1315,1198,1316,-1,1316,1198,1197,-1,1316,1197,1317,-1,1317,1197,1192,-1,1317,1192,1318,-1,1318,1192,1190,-1,1318,1190,1319,-1,1319,1190,1189,-1,1319,1189,1320,-1,1320,1189,1188,-1,1320,1188,1321,-1,1321,1188,1186,-1,1321,1186,1322,-1,1322,1186,1184,-1,1111,1110,1323,-1,1107,1106,1324,-1,1103,1102,1325,-1,1099,1098,1326,-1,1327,1328,1329,-1,1330,1331,1332,-1,1333,1334,1335,-1,1336,1337,1338,-1,1337,1298,1338,-1,1338,1298,1297,-1,1338,1297,1339,-1,1340,1341,1342,-1,1342,1341,1343,-1,1342,1343,1344,-1,1322,1345,1321,-1,1321,1345,1346,-1,1321,1346,1320,-1,1320,1346,1347,-1,1348,1318,1347,-1,1347,1318,1319,-1,1347,1319,1320,-1,1349,1315,1350,-1,1350,1315,1316,-1,1350,1316,1348,-1,1348,1316,1317,-1,1348,1317,1318,-1,1297,1306,1339,-1,1339,1306,1305,-1,1339,1305,1351,-1,1352,1313,1349,-1,1349,1313,1314,-1,1349,1314,1315,-1,1305,1303,1351,-1,1351,1303,1301,-1,1351,1301,1353,-1,1353,1301,1300,-1,1353,1300,1354,-1,1355,1310,1356,-1,1356,1310,1311,-1,1356,1311,1352,-1,1352,1311,1312,-1,1352,1312,1313,-1,1300,1295,1354,-1,1354,1295,1293,-1,1354,1293,1357,-1,1326,1308,1355,-1,1355,1308,1309,-1,1355,1309,1310,-1,1098,1082,1326,-1,1326,1082,1307,-1,1326,1307,1308,-1,1100,1099,1358,-1,1358,1099,1326,-1,1358,1326,1359,-1,1359,1326,1355,-1,1359,1355,1360,-1,1360,1355,1356,-1,1360,1356,1361,-1,1361,1356,1352,-1,1361,1352,1362,-1,1362,1352,1349,-1,1362,1349,1363,-1,1363,1349,1350,-1,1363,1350,1364,-1,1364,1350,1348,-1,1364,1348,1365,-1,1365,1348,1347,-1,1365,1347,1366,-1,1366,1347,1346,-1,1366,1346,1367,-1,1367,1346,1345,-1,1367,1327,1366,-1,1366,1327,1329,-1,1366,1329,1365,-1,1365,1329,1368,-1,1365,1368,1364,-1,1364,1368,1369,-1,1364,1369,1363,-1,1363,1369,1370,-1,1363,1370,1362,-1,1362,1370,1371,-1,1362,1371,1361,-1,1361,1371,1372,-1,1361,1372,1360,-1,1360,1372,1373,-1,1360,1373,1359,-1,1359,1373,1374,-1,1359,1374,1358,-1,1358,1374,1375,-1,1358,1375,1100,-1,1100,1375,1101,-1,1328,1376,1329,-1,1329,1376,1377,-1,1329,1377,1368,-1,1368,1377,1378,-1,1368,1378,1369,-1,1369,1378,1379,-1,1369,1379,1370,-1,1370,1379,1380,-1,1370,1380,1371,-1,1371,1380,1381,-1,1371,1381,1372,-1,1372,1381,1382,-1,1372,1382,1373,-1,1373,1382,1383,-1,1373,1383,1374,-1,1374,1383,1384,-1,1374,1384,1375,-1,1375,1384,1325,-1,1375,1325,1101,-1,1101,1325,1102,-1,1104,1103,1385,-1,1385,1103,1325,-1,1385,1325,1386,-1,1386,1325,1384,-1,1386,1384,1387,-1,1387,1384,1383,-1,1387,1383,1388,-1,1388,1383,1382,-1,1388,1382,1389,-1,1389,1382,1381,-1,1389,1381,1390,-1,1390,1381,1380,-1,1390,1380,1391,-1,1391,1380,1379,-1,1391,1379,1392,-1,1392,1379,1378,-1,1392,1378,1393,-1,1393,1378,1377,-1,1393,1377,1394,-1,1394,1377,1376,-1,1394,1395,1393,-1,1393,1395,1396,-1,1393,1396,1392,-1,1392,1396,1397,-1,1392,1397,1391,-1,1391,1397,1398,-1,1391,1398,1390,-1,1390,1398,1399,-1,1390,1399,1389,-1,1389,1399,1400,-1,1389,1400,1388,-1,1388,1400,1401,-1,1388,1401,1387,-1,1387,1401,1402,-1,1387,1402,1386,-1,1386,1402,1403,-1,1386,1403,1385,-1,1385,1403,1404,-1,1385,1404,1104,-1,1104,1404,1105,-1,1395,1405,1396,-1,1396,1405,1406,-1,1396,1406,1397,-1,1397,1406,1407,-1,1397,1407,1398,-1,1398,1407,1408,-1,1398,1408,1399,-1,1399,1408,1409,-1,1399,1409,1400,-1,1400,1409,1410,-1,1400,1410,1401,-1,1401,1410,1411,-1,1401,1411,1402,-1,1402,1411,1412,-1,1402,1412,1403,-1,1403,1412,1413,-1,1403,1413,1404,-1,1404,1413,1324,-1,1404,1324,1105,-1,1105,1324,1106,-1,1108,1107,1414,-1,1414,1107,1324,-1,1414,1324,1415,-1,1415,1324,1413,-1,1415,1413,1416,-1,1416,1413,1412,-1,1416,1412,1417,-1,1417,1412,1411,-1,1417,1411,1418,-1,1418,1411,1410,-1,1418,1410,1419,-1,1419,1410,1409,-1,1419,1409,1420,-1,1420,1409,1408,-1,1420,1408,1332,-1,1332,1408,1407,-1,1332,1407,1330,-1,1330,1407,1406,-1,1330,1406,1421,-1,1421,1406,1405,-1,1331,1333,1332,-1,1332,1333,1335,-1,1332,1335,1420,-1,1420,1335,1422,-1,1420,1422,1419,-1,1419,1422,1423,-1,1419,1423,1418,-1,1418,1423,1424,-1,1418,1424,1417,-1,1417,1424,1425,-1,1417,1425,1416,-1,1416,1425,1426,-1,1416,1426,1415,-1,1415,1426,1427,-1,1415,1427,1414,-1,1414,1427,1428,-1,1414,1428,1108,-1,1108,1428,1109,-1,1334,1340,1335,-1,1335,1340,1342,-1,1335,1342,1422,-1,1422,1342,1344,-1,1422,1344,1423,-1,1423,1344,1429,-1,1423,1429,1424,-1,1424,1429,1430,-1,1424,1430,1425,-1,1425,1430,1431,-1,1425,1431,1426,-1,1426,1431,1432,-1,1426,1432,1427,-1,1427,1432,1433,-1,1427,1433,1428,-1,1428,1433,1323,-1,1428,1323,1109,-1,1109,1323,1110,-1,1112,1111,1434,-1,1434,1111,1323,-1,1434,1323,1357,-1,1357,1323,1433,-1,1357,1433,1354,-1,1354,1433,1432,-1,1354,1432,1353,-1,1353,1432,1431,-1,1353,1431,1351,-1,1351,1431,1430,-1,1351,1430,1339,-1,1339,1430,1429,-1,1339,1429,1338,-1,1338,1429,1344,-1,1338,1344,1336,-1,1336,1344,1343,-1,1293,1291,1357,-1,1357,1291,1290,-1,1357,1290,1434,-1,1434,1290,1289,-1,1434,1289,1112,-1,1112,1289,1043,-1,1435,1436,1437,-1,551,1438,1439,-1,1439,1438,1440,-1,1439,1440,1441,-1,564,569,1442,-1,1442,569,541,-1,1442,541,1439,-1,1439,541,549,-1,1439,549,551,-1,579,1443,581,-1,581,1443,1444,-1,589,587,1437,-1,1437,587,585,-1,1437,585,1444,-1,1444,585,583,-1,1444,583,581,-1,1156,1445,1140,-1,1140,1445,1439,-1,1140,1439,1142,-1,1142,1439,1441,-1,1142,1441,1143,-1,1446,1447,1443,-1,1445,1448,1439,-1,1439,1448,1449,-1,1439,1449,1442,-1,1442,1449,1450,-1,1442,1450,1451,-1,1451,1446,1442,-1,1442,1446,1443,-1,1442,1443,564,-1,564,1443,579,-1,1447,1452,1443,-1,1443,1452,1453,-1,1443,1453,1444,-1,1444,1453,1454,-1,1444,1454,1437,-1,1437,1454,1455,-1,1437,1455,1435,-1,590,589,1134,-1,1134,589,1437,-1,1134,1437,1131,-1,1131,1437,1436,-1,1131,1436,1129,-1,1287,1286,1456,-1,594,593,1288,-1,1137,1153,1457,-1,1457,1153,1154,-1,1457,1154,1458,-1,625,624,1459,-1,1459,624,1457,-1,1459,1457,1460,-1,1460,1457,1458,-1,638,640,1461,-1,1461,640,594,-1,636,1462,634,-1,634,1462,1463,-1,606,608,1464,-1,1464,608,610,-1,1464,610,1463,-1,1463,610,632,-1,1463,632,634,-1,1287,1456,1288,-1,594,1288,1461,-1,1461,1288,1456,-1,1461,1456,1465,-1,1465,1466,1461,-1,1461,1466,1462,-1,1461,1462,638,-1,638,1462,636,-1,1467,1463,1468,-1,1468,1463,1462,-1,1468,1462,1469,-1,1469,1462,1466,-1,1467,1470,1463,-1,1463,1470,1471,-1,1463,1471,1464,-1,1464,1471,1472,-1,1464,1472,1473,-1,1473,1474,1464,-1,1464,1474,1457,-1,1464,1457,606,-1,606,1457,624,-1,1155,1137,1475,-1,1475,1137,1457,-1,1475,1457,1476,-1,1476,1457,1474,-1,1477,1478,1479,-1,1479,1480,1477,-1,1477,1480,1481,-1,1477,1481,1482,-1,1482,1481,1483,-1,1479,1484,1480,-1,1480,1484,1485,-1,1480,1485,1486,-1,1487,1488,1489,-1,1486,1490,1480,-1,1480,1490,1491,-1,1480,1491,1492,-1,1492,1491,1493,-1,1487,1489,1491,-1,1491,1489,1494,-1,1491,1494,1493,-1,1495,1496,1497,-1,1498,1499,1481,-1,1481,1499,1500,-1,1481,1500,1483,-1,1498,1501,1499,-1,1499,1501,1495,-1,1499,1495,1502,-1,1502,1495,1497,-1,1000,999,1503,-1,1503,999,1504,-1,1503,1504,1505,-1,1505,1504,1506,-1,1505,1506,1507,-1,1507,1506,1508,-1,1507,1508,1509,-1,1509,1508,1510,-1,1509,1510,1511,-1,1511,1510,1512,-1,1511,1512,1513,-1,1512,1514,1513,-1,1513,1514,1479,-1,1513,1479,1478,-1,1515,1516,1517,-1,1517,1516,1478,-1,1513,1478,1516,-1,1039,1038,1518,-1,1036,1035,1519,-1,1000,1503,1520,-1,1022,1026,1520,-1,1520,1026,1025,-1,1520,1025,1000,-1,1042,1041,1521,-1,1521,1041,1040,-1,1521,1040,1522,-1,1523,1478,1524,-1,1505,1507,1515,-1,1515,1507,1509,-1,1515,1509,1516,-1,1516,1509,1511,-1,1516,1511,1513,-1,1023,1022,1525,-1,1525,1022,1520,-1,1525,1520,1526,-1,1034,1023,1527,-1,1527,1023,1525,-1,1527,1525,1528,-1,1528,1525,1526,-1,1528,1526,1529,-1,1529,1530,1528,-1,1528,1530,1531,-1,1528,1531,1527,-1,1527,1531,1519,-1,1527,1519,1034,-1,1034,1519,1035,-1,1038,1037,1518,-1,1518,1037,1036,-1,1518,1036,1532,-1,1532,1036,1519,-1,1532,1519,1533,-1,1533,1519,1531,-1,1533,1531,1534,-1,1534,1531,1530,-1,1534,1530,1478,-1,1529,1478,1530,-1,1503,1505,1520,-1,1520,1505,1515,-1,1520,1515,1526,-1,1526,1515,1517,-1,1526,1517,1529,-1,1529,1517,1478,-1,1524,1535,1523,-1,1523,1535,1536,-1,1523,1536,1537,-1,1537,1536,1538,-1,1537,1538,1539,-1,1040,1039,1522,-1,1522,1039,1518,-1,1522,1518,1539,-1,1539,1518,1532,-1,1539,1532,1537,-1,1537,1532,1533,-1,1537,1533,1523,-1,1523,1533,1534,-1,1523,1534,1478,-1,963,1042,1540,-1,1540,1042,1521,-1,1540,1521,1541,-1,1541,1521,1522,-1,1541,1522,1542,-1,1542,1522,1539,-1,1542,1539,1543,-1,1543,1539,1538,-1,1544,1545,1546,-1,1479,1547,1548,-1,1549,1547,1479,-1,1546,1545,1479,-1,1014,1550,1013,-1,1011,969,1551,-1,1013,1550,1012,-1,1012,1550,1552,-1,1012,1552,1015,-1,1553,1017,1016,-1,1553,1554,1017,-1,1017,1554,1555,-1,1017,1555,1018,-1,1018,1555,1556,-1,1018,1556,1001,-1,1001,1556,1002,-1,1002,1556,1557,-1,1002,1557,1019,-1,1019,1557,1021,-1,1021,1557,1558,-1,1021,1558,1020,-1,1020,1558,1504,-1,1020,1504,999,-1,1514,1549,1479,-1,1559,1560,1561,-1,1561,1560,1562,-1,1561,1562,1563,-1,1564,1548,1565,-1,1565,1548,1547,-1,1565,1547,1566,-1,1566,1547,1549,-1,1566,1549,1567,-1,1554,1544,1564,-1,1564,1544,1546,-1,1564,1546,1548,-1,1548,1546,1479,-1,1514,1512,1549,-1,1549,1512,1510,-1,1549,1510,1567,-1,1567,1510,1508,-1,1567,1508,1506,-1,1554,1564,1555,-1,1555,1564,1565,-1,1555,1565,1556,-1,1556,1565,1566,-1,1556,1566,1557,-1,1557,1566,1567,-1,1557,1567,1558,-1,1558,1567,1506,-1,1558,1506,1504,-1,1563,1562,1568,-1,1568,1562,1569,-1,1568,1569,1570,-1,1570,1569,1552,-1,1570,1552,1571,-1,1016,1015,1553,-1,1553,1015,1552,-1,1553,1552,1554,-1,1554,1552,1569,-1,1554,1569,1544,-1,1544,1569,1562,-1,1544,1562,1545,-1,1545,1562,1560,-1,1545,1560,1479,-1,1559,1479,1560,-1,1571,1552,1572,-1,1572,1552,1550,-1,1572,1550,1551,-1,1551,1550,1014,-1,1551,1014,1011,-1,1540,1541,1573,-1,1535,1524,1574,-1,1524,1478,1477,-1,1575,1536,1535,-1,1536,1575,1538,-1,1576,1542,1543,-1,1542,1576,1541,-1,963,1540,964,-1,964,1540,1573,-1,964,1573,960,-1,960,1573,961,-1,961,1573,1577,-1,961,1577,962,-1,962,1577,1578,-1,962,1578,959,-1,1524,1477,1574,-1,1574,1477,1482,-1,1574,1482,1579,-1,1579,1482,1483,-1,1579,1483,1580,-1,1580,1483,1500,-1,1580,1500,1581,-1,1541,1576,1573,-1,1573,1576,1582,-1,1573,1582,1577,-1,1577,1582,1583,-1,1577,1583,1578,-1,1578,1583,1584,-1,1578,1584,1585,-1,959,1578,958,-1,958,1578,1585,-1,958,1585,957,-1,1500,1499,1581,-1,1581,1499,1586,-1,1581,1586,1587,-1,1535,1574,1575,-1,1575,1574,1579,-1,1575,1579,1588,-1,1588,1579,1580,-1,1588,1580,1589,-1,1589,1580,1581,-1,1589,1581,1590,-1,1590,1581,1587,-1,1590,1587,1591,-1,1538,1575,1592,-1,1592,1575,1588,-1,1592,1588,1593,-1,1593,1588,1589,-1,1593,1589,1594,-1,1594,1589,1590,-1,1594,1590,1595,-1,1595,1590,1591,-1,1595,1591,1596,-1,1596,1584,1595,-1,1595,1584,1583,-1,1595,1583,1594,-1,1594,1583,1582,-1,1594,1582,1593,-1,1593,1582,1576,-1,1593,1576,1592,-1,1592,1576,1543,-1,1592,1543,1538,-1,721,957,1597,-1,1597,957,1585,-1,1597,1585,1598,-1,1598,1585,1584,-1,1598,1584,1599,-1,1599,1584,1596,-1,1600,1491,1490,-1,1601,1602,1603,-1,1602,1601,1604,-1,1605,1604,1606,-1,1607,1608,1609,-1,1608,1607,816,-1,1610,976,1607,-1,1607,976,973,-1,1607,973,816,-1,1604,1601,1606,-1,1606,1601,1611,-1,1606,1611,1612,-1,1612,1611,1613,-1,1612,1613,1614,-1,1614,1613,1615,-1,1614,1615,1616,-1,970,971,1617,-1,1617,971,972,-1,1617,972,1618,-1,1618,972,974,-1,1618,974,1610,-1,1610,974,975,-1,1610,975,976,-1,1600,1490,1619,-1,1619,1490,1486,-1,1619,1486,1620,-1,1620,1486,1485,-1,1620,1485,1621,-1,1621,1485,1484,-1,1621,1484,1622,-1,1622,1484,1479,-1,1622,1479,1559,-1,1559,1615,1622,-1,1622,1615,1613,-1,1622,1613,1621,-1,1621,1613,1611,-1,1621,1611,1620,-1,1620,1611,1601,-1,1620,1601,1619,-1,1619,1601,1603,-1,1619,1603,1600,-1,1559,1561,1615,-1,1615,1561,1563,-1,1615,1563,1616,-1,1616,1563,1568,-1,1616,1568,1570,-1,1605,1606,1623,-1,1623,1606,1612,-1,1623,1612,1624,-1,1624,1612,1614,-1,1624,1614,1625,-1,1625,1614,1616,-1,1625,1616,1626,-1,1626,1616,1570,-1,1626,1570,1571,-1,1571,1617,1626,-1,1626,1617,1618,-1,1626,1618,1625,-1,1625,1618,1610,-1,1625,1610,1624,-1,1624,1610,1607,-1,1624,1607,1623,-1,1623,1607,1609,-1,1623,1609,1605,-1,969,970,1551,-1,1551,970,1617,-1,1551,1617,1572,-1,1572,1617,1571,-1,1499,1502,1586,-1,1586,1502,1627,-1,1628,1591,1627,-1,1627,1591,1587,-1,1627,1587,1586,-1,1597,1598,1629,-1,1629,1598,1599,-1,1629,1599,1628,-1,1628,1599,1596,-1,1628,1596,1591,-1,1501,1498,1630,-1,1630,1498,1631,-1,1630,1631,1632,-1,1632,1631,1633,-1,1632,1633,1634,-1,1634,1633,1635,-1,721,1597,678,-1,678,1597,1629,-1,678,1629,676,-1,676,1629,674,-1,668,672,1636,-1,1636,672,671,-1,671,674,1636,-1,1636,674,1629,-1,1636,1629,1637,-1,1637,1629,1628,-1,1637,1628,1638,-1,1638,1628,1627,-1,1638,1627,1497,-1,1497,1627,1502,-1,1497,1496,1638,-1,1638,1496,1639,-1,1638,1639,1637,-1,1637,1639,1640,-1,1637,1640,1636,-1,1636,1640,1641,-1,1636,1641,668,-1,660,659,1642,-1,1642,659,666,-1,656,667,1641,-1,1641,667,669,-1,1641,669,668,-1,666,656,1642,-1,1642,656,1641,-1,1642,1641,1643,-1,1643,1641,1640,-1,1643,1640,1644,-1,1644,1640,1639,-1,1644,1639,1495,-1,1495,1639,1496,-1,790,660,1634,-1,1634,660,1642,-1,1634,1642,1632,-1,1632,1642,1643,-1,1632,1643,1630,-1,1630,1643,1644,-1,1630,1644,1501,-1,1501,1644,1495,-1,663,662,1635,-1,1635,662,665,-1,1635,665,1634,-1,1634,665,781,-1,1634,781,790,-1,1645,750,749,-1,749,663,1645,-1,1645,663,1635,-1,1645,1635,1646,-1,1646,1635,1633,-1,1646,1633,1647,-1,1647,1633,1631,-1,1647,1631,1481,-1,1481,1631,1498,-1,822,823,1648,-1,834,835,1649,-1,839,841,1650,-1,1493,1494,1651,-1,1651,1494,1652,-1,1651,1652,1653,-1,1491,1600,1487,-1,1487,1600,1654,-1,1492,1493,1655,-1,1655,1493,1651,-1,1655,1651,1656,-1,1656,1651,1653,-1,1656,1653,1649,-1,1600,1603,1654,-1,1654,1603,1602,-1,1654,1602,1657,-1,1658,1659,1660,-1,1488,1487,1661,-1,1661,1487,1654,-1,1661,1654,1662,-1,1662,1654,1657,-1,1662,1657,1663,-1,1663,1657,1664,-1,839,1650,837,-1,835,837,1649,-1,1649,837,1650,-1,1649,1650,1656,-1,1656,1650,1665,-1,1656,1665,1655,-1,1655,1665,1666,-1,1655,1666,1492,-1,1492,1666,1480,-1,1660,830,832,-1,1652,1658,1653,-1,1653,1658,1660,-1,1653,1660,1649,-1,1649,1660,832,-1,1649,832,834,-1,825,808,1659,-1,823,825,1648,-1,1648,825,1659,-1,1648,1659,1667,-1,1667,1659,1658,-1,1667,1658,1668,-1,1668,1658,1652,-1,1668,1652,1489,-1,1489,1652,1494,-1,808,810,1659,-1,1659,810,826,-1,1659,826,1660,-1,1660,826,828,-1,1660,828,830,-1,1489,1488,1668,-1,1668,1488,1661,-1,1668,1661,1667,-1,1667,1661,1662,-1,1667,1662,1648,-1,1648,1662,1663,-1,1648,1663,822,-1,811,813,1663,-1,1663,813,820,-1,1663,820,822,-1,1602,1604,1657,-1,1657,1604,1605,-1,1657,1605,1664,-1,1664,1605,1609,-1,1664,1609,1608,-1,811,1663,818,-1,818,1663,1664,-1,818,1664,817,-1,817,1664,1608,-1,817,1608,816,-1,841,750,1645,-1,841,1645,1650,-1,1650,1645,1646,-1,1650,1646,1665,-1,1665,1646,1647,-1,1665,1647,1666,-1,1666,1647,1481,-1,1666,1481,1480,-1,1669,401,1670,-1,1670,401,1671,-1,1672,1671,401,-1,1673,1672,401,-1,1674,1673,401,-1,1675,1676,1677,-1,1678,1679,1680,-1,1681,1682,1683,-1,1456,1286,1684,-1,1470,1467,1685,-1,1685,1467,1468,-1,1685,1468,1681,-1,1681,1468,1469,-1,1681,1469,1686,-1,1686,1469,1466,-1,1686,1466,1465,-1,1687,1688,1470,-1,1470,1688,1471,-1,1471,1688,1689,-1,1471,1689,1472,-1,1472,1689,1473,-1,1473,1689,1690,-1,1473,1690,1474,-1,1474,1690,1476,-1,1476,1690,1680,-1,1476,1680,1475,-1,1475,1680,1679,-1,1475,1679,1155,-1,1682,1681,1691,-1,1691,1681,1686,-1,1691,1686,1684,-1,1684,1686,1465,-1,1684,1465,1456,-1,1692,1693,1694,-1,1694,1693,1678,-1,1470,1685,1687,-1,1687,1685,1681,-1,1687,1681,1695,-1,1695,1681,1683,-1,1695,1683,1696,-1,1678,1680,1694,-1,1694,1680,1690,-1,1694,1690,1697,-1,1697,1690,1689,-1,1697,1689,1698,-1,1698,1689,1688,-1,1698,1688,1699,-1,1699,1688,1687,-1,1699,1687,1700,-1,1700,1687,1695,-1,1700,1695,1675,-1,1675,1695,1696,-1,1675,1696,1676,-1,401,1701,1702,-1,1702,1701,1703,-1,1702,1703,1692,-1,1674,401,1702,-1,1692,1694,1702,-1,1702,1694,1697,-1,1702,1697,1674,-1,1674,1697,1698,-1,1674,1698,1673,-1,1673,1698,1699,-1,1673,1699,1672,-1,1672,1699,1700,-1,1672,1700,1671,-1,1671,1700,1675,-1,1671,1675,1670,-1,1670,1675,1677,-1,1670,1677,1669,-1,1677,1676,1704,-1,1704,1676,1705,-1,1286,1285,1684,-1,1684,1285,1706,-1,1676,1696,1705,-1,1705,1696,1683,-1,1705,1683,1707,-1,1707,1683,1682,-1,1707,1682,1706,-1,1706,1682,1691,-1,1706,1691,1684,-1,1708,1669,1677,-1,1669,1708,401,-1,1285,1292,1706,-1,1706,1292,1709,-1,1706,1709,1707,-1,1707,1709,1710,-1,1707,1710,1705,-1,1705,1710,1711,-1,1705,1711,1704,-1,1704,1711,1712,-1,1294,1296,1713,-1,1292,1294,1709,-1,1709,1294,1713,-1,1709,1713,1710,-1,1710,1713,1714,-1,1710,1714,1711,-1,1711,1714,1715,-1,1711,1715,1712,-1,1712,1715,1716,-1,1296,1302,1713,-1,1713,1302,1717,-1,1713,1717,1714,-1,1714,1717,1718,-1,1714,1718,1715,-1,1715,1718,1719,-1,1715,1719,1716,-1,1716,1719,1720,-1,1302,1304,1717,-1,1717,1304,1299,-1,1717,1299,1298,-1,1298,1721,1717,-1,1717,1721,1722,-1,1717,1722,1718,-1,1718,1722,1723,-1,1718,1723,1719,-1,1719,1723,1724,-1,1719,1724,1720,-1,1720,1724,1725,-1,1720,1725,1726,-1,1677,1704,1708,-1,1708,1704,1712,-1,1708,1712,1727,-1,1727,1712,1716,-1,1727,1716,1728,-1,1728,1716,1720,-1,1728,1720,1729,-1,1729,1720,1726,-1,1729,1726,1730,-1,401,1708,1731,-1,1731,1708,1727,-1,1731,1727,1732,-1,1732,1727,1728,-1,1732,1728,1733,-1,1733,1728,1729,-1,1733,1729,1734,-1,1734,1729,1730,-1,1734,1730,368,-1,1156,1155,1735,-1,1735,1155,1679,-1,1735,1679,1736,-1,1736,1679,1678,-1,1736,1678,1737,-1,1737,1678,1693,-1,1737,1693,1738,-1,1738,1693,1692,-1,1738,1692,1739,-1,1739,1692,1703,-1,1739,1703,1740,-1,1703,1701,1740,-1,1740,1701,401,-1,1740,401,407,-1,1298,1337,1721,-1,1721,1337,1741,-1,1721,1741,1722,-1,1722,1741,1723,-1,1341,1742,1343,-1,1343,1742,1741,-1,1343,1741,1336,-1,1336,1741,1337,-1,1333,1743,1334,-1,1334,1743,1742,-1,1334,1742,1340,-1,1340,1742,1341,-1,1333,1331,1743,-1,1743,1331,1330,-1,1743,1330,1744,-1,1330,1421,1744,-1,1744,1421,1405,-1,1744,1405,1745,-1,1745,1405,1395,-1,1395,1394,1745,-1,1745,1394,1376,-1,1745,1376,1746,-1,1746,1376,1328,-1,1328,1327,1746,-1,1746,1327,1367,-1,1746,1367,1747,-1,1747,1367,1345,-1,1747,1345,1322,-1,1725,1724,1748,-1,1748,1724,1723,-1,1723,1741,1748,-1,1748,1741,1742,-1,1748,1742,1749,-1,1749,1742,1743,-1,1749,1743,1750,-1,1750,1743,1744,-1,1750,1744,1751,-1,1751,1744,1745,-1,1751,1745,1752,-1,1752,1745,1746,-1,1752,1746,1753,-1,1753,1746,1747,-1,1753,1747,1754,-1,1730,1726,1755,-1,1755,1726,1725,-1,1725,1748,1755,-1,1755,1748,1749,-1,1755,1749,1756,-1,1756,1749,1750,-1,1756,1750,1757,-1,1757,1750,1751,-1,1757,1751,1758,-1,1758,1751,1752,-1,1758,1752,1759,-1,1759,1752,1753,-1,1759,1753,1760,-1,1760,1753,1754,-1,1760,1754,1761,-1,1762,368,1730,-1,1730,1755,1762,-1,1762,1755,1756,-1,1762,1756,1763,-1,1763,1756,1757,-1,1763,1757,1764,-1,1764,1757,1758,-1,1764,1758,1765,-1,1765,1758,1759,-1,1765,1759,1766,-1,1766,1759,1760,-1,1766,1760,1767,-1,1767,1760,1761,-1,1767,1761,366,-1,1740,407,1768,-1,1769,1770,407,-1,1454,1453,1771,-1,1449,1448,1772,-1,1772,1448,1445,-1,1772,1445,1156,-1,1447,1446,1773,-1,1773,1446,1451,-1,1453,1452,1771,-1,1771,1452,1447,-1,1771,1447,1774,-1,1774,1447,1773,-1,1774,1773,1775,-1,1436,1435,1776,-1,1776,1435,1455,-1,1776,1455,1777,-1,1129,1436,1778,-1,1778,1436,1776,-1,1778,1776,1779,-1,1779,1776,1777,-1,1779,1777,1780,-1,1780,1777,1781,-1,1782,1783,1784,-1,1784,1783,1785,-1,1784,1785,1781,-1,1781,1785,1786,-1,1781,1786,1780,-1,1455,1454,1777,-1,1777,1454,1771,-1,1777,1771,1781,-1,1781,1771,1774,-1,1781,1774,1784,-1,1784,1774,1775,-1,1784,1775,1782,-1,1156,1735,1772,-1,1772,1735,1736,-1,1772,1736,1787,-1,1770,1769,1788,-1,1450,1449,1789,-1,1789,1449,1772,-1,1789,1772,1790,-1,1790,1772,1787,-1,1790,1787,1791,-1,1791,1787,1768,-1,1791,1768,407,-1,407,1792,1782,-1,1782,1792,1793,-1,1782,1793,1783,-1,1451,1794,1773,-1,1773,1794,1795,-1,1773,1795,1775,-1,1775,1795,1796,-1,1775,1796,1782,-1,1782,1796,407,-1,1794,1788,1795,-1,1795,1788,1769,-1,1795,1769,1796,-1,1796,1769,407,-1,1736,1737,1787,-1,1787,1737,1738,-1,1787,1738,1768,-1,1768,1738,1739,-1,1768,1739,1740,-1,1451,1450,1794,-1,1794,1450,1789,-1,1794,1789,1788,-1,1788,1789,1790,-1,1788,1790,1770,-1,1770,1790,1791,-1,1770,1791,407,-1,1322,1184,1797,-1,1322,1797,1747,-1,1747,1797,1798,-1,1747,1798,1754,-1,1754,1798,1799,-1,1754,1799,1761,-1,1761,1799,28,-1,1761,28,366,-1,1800,1801,1802,-1,1803,1113,1115,-1,1804,1805,1806,-1,1805,1804,1807,-1,1801,1807,1808,-1,1809,1810,1800,-1,1810,1809,33,-1,1803,1115,1811,-1,1811,1115,1117,-1,1811,1117,1812,-1,1117,1119,1812,-1,1812,1119,1124,-1,1812,1124,1813,-1,1807,1804,1808,-1,1808,1804,1814,-1,1808,1814,1815,-1,1815,1814,1816,-1,1815,1816,1817,-1,1817,1816,1818,-1,1817,1818,1819,-1,1801,1808,1802,-1,1802,1808,1815,-1,1802,1815,1820,-1,1820,1815,1817,-1,1820,1817,1821,-1,1821,1817,1819,-1,1821,1819,1822,-1,1129,1778,1125,-1,1125,1778,1126,-1,1124,1123,1813,-1,1813,1123,1126,-1,1813,1126,1823,-1,1823,1126,1778,-1,1823,1778,1779,-1,1779,1818,1823,-1,1823,1818,1816,-1,1823,1816,1813,-1,1813,1816,1814,-1,1813,1814,1812,-1,1812,1814,1804,-1,1812,1804,1811,-1,1811,1804,1806,-1,1811,1806,1803,-1,1779,1780,1818,-1,1818,1780,1786,-1,1818,1786,1819,-1,1819,1786,1785,-1,1819,1785,1822,-1,1822,1785,1783,-1,1822,1783,1793,-1,1800,1802,1809,-1,1809,1802,1820,-1,1809,1820,1824,-1,1824,1820,1821,-1,1824,1821,1825,-1,1825,1821,1822,-1,1825,1822,1826,-1,1826,1822,1793,-1,1826,1793,1792,-1,33,1809,1827,-1,1827,1809,1824,-1,1827,1824,1828,-1,1828,1824,1825,-1,1828,1825,1829,-1,1829,1825,1826,-1,1829,1826,1830,-1,1830,1826,1792,-1,1830,1792,407,-1,28,1799,1831,-1,1799,1798,1832,-1,1184,1183,1797,-1,1797,1183,1165,-1,1797,1165,1833,-1,1273,1834,1167,-1,1167,1834,1833,-1,1167,1833,1164,-1,1164,1833,1165,-1,1273,1272,1834,-1,1834,1272,1271,-1,1834,1271,1835,-1,1835,1271,1169,-1,1835,1169,1168,-1,1168,1161,1835,-1,1835,1161,1171,-1,1835,1171,1836,-1,1176,1837,1172,-1,1172,1837,1836,-1,1172,1836,1173,-1,1173,1836,1171,-1,1176,1175,1837,-1,1837,1175,1178,-1,1837,1178,1838,-1,1838,1178,1180,-1,1838,1180,1182,-1,1182,1113,1803,-1,1182,1803,1838,-1,1838,1803,1806,-1,1838,1806,1805,-1,1805,1839,1838,-1,1838,1839,1840,-1,1838,1840,1837,-1,1837,1840,1841,-1,1837,1841,1836,-1,1836,1841,1842,-1,1836,1842,1835,-1,1835,1842,1843,-1,1835,1843,1834,-1,1834,1843,1832,-1,1834,1832,1833,-1,1833,1832,1798,-1,1833,1798,1797,-1,1799,1832,1831,-1,1831,1832,1843,-1,1831,1843,1844,-1,1844,1843,1842,-1,1844,1842,1845,-1,1845,1842,1841,-1,1845,1841,1846,-1,1846,1841,1840,-1,1846,1840,1847,-1,1847,1840,1839,-1,1847,1839,1848,-1,1805,1807,1839,-1,1839,1807,1801,-1,1839,1801,1848,-1,1848,1801,1800,-1,1848,1800,1810,-1,28,1831,1849,-1,1849,1831,1844,-1,1849,1844,1850,-1,1850,1844,1845,-1,1850,1845,1851,-1,1851,1845,1846,-1,1851,1846,1852,-1,1852,1846,1847,-1,1852,1847,1853,-1,1853,1847,1848,-1,1853,1848,1854,-1,1854,1848,1810,-1,1854,1810,33,-1,
        ]
    }
}
Shape{
    appearance Appearance {
        material  Material 	{
            diffuseColor 0.7529411764705882 0.7529411764705882 0.7529411764705882
            specularColor 0.3764705882352941 0.3764705882352941 0.3764705882352941
            ambientIntensity 0.2
            transparency 0
            shininess 0.5
        }
    }
    geometry IndexedFaceSet {
        ccw TRUE
        solid FALSE
        coord DEF co Coordinate {
            point [
                0.7095 -0.0575 -0.6741, 0.7023 -0.0688 -0.681, 0.7086 -0.0591 -0.681, 0.7136 -0.0494 -0.6698, 0.7152 -0.0432 -0.681, 0.7159 -0.0435 -0.6671, 0.7182 -0.0377 -0.6645, 0.7204 -0.0306 -0.681, 0.7216 -0.0258 -0.6604, 0.7234 -0.0148 -0.658, 0.7225 -0.0147 -0.681, 0.7236 -0.0138 -0.6578, 0.7244 0.0 -0.681, 0.7241 -0.0091 -0.6572, 0.7225 0.0147 -0.681, 0.7239 0.0114 -0.6575, 0.7244 -0.0008 -0.6567, 0.7204 0.0306 -0.681, 0.7221 0.0234 -0.6598, 0.7233 0.0148 -0.6581, 0.7086 0.0591 -0.681, 0.7145 0.0473 -0.6688, 0.7152 0.0432 -0.681, 0.7159 0.0435 -0.6671, 0.7191 0.0351 -0.6635, 0.7023 0.0688 -0.681, 0.7036 0.0669 -0.6798, 0.7086 0.0591 -0.6751, 1.1023 0.0591 -3.1496, 1.1141 0.0306 -3.1496, 1.0 0.0 -3.1496, 1.1181 0.0 -3.1496, 1.1141 -0.0306 -3.1496, 1.0306 0.1141 -3.1496, 1.0591 0.1023 -3.1496, 1.0835 0.0835 -3.1496, 0.9409 0.1023 -3.1496, 0.9694 0.1141 -3.1496, 1.0 0.1181 -3.1496, 0.8859 0.0306 -3.1496, 0.8977 0.0591 -3.1496, 0.9165 0.0835 -3.1496, 0.8977 -0.0591 -3.1496, 0.8859 -0.0306 -3.1496, 0.8819 0.0 -3.1496, 0.9694 -0.1141 -3.1496, 0.9409 -0.1023 -3.1496, 0.9165 -0.0835 -3.1496, 1.0591 -0.1023 -3.1496, 1.0306 -0.1141 -3.1496, 1.0 -0.1181 -3.1496, 1.1023 -0.0591 -3.1496, 1.0835 -0.0835 -3.1496, 0.7835 0.0 -0.7833, 0.7815 0.0306 -0.7868, 0.764 0.0306 -0.7746, 0.7222 0.0306 -0.7022, 0.7756 0.0591 -0.797, 0.7564 0.0591 -0.7836, 0.4955 -0.039 -0.702, 0.493 -0.0305 -0.7019, 0.4975 -0.0306 -0.7419, 0.5419 0.0984 -0.7037, 0.5482 0.1021 -0.704, 0.5517 0.1023 -0.7323, 0.6185 0.1176 -0.7089, 0.6324 0.1157 -0.7112, 0.6099 0.1181 -0.7221, 0.64 0.1141 -0.7167, 0.5784 0.1145 -0.7053, 0.5919 0.1171 -0.7061, 0.5798 0.1141 -0.7274, 0.6055 0.1181 -0.7073, 0.6078 0.118 -0.7076, 0.5537 0.1053 -0.7042, 0.5661 0.1107 -0.7047, 0.5769 0.114 -0.7052, 0.531 0.0904 -0.7033, 0.5276 0.0835 -0.7366, 0.5237 0.0834 -0.7029, 0.5205 0.0804 -0.7028, 0.5092 0.0591 -0.7398, 0.5118 0.0699 -0.7025, 0.493 0.0305 -0.7019, 0.494 0.0345 -0.7019, 0.4975 0.0306 -0.7419, 0.4987 0.0472 -0.7021, 0.5045 0.0587 -0.7022, 0.4908 0.0214 -0.7018, 0.4936 0.0 -0.7426, 0.4891 0.0087 -0.7018, 0.4919 -0.0268 -0.7018, 0.4896 -0.0135 -0.7018, 0.4888 0.0 -0.7018, 0.5007 -0.0516 -0.7021, 0.5092 -0.0591 -0.7398, 0.5048 -0.059 -0.7023, 0.5238 -0.0838 -0.7029, 0.5235 -0.0835 -0.7029, 0.5276 -0.0835 -0.7366, 0.5147 -0.0737 -0.7026, 0.5073 -0.0633 -0.7023, 0.5517 -0.1023 -0.7323, 0.5482 -0.1021 -0.704, 0.5419 -0.0984 -0.7037, 0.5339 -0.0927 -0.7034, 0.5784 -0.1145 -0.7053, 0.5769 -0.114 -0.7052, 0.5798 -0.1141 -0.7274, 0.5661 -0.1107 -0.7047, 0.5537 -0.1053 -0.7042, 0.6099 -0.1181 -0.7221, 0.6055 -0.1181 -0.7073, 0.5919 -0.1171 -0.7061, 0.64 -0.1141 -0.7167, 0.639 -0.1142 -0.7126, 0.6324 -0.1157 -0.7112, 0.6185 -0.1176 -0.7089, 0.6078 -0.118 -0.7076, 0.6517 -0.1102 -0.7147, 0.6484 -0.1114 -0.7143, 0.6393 -0.1141 -0.7127, 0.676 -0.1023 -0.7416, 0.6644 -0.1046 -0.715, 0.6493 -0.1141 -0.7514, 0.6534 -0.1096 -0.7149, 0.6765 -0.0971 -0.7126, 0.6827 -0.0919 -0.7093, 0.699 -0.0835 -0.7333, 0.6746 -0.0984 -0.7132, 0.6684 -0.1022 -0.7143, 0.6903 -0.0847 -0.7036, 0.6859 -0.0892 -0.7076, 0.6921 -0.0835 -0.7076, 0.6983 -0.0745 -0.6911, 0.7106 -0.0591 -0.7043, 0.6944 -0.0798 -0.6984, 0.6913 -0.0835 -0.7023, 0.6983 0.0745 -0.6911, 0.7106 0.0591 -0.7043, 0.6944 0.0798 -0.6984, 0.6913 0.0835 -0.7023, 0.6827 0.0919 -0.7093, 0.6859 0.0892 -0.7076, 0.6921 0.0835 -0.7076, 0.6903 0.0847 -0.7036, 0.6685 0.1022 -0.7144, 0.6701 0.1014 -0.7143, 0.676 0.1023 -0.7416, 0.6746 0.0984 -0.7132, 0.699 0.0835 -0.7333, 0.6765 0.0971 -0.7126, 0.6619 0.1058 -0.7151, 0.6493 0.1141 -0.7514, 0.6518 0.1101 -0.7146, 0.639 0.1142 -0.7126, 0.6393 0.1141 -0.7127, 0.6508 0.1105 -0.7146, 0.7262 0.0 -0.7015, 0.7222 -0.0306 -0.7022, 0.7315 0.0 -0.7214, 0.7278 -0.0306 -0.7228, 0.7167 -0.0591 -0.7268, 0.6205 -0.1181 -0.7618, 0.5918 -0.1141 -0.7723, 0.5651 -0.1023 -0.782, 0.5421 -0.0835 -0.7904, 0.5244 -0.0591 -0.7968, 0.5133 -0.0306 -0.8008, 0.5096 0.0 -0.8022, 0.5133 0.0306 -0.8008, 0.5244 0.0591 -0.7968, 0.5421 0.0835 -0.7904, 0.5651 0.1023 -0.782, 0.5918 0.1141 -0.7723, 0.6205 0.1181 -0.7618, 0.7666 0.0 -0.7715, 0.7815 -0.0306 -0.7868, 0.764 -0.0306 -0.7746, 0.7756 -0.0591 -0.797, 0.7564 -0.0591 -0.7836, 0.7662 -0.0835 -0.8133, 0.7444 -0.0835 -0.798, 0.7539 -0.1023 -0.8345, 0.7286 -0.1023 -0.8168, 0.7397 -0.1141 -0.8591, 0.7103 -0.1141 -0.8386, 0.7244 -0.1181 -0.8856, 0.6907 -0.1181 -0.862, 0.7091 -0.1141 -0.9121, 0.671 -0.1141 -0.8854, 0.6949 -0.1023 -0.9368, 0.6527 -0.1023 -0.9072, 0.6827 -0.0835 -0.9579, 0.637 -0.0835 -0.926, 0.6733 -0.0591 -0.9742, 0.6249 -0.0591 -0.9403, 0.6674 -0.0306 -0.9844, 0.6173 -0.0306 -0.9494, 0.6654 0.0 -0.9879, 0.6148 0.0 -0.9525, 0.6674 0.0306 -0.9844, 0.6173 0.0306 -0.9494, 0.6733 0.0591 -0.9742, 0.6249 0.0591 -0.9403, 0.6827 0.0835 -0.9579, 0.637 0.0835 -0.926, 0.6949 0.1023 -0.9368, 0.6527 0.1023 -0.9072, 0.7091 0.1141 -0.9121, 0.671 0.1141 -0.8854, 0.7244 0.1181 -0.8856, 0.6907 0.1181 -0.862, 0.7397 0.1141 -0.8591, 0.7103 0.1141 -0.8386, 0.7539 0.1023 -0.8345, 0.7286 0.1023 -0.8168, 0.7662 0.0835 -0.8133, 0.7444 0.0835 -0.798, 0.752 0.0 -0.757, 0.749 -0.0306 -0.7595, 0.7399 -0.0591 -0.7671, 0.7255 -0.0835 -0.7792, 0.7068 -0.1023 -0.7949, 0.685 -0.1141 -0.8132, 0.6616 -0.1181 -0.8329, 0.6381 -0.1141 -0.8525, 0.6163 -0.1023 -0.8708, 0.5976 -0.0835 -0.8866, 0.5832 -0.0591 -0.8986, 0.5742 -0.0306 -0.9062, 0.5711 0.0 -0.9088, 0.5742 0.0306 -0.9062, 0.5832 0.0591 -0.8986, 0.5976 0.0835 -0.8866, 0.6163 0.1023 -0.8708, 0.6381 0.1141 -0.8525, 0.6616 0.1181 -0.8329, 0.685 0.1141 -0.8132, 0.7068 0.1023 -0.7949, 0.7255 0.0835 -0.7792, 0.7402 0.0 -0.7401, 0.7367 -0.0306 -0.7421, 0.7265 -0.0591 -0.748, 0.7103 -0.0835 -0.7574, 0.6891 -0.1023 -0.7696, 0.6644 -0.1141 -0.7839, 0.6379 -0.1181 -0.7991, 0.6115 -0.1141 -0.8144, 0.5868 -0.1023 -0.8287, 0.5656 -0.0835 -0.8409, 0.5494 -0.0591 -0.8503, 0.5391 -0.0306 -0.8562, 0.5357 0.0 -0.8582, 0.5391 0.0306 -0.8562, 0.5494 0.0591 -0.8503, 0.5656 0.0835 -0.8409, 0.5868 0.1023 -0.8287, 0.6115 0.1141 -0.8144, 0.6379 0.1181 -0.7991, 0.6644 0.1141 -0.7839, 0.6891 0.1023 -0.7696, 0.7103 0.0835 -0.7574, 0.7167 0.0591 -0.7268, 0.7265 0.0591 -0.748, 0.7399 0.0591 -0.7671, 0.749 0.0306 -0.7595, 0.7367 0.0306 -0.7421, 0.7278 0.0306 -0.7228, 0.8228 0.0 -1.0788, 0.8248 0.0306 -1.0753, 0.8307 0.0591 -1.0651, 0.8401 0.0835 -1.0489, 0.8524 0.1023 -1.0277, 0.8666 0.1141 -1.003, 0.8819 0.1181 -0.9765, 0.8972 0.1141 -0.9501, 0.9114 0.1023 -0.9254, 0.9236 0.0835 -0.9042, 0.933 0.0591 -0.8879, 0.9389 0.0306 -0.8777, 0.9409 0.0 -0.8742, 0.9389 -0.0306 -0.8777, 0.933 -0.0591 -0.8879, 0.9236 -0.0835 -0.9042, 0.9114 -0.1023 -0.9254, 0.8972 -0.1141 -0.9501, 0.8819 -0.1181 -0.9765, 0.8666 -0.1141 -1.003, 0.8524 -0.1023 -1.0277, 0.8401 -0.0835 -1.0489, 0.8307 -0.0591 -1.0651, 0.8248 -0.0306 -1.0753, 0.8819 -0.0 -1.1811, 0.8801 -0.0 -1.1606, 0.8859 0.0306 -1.1811, 0.8841 0.0306 -1.1599, 0.8977 0.0591 -1.1811, 0.8957 0.0591 -1.1578, 0.9165 0.0835 -1.1811, 0.9142 0.0835 -1.1546, 0.9409 0.1023 -1.1811, 0.9383 0.1023 -1.1503, 0.9694 0.1141 -1.1811, 0.9663 0.1141 -1.1454, 1.0 0.1181 -1.1811, 0.9964 0.1181 -1.1401, 1.0306 0.1141 -1.1811, 1.0265 0.1141 -1.1348, 1.0591 0.1023 -1.1811, 1.0546 0.1023 -1.1298, 1.0835 0.0835 -1.1811, 1.0787 0.0835 -1.1256, 1.1023 0.0591 -1.1811, 1.0971 0.0591 -1.1223, 1.1141 0.0306 -1.1811, 1.1088 0.0306 -1.1203, 1.1181 -0.0 -1.1811, 1.1127 -0.0 -1.1196, 1.1141 -0.0306 -1.1811, 1.1088 -0.0306 -1.1203, 1.1023 -0.0591 -1.1811, 1.0971 -0.0591 -1.1223, 1.0835 -0.0835 -1.1811, 1.0787 -0.0835 -1.1256, 1.0591 -0.1023 -1.1811, 1.0546 -0.1023 -1.1298, 1.0306 -0.1141 -1.1811, 1.0265 -0.1141 -1.1348, 1.0 -0.1181 -1.1811, 0.9964 -0.1181 -1.1401, 0.9694 -0.1141 -1.1811, 0.9663 -0.1141 -1.1454, 0.9409 -0.1023 -1.1811, 0.9383 -0.1023 -1.1503, 0.9165 -0.0835 -1.1811, 0.9142 -0.0835 -1.1546, 0.8977 -0.0591 -1.1811, 0.8957 -0.0591 -1.1578, 0.8859 -0.0306 -1.1811, 0.8841 -0.0306 -1.1599, 0.8748 -0.0 -1.1407, 0.8785 0.0306 -1.1393, 0.8896 0.0591 -1.1353, 0.9073 0.0835 -1.1289, 0.9303 0.1023 -1.1205, 0.957 0.1141 -1.1108, 0.9858 0.1181 -1.1003, 1.0145 0.1141 -1.0899, 1.0412 0.1023 -1.0801, 1.0642 0.0835 -1.0717, 1.0819 0.0591 -1.0653, 1.093 0.0306 -1.0613, 1.0967 -0.0 -1.0599, 1.093 -0.0306 -1.0613, 1.0819 -0.0591 -1.0653, 1.0642 -0.0835 -1.0717, 1.0412 -0.1023 -1.0801, 1.0145 -0.1141 -1.0899, 0.9858 -0.1181 -1.1003, 0.957 -0.1141 -1.1108, 0.9303 -0.1023 -1.1205, 0.9073 -0.0835 -1.1289, 0.8896 -0.0591 -1.1353, 0.8785 -0.0306 -1.1393, 0.8661 -0.0 -1.122, 0.8696 0.0306 -1.12, 0.8798 0.0591 -1.1141, 0.896 0.0835 -1.1048, 0.9172 0.1023 -1.0925, 0.9419 0.1141 -1.0783, 0.9684 0.1181 -1.063, 0.9948 0.1141 -1.0477, 1.0195 0.1023 -1.0335, 1.0407 0.0835 -1.0212, 1.0569 0.0591 -1.0118, 1.0672 0.0306 -1.0059, 1.0706 -0.0 -1.0039, 1.0672 -0.0306 -1.0059, 1.0569 -0.0591 -1.0118, 1.0407 -0.0835 -1.0212, 1.0195 -0.1023 -1.0335, 0.9948 -0.1141 -1.0477, 0.9684 -0.1181 -1.063, 0.9419 -0.1141 -1.0783, 0.9172 -0.1023 -1.0925, 0.896 -0.0835 -1.1048, 0.8798 -0.0591 -1.1141, 0.8696 -0.0306 -1.12, 0.8543 -0.0 -1.1052, 0.8573 0.0306 -1.1026, 0.8664 0.0591 -1.095, 0.8808 0.0835 -1.0829, 0.8995 0.1023 -1.0672, 0.9213 0.1141 -1.0489, 0.9447 0.1181 -1.0293, 0.9682 0.1141 -1.0096, 0.99 0.1023 -0.9913, 1.0087 0.0835 -0.9756, 1.0231 0.0591 -0.9635, 1.0321 0.0306 -0.9559, 1.0352 -0.0 -0.9533, 1.0321 -0.0306 -0.9559, 1.0231 -0.0591 -0.9635, 1.0087 -0.0835 -0.9756, 0.99 -0.1023 -0.9913, 0.9682 -0.1141 -1.0096, 0.9447 -0.1181 -1.0293, 0.9213 -0.1141 -1.0489, 0.8995 -0.1023 -1.0672, 0.8808 -0.0835 -1.0829, 0.8664 -0.0591 -1.095, 0.8573 -0.0306 -1.1026, 0.8397 -0.0 -1.0906, 0.8423 0.0306 -1.0875, 0.8499 0.0591 -1.0785, 0.8619 0.0835 -1.0641, 0.8777 0.1023 -1.0454, 0.896 0.1141 -1.0236, 0.9156 0.1181 -1.0001, 0.9353 0.1141 -0.9767, 0.9536 0.1023 -0.9549, 0.9693 0.0835 -0.9362, 0.9814 0.0591 -0.9218, 0.989 0.0306 -0.9128, 0.9915 -0.0 -0.9097, 0.989 -0.0306 -0.9128, 0.9814 -0.0591 -0.9218, 0.9693 -0.0835 -0.9362, 0.9536 -0.1023 -0.9549, 0.9353 -0.1141 -0.9767, 0.9156 -0.1181 -1.0001, 0.896 -0.1141 -1.0236, 0.8777 -0.1023 -1.0454, 0.8619 -0.0835 -1.0641, 0.8499 -0.0591 -1.0785, 0.8423 -0.0306 -1.0875, -0.7095 0.0575 -0.6741, -0.7023 0.0688 -0.681, -0.7086 0.0591 -0.681, -0.7136 0.0494 -0.6698, -0.7152 0.0432 -0.681, -0.7159 0.0435 -0.6671, -0.7182 0.0377 -0.6645, -0.7204 0.0306 -0.681, -0.7216 0.0258 -0.6604, -0.7234 0.0148 -0.658, -0.7225 0.0147 -0.681, -0.7236 0.0138 -0.6578, -0.7244 0.0 -0.681, -0.7241 0.0091 -0.6572, -0.7225 -0.0147 -0.681, -0.7239 -0.0114 -0.6575, -0.7244 0.0008 -0.6567, -0.7204 -0.0306 -0.681, -0.7221 -0.0234 -0.6598, -0.7233 -0.0148 -0.6581, -0.7086 -0.0591 -0.681, -0.7145 -0.0473 -0.6688, -0.7152 -0.0432 -0.681, -0.7159 -0.0435 -0.6671, -0.7191 -0.0351 -0.6635, -0.7023 -0.0688 -0.681, -0.7036 -0.0669 -0.6798, -0.7086 -0.0591 -0.6751, -1.1023 -0.0591 -3.1496, -1.1141 -0.0306 -3.1496, -1.0 0.0 -3.1496, -1.1181 -0.0 -3.1496, -1.1141 0.0306 -3.1496, -1.0306 -0.1141 -3.1496, -1.0591 -0.1023 -3.1496, -1.0835 -0.0835 -3.1496, -0.9409 -0.1023 -3.1496, -0.9694 -0.1141 -3.1496, -1.0 -0.1181 -3.1496, -0.8859 -0.0306 -3.1496, -0.8977 -0.0591 -3.1496, -0.9165 -0.0835 -3.1496, -0.8977 0.0591 -3.1496, -0.8859 0.0306 -3.1496, -0.8819 0.0 -3.1496, -0.9694 0.1141 -3.1496, -0.9409 0.1023 -3.1496, -0.9165 0.0835 -3.1496, -1.0591 0.1023 -3.1496, -1.0306 0.1141 -3.1496, -1.0 0.1181 -3.1496, -1.1023 0.0591 -3.1496, -1.0835 0.0835 -3.1496, -0.7835 -0.0 -0.7833, -0.7815 -0.0306 -0.7868, -0.764 -0.0306 -0.7746, -0.7222 -0.0306 -0.7022, -0.7756 -0.0591 -0.797, -0.7564 -0.0591 -0.7836, -0.4955 0.039 -0.702, -0.493 0.0305 -0.7019, -0.4975 0.0306 -0.7419, -0.5419 -0.0984 -0.7037, -0.5482 -0.1021 -0.704, -0.5517 -0.1023 -0.7323, -0.6185 -0.1176 -0.7089, -0.6324 -0.1157 -0.7112, -0.6099 -0.1181 -0.7221, -0.64 -0.1141 -0.7167, -0.5784 -0.1145 -0.7053, -0.5919 -0.1171 -0.7061, -0.5798 -0.1141 -0.7274, -0.6055 -0.1181 -0.7073, -0.6078 -0.118 -0.7076, -0.5537 -0.1053 -0.7042, -0.5661 -0.1107 -0.7047, -0.5769 -0.114 -0.7052, -0.531 -0.0904 -0.7033, -0.5276 -0.0835 -0.7366, -0.5237 -0.0834 -0.7029, -0.5205 -0.0804 -0.7028, -0.5092 -0.0591 -0.7398, -0.5118 -0.0699 -0.7025, -0.493 -0.0305 -0.7019, -0.494 -0.0345 -0.7019, -0.4975 -0.0306 -0.7419, -0.4987 -0.0472 -0.7021, -0.5045 -0.0587 -0.7022, -0.4908 -0.0214 -0.7018, -0.4936 -0.0 -0.7426, -0.4891 -0.0087 -0.7018, -0.4919 0.0268 -0.7018, -0.4896 0.0135 -0.7018, -0.4888 -0.0 -0.7018, -0.5007 0.0516 -0.7021, -0.5092 0.0591 -0.7398, -0.5048 0.059 -0.7023, -0.5238 0.0838 -0.7029, -0.5235 0.0835 -0.7029, -0.5276 0.0835 -0.7366, -0.5147 0.0737 -0.7026, -0.5073 0.0633 -0.7023, -0.5517 0.1023 -0.7323, -0.5482 0.1021 -0.704, -0.5419 0.0984 -0.7037, -0.5339 0.0927 -0.7034, -0.5784 0.1145 -0.7053, -0.5769 0.114 -0.7052, -0.5798 0.1141 -0.7274, -0.5661 0.1107 -0.7047, -0.5537 0.1053 -0.7042, -0.6099 0.1181 -0.7221, -0.6055 0.1181 -0.7073, -0.5919 0.1171 -0.7061, -0.64 0.1141 -0.7167, -0.639 0.1142 -0.7126, -0.6324 0.1157 -0.7112, -0.6185 0.1176 -0.7089, -0.6078 0.118 -0.7076, -0.6517 0.1102 -0.7147, -0.6484 0.1114 -0.7143, -0.6393 0.1141 -0.7127, -0.676 0.1023 -0.7416, -0.6644 0.1046 -0.715, -0.6493 0.1141 -0.7514, -0.6534 0.1096 -0.7149, -0.6765 0.0971 -0.7126, -0.6827 0.0919 -0.7093, -0.699 0.0835 -0.7333, -0.6746 0.0984 -0.7132, -0.6684 0.1022 -0.7143, -0.6903 0.0847 -0.7036, -0.6859 0.0892 -0.7076, -0.6921 0.0835 -0.7076, -0.6983 0.0745 -0.6911, -0.7106 0.0591 -0.7043, -0.6944 0.0798 -0.6984, -0.6913 0.0835 -0.7023, -0.6983 -0.0745 -0.6911, -0.7106 -0.0591 -0.7043, -0.6944 -0.0798 -0.6984, -0.6913 -0.0835 -0.7023, -0.6827 -0.0919 -0.7093, -0.6859 -0.0892 -0.7076, -0.6921 -0.0835 -0.7076, -0.6903 -0.0847 -0.7036, -0.6685 -0.1022 -0.7144, -0.6701 -0.1014 -0.7143, -0.676 -0.1023 -0.7416, -0.6746 -0.0984 -0.7132, -0.699 -0.0835 -0.7333, -0.6765 -0.0971 -0.7126, -0.6619 -0.1058 -0.7151, -0.6493 -0.1141 -0.7514, -0.6518 -0.1101 -0.7146, -0.639 -0.1142 -0.7126, -0.6393 -0.1141 -0.7127, -0.6508 -0.1105 -0.7146, -0.7262 -0.0 -0.7015, -0.7222 0.0306 -0.7022, -0.7315 -0.0 -0.7214, -0.7278 0.0306 -0.7228, -0.7167 0.0591 -0.7268, -0.6205 0.1181 -0.7618, -0.5918 0.1141 -0.7723, -0.5651 0.1023 -0.782, -0.5421 0.0835 -0.7904, -0.5244 0.0591 -0.7968, -0.5133 0.0306 -0.8008, -0.5096 -0.0 -0.8022, -0.5133 -0.0306 -0.8008, -0.5244 -0.0591 -0.7968, -0.5421 -0.0835 -0.7904, -0.5651 -0.1023 -0.782, -0.5918 -0.1141 -0.7723, -0.6205 -0.1181 -0.7618, -0.7666 -0.0 -0.7715, -0.7815 0.0306 -0.7868, -0.764 0.0306 -0.7746, -0.7756 0.0591 -0.797, -0.7564 0.0591 -0.7836, -0.7662 0.0835 -0.8133, -0.7444 0.0835 -0.798, -0.7539 0.1023 -0.8345, -0.7286 0.1023 -0.8168, -0.7397 0.1141 -0.8591, -0.7103 0.1141 -0.8386, -0.7244 0.1181 -0.8856, -0.6907 0.1181 -0.862, -0.7091 0.1141 -0.9121, -0.671 0.1141 -0.8854, -0.6949 0.1023 -0.9368, -0.6527 0.1023 -0.9072, -0.6827 0.0835 -0.9579, -0.637 0.0835 -0.926, -0.6733 0.0591 -0.9742, -0.6249 0.0591 -0.9403, -0.6674 0.0306 -0.9844, -0.6173 0.0306 -0.9494, -0.6654 -0.0 -0.9879, -0.6148 -0.0 -0.9525, -0.6674 -0.0306 -0.9844, -0.6173 -0.0306 -0.9494, -0.6733 -0.0591 -0.9742, -0.6249 -0.0591 -0.9403, -0.6827 -0.0835 -0.9579, -0.637 -0.0835 -0.926, -0.6949 -0.1023 -0.9368, -0.6527 -0.1023 -0.9072, -0.7091 -0.1141 -0.9121, -0.671 -0.1141 -0.8854, -0.7244 -0.1181 -0.8856, -0.6907 -0.1181 -0.862, -0.7397 -0.1141 -0.8591, -0.7103 -0.1141 -0.8386, -0.7539 -0.1023 -0.8345, -0.7286 -0.1023 -0.8168, -0.7662 -0.0835 -0.8133, -0.7444 -0.0835 -0.798, -0.752 -0.0 -0.757, -0.749 0.0306 -0.7595, -0.7399 0.0591 -0.7671, -0.7255 0.0835 -0.7792, -0.7068 0.1023 -0.7949, -0.685 0.1141 -0.8132, -0.6616 0.1181 -0.8329, -0.6381 0.1141 -0.8525, -0.6163 0.1023 -0.8708, -0.5976 0.0835 -0.8866, -0.5832 0.0591 -0.8986, -0.5742 0.0306 -0.9062, -0.5711 -0.0 -0.9088, -0.5742 -0.0306 -0.9062, -0.5832 -0.0591 -0.8986, -0.5976 -0.0835 -0.8866, -0.6163 -0.1023 -0.8708, -0.6381 -0.1141 -0.8525, -0.6616 -0.1181 -0.8329, -0.685 -0.1141 -0.8132, -0.7068 -0.1023 -0.7949, -0.7255 -0.0835 -0.7792, -0.7402 -0.0 -0.7401, -0.7367 0.0306 -0.7421, -0.7265 0.0591 -0.748, -0.7103 0.0835 -0.7574, -0.6891 0.1023 -0.7696, -0.6644 0.1141 -0.7839, -0.6379 0.1181 -0.7991, -0.6115 0.1141 -0.8144, -0.5868 0.1023 -0.8287, -0.5656 0.0835 -0.8409, -0.5494 0.0591 -0.8503, -0.5391 0.0306 -0.8562, -0.5357 -0.0 -0.8582, -0.5391 -0.0306 -0.8562, -0.5494 -0.0591 -0.8503, -0.5656 -0.0835 -0.8409, -0.5868 -0.1023 -0.8287, -0.6115 -0.1141 -0.8144, -0.6379 -0.1181 -0.7991, -0.6644 -0.1141 -0.7839, -0.6891 -0.1023 -0.7696, -0.7103 -0.0835 -0.7574, -0.7167 -0.0591 -0.7268, -0.7265 -0.0591 -0.748, -0.7399 -0.0591 -0.7671, -0.749 -0.0306 -0.7595, -0.7367 -0.0306 -0.7421, -0.7278 -0.0306 -0.7228, -0.9409 0.0 -0.8742, -0.9389 0.0306 -0.8777, -0.933 0.0591 -0.8879, -0.9236 0.0835 -0.9042, -0.9114 0.1023 -0.9254, -0.8972 0.1141 -0.9501, -0.8819 0.1181 -0.9765, -0.8666 0.1141 -1.003, -0.8524 0.1023 -1.0277, -0.8401 0.0835 -1.0489, -0.8307 0.0591 -1.0651, -0.8248 0.0306 -1.0753, -0.8228 0.0 -1.0788, -0.8248 -0.0306 -1.0753, -0.8307 -0.0591 -1.0651, -0.8401 -0.0835 -1.0489, -0.8524 -0.1023 -1.0277, -0.8666 -0.1141 -1.003, -0.8819 -0.1181 -0.9765, -0.8972 -0.1141 -0.9501, -0.9114 -0.1023 -0.9254, -0.9236 -0.0835 -0.9042, -0.933 -0.0591 -0.8879, -0.9389 -0.0306 -0.8777, -0.8819 0.0 -1.1811, -0.8801 0.0 -1.1606, -0.8859 -0.0306 -1.1811, -0.8841 -0.0306 -1.1599, -0.8977 -0.0591 -1.1811, -0.8957 -0.0591 -1.1578, -0.9165 -0.0835 -1.1811, -0.9142 -0.0835 -1.1546, -0.9409 -0.1023 -1.1811, -0.9383 -0.1023 -1.1503, -0.9694 -0.1141 -1.1811, -0.9663 -0.1141 -1.1454, -1.0 -0.1181 -1.1811, -0.9964 -0.1181 -1.1401, -1.0306 -0.1141 -1.1811, -1.0265 -0.1141 -1.1348, -1.0591 -0.1023 -1.1811, -1.0546 -0.1023 -1.1298, -1.0835 -0.0835 -1.1811, -1.0787 -0.0835 -1.1256, -1.1023 -0.0591 -1.1811, -1.0971 -0.0591 -1.1223, -1.1141 -0.0306 -1.1811, -1.1088 -0.0306 -1.1203, -1.1181 0.0 -1.1811, -1.1127 0.0 -1.1196, -1.1141 0.0306 -1.1811, -1.1088 0.0306 -1.1203, -1.1023 0.0591 -1.1811, -1.0971 0.0591 -1.1223, -1.0835 0.0835 -1.1811, -1.0787 0.0835 -1.1256, -1.0591 0.1023 -1.1811, -1.0546 0.1023 -1.1298, -1.0306 0.1141 -1.1811, -1.0265 0.1141 -1.1348, -1.0 0.1181 -1.1811, -0.9964 0.1181 -1.1401, -0.9694 0.1141 -1.1811, -0.9663 0.1141 -1.1454, -0.9409 0.1023 -1.1811, -0.9383 0.1023 -1.1503, -0.9165 0.0835 -1.1811, -0.9142 0.0835 -1.1546, -0.8977 0.0591 -1.1811, -0.8957 0.0591 -1.1578, -0.8859 0.0306 -1.1811, -0.8841 0.0306 -1.1599, -0.8748 0.0 -1.1407, -0.8785 -0.0306 -1.1393, -0.8896 -0.0591 -1.1353, -0.9073 -0.0835 -1.1289, -0.9303 -0.1023 -1.1205, -0.957 -0.1141 -1.1108, -0.9858 -0.1181 -1.1003, -1.0145 -0.1141 -1.0899, -1.0412 -0.1023 -1.0801, -1.0642 -0.0835 -1.0717, -1.0819 -0.0591 -1.0653, -1.093 -0.0306 -1.0613, -1.0967 0.0 -1.0599, -1.093 0.0306 -1.0613, -1.0819 0.0591 -1.0653, -1.0642 0.0835 -1.0717, -1.0412 0.1023 -1.0801, -1.0145 0.1141 -1.0899, -0.9858 0.1181 -1.1003, -0.957 0.1141 -1.1108, -0.9303 0.1023 -1.1205, -0.9073 0.0835 -1.1289, -0.8896 0.0591 -1.1353, -0.8785 0.0306 -1.1393, -0.8661 0.0 -1.122, -0.8696 -0.0306 -1.12, -0.8798 -0.0591 -1.1141, -0.896 -0.0835 -1.1048, -0.9172 -0.1023 -1.0925, -0.9419 -0.1141 -1.0783, -0.9684 -0.1181 -1.063, -0.9948 -0.1141 -1.0477, -1.0195 -0.1023 -1.0335, -1.0407 -0.0835 -1.0212, -1.0569 -0.0591 -1.0118, -1.0672 -0.0306 -1.0059, -1.0706 0.0 -1.0039, -1.0672 0.0306 -1.0059, -1.0569 0.0591 -1.0118, -1.0407 0.0835 -1.0212, -1.0195 0.1023 -1.0335, -0.9948 0.1141 -1.0477, -0.9684 0.1181 -1.063, -0.9419 0.1141 -1.0783, -0.9172 0.1023 -1.0925, -0.896 0.0835 -1.1048, -0.8798 0.0591 -1.1141, -0.8696 0.0306 -1.12, -0.8543 0.0 -1.1052, -0.8573 -0.0306 -1.1026, -0.8664 -0.0591 -1.095, -0.8808 -0.0835 -1.0829, -0.8995 -0.1023 -1.0672, -0.9213 -0.1141 -1.0489, -0.9447 -0.1181 -1.0293, -0.9682 -0.1141 -1.0096, -0.99 -0.1023 -0.9913, -1.0087 -0.0835 -0.9756, -1.0231 -0.0591 -0.9635, -1.0321 -0.0306 -0.9559, -1.0352 0.0 -0.9533, -1.0321 0.0306 -0.9559, -1.0231 0.0591 -0.9635, -1.0087 0.0835 -0.9756, -0.99 0.1023 -0.9913, -0.9682 0.1141 -1.0096, -0.9447 0.1181 -1.0293, -0.9213 0.1141 -1.0489, -0.8995 0.1023 -1.0672, -0.8808 0.0835 -1.0829, -0.8664 0.0591 -1.095, -0.8573 0.0306 -1.1026, -0.8397 0.0 -1.0906, -0.8423 -0.0306 -1.0875, -0.8499 -0.0591 -1.0785, -0.8619 -0.0835 -1.0641, -0.8777 -0.1023 -1.0454, -0.896 -0.1141 -1.0236, -0.9156 -0.1181 -1.0001, -0.9353 -0.1141 -0.9767, -0.9536 -0.1023 -0.9549, -0.9693 -0.0835 -0.9362, -0.9814 -0.0591 -0.9218, -0.989 -0.0306 -0.9128, -0.9915 0.0 -0.9097, -0.989 0.0306 -0.9128, -0.9814 0.0591 -0.9218, -0.9693 0.0835 -0.9362, -0.9536 0.1023 -0.9549, -0.9353 0.1141 -0.9767, -0.9156 0.1181 -1.0001, -0.896 0.1141 -1.0236, -0.8777 0.1023 -1.0454, -0.8619 0.0835 -1.0641, -0.8499 0.0591 -1.0785, -0.8423 0.0306 -1.0875, -0.8423 0.0306 -1.0875
            ]
        }
        coordIndex [
            0,1,2,-1,0,2,3,-1,3,2,4,-1,3,4,5,-1,5,4,6,-1,6,4,7,-1,6,7,8,-1,8,7,9,-1,9,7,10,-1,9,10,11,-1,11,10,12,-1,11,12,13,-1,14,15,12,-1,12,15,16,-1,12,16,13,-1,17,18,14,-1,14,18,19,-1,14,19,15,-1,20,21,22,-1,22,21,23,-1,22,23,17,-1,17,23,24,-1,17,24,18,-1,25,26,20,-1,20,26,27,-1,20,27,21,-1,28,29,30,-1,30,29,31,-1,30,31,32,-1,33,34,30,-1,30,34,35,-1,30,35,28,-1,36,37,30,-1,30,37,38,-1,30,38,33,-1,39,40,30,-1,30,40,41,-1,30,41,36,-1,42,43,30,-1,30,43,44,-1,30,44,39,-1,45,46,30,-1,30,46,47,-1,30,47,42,-1,48,49,30,-1,30,49,50,-1,30,50,45,-1,32,51,30,-1,30,51,52,-1,30,52,48,-1,53,54,55,-1,22,17,56,-1,54,57,58,-1,59,60,61,-1,62,63,64,-1,65,66,67,-1,67,66,68,-1,69,70,71,-1,71,70,72,-1,71,72,67,-1,67,72,73,-1,67,73,65,-1,63,74,64,-1,64,74,75,-1,64,75,71,-1,71,75,76,-1,71,76,69,-1,62,64,77,-1,77,64,78,-1,77,78,79,-1,79,78,80,-1,80,78,81,-1,80,81,82,-1,83,84,85,-1,85,84,86,-1,85,86,81,-1,81,86,87,-1,81,87,82,-1,83,85,88,-1,88,85,89,-1,88,89,90,-1,60,91,61,-1,61,91,92,-1,61,92,89,-1,89,92,93,-1,89,93,90,-1,59,61,94,-1,94,61,95,-1,94,95,96,-1,97,98,99,-1,99,98,100,-1,99,100,95,-1,95,100,101,-1,95,101,96,-1,102,103,104,-1,102,104,99,-1,99,104,105,-1,99,105,97,-1,106,107,108,-1,108,107,109,-1,108,109,102,-1,102,109,110,-1,102,110,103,-1,111,112,108,-1,108,112,113,-1,108,113,106,-1,114,115,111,-1,111,115,116,-1,116,117,111,-1,111,117,118,-1,111,118,112,-1,119,120,114,-1,114,120,121,-1,114,121,115,-1,122,123,124,-1,124,123,125,-1,126,122,127,-1,127,122,128,-1,126,129,122,-1,122,129,130,-1,122,130,123,-1,131,132,133,-1,1,134,135,-1,135,134,136,-1,135,136,133,-1,133,136,137,-1,133,137,131,-1,25,20,138,-1,138,20,139,-1,138,139,140,-1,140,139,141,-1,142,143,144,-1,144,143,145,-1,144,145,141,-1,146,147,148,-1,148,147,149,-1,144,150,142,-1,142,150,148,-1,142,148,151,-1,151,148,149,-1,146,148,152,-1,152,148,153,-1,152,153,154,-1,66,155,68,-1,68,155,156,-1,68,156,157,-1,14,12,158,-1,158,12,10,-1,158,10,159,-1,10,7,159,-1,159,7,4,-1,159,4,135,-1,135,4,2,-1,135,2,1,-1,160,158,161,-1,161,158,159,-1,161,159,162,-1,162,159,135,-1,162,135,128,-1,128,135,133,-1,128,133,127,-1,127,133,132,-1,125,119,124,-1,124,119,114,-1,124,114,163,-1,163,114,111,-1,163,111,164,-1,164,111,108,-1,164,108,165,-1,165,108,102,-1,165,102,166,-1,166,102,99,-1,166,99,167,-1,167,99,95,-1,167,95,168,-1,168,95,61,-1,168,61,169,-1,169,61,89,-1,169,89,170,-1,170,89,85,-1,170,85,171,-1,171,85,81,-1,171,81,172,-1,172,81,78,-1,172,78,173,-1,173,78,64,-1,173,64,174,-1,174,64,71,-1,174,71,175,-1,175,71,67,-1,175,67,153,-1,153,67,68,-1,153,68,154,-1,154,68,157,-1,53,176,177,-1,177,176,178,-1,177,178,179,-1,179,178,180,-1,179,180,181,-1,181,180,182,-1,181,182,183,-1,183,182,184,-1,183,184,185,-1,185,184,186,-1,185,186,187,-1,187,186,188,-1,187,188,189,-1,189,188,190,-1,189,190,191,-1,191,190,192,-1,191,192,193,-1,193,192,194,-1,193,194,195,-1,195,194,196,-1,195,196,197,-1,197,196,198,-1,197,198,199,-1,199,198,200,-1,199,200,201,-1,201,200,202,-1,201,202,203,-1,203,202,204,-1,203,204,205,-1,205,204,206,-1,205,206,207,-1,207,206,208,-1,207,208,209,-1,209,208,210,-1,209,210,211,-1,211,210,212,-1,211,212,213,-1,213,212,214,-1,213,214,215,-1,215,214,216,-1,215,216,217,-1,217,216,218,-1,176,219,178,-1,178,219,220,-1,178,220,180,-1,180,220,221,-1,180,221,182,-1,182,221,222,-1,182,222,184,-1,184,222,223,-1,184,223,186,-1,186,223,224,-1,186,224,188,-1,188,224,225,-1,188,225,190,-1,190,225,226,-1,190,226,192,-1,192,226,227,-1,192,227,194,-1,194,227,228,-1,194,228,196,-1,196,228,229,-1,196,229,198,-1,198,229,230,-1,198,230,200,-1,200,230,231,-1,200,231,202,-1,202,231,232,-1,202,232,204,-1,204,232,233,-1,204,233,206,-1,206,233,234,-1,206,234,208,-1,208,234,235,-1,208,235,210,-1,210,235,236,-1,210,236,212,-1,212,236,237,-1,212,237,214,-1,214,237,238,-1,214,238,216,-1,216,238,239,-1,216,239,218,-1,218,239,240,-1,219,241,220,-1,220,241,242,-1,220,242,221,-1,221,242,243,-1,221,243,222,-1,222,243,244,-1,222,244,223,-1,223,244,245,-1,223,245,224,-1,224,245,246,-1,224,246,225,-1,225,246,247,-1,225,247,226,-1,226,247,248,-1,226,248,227,-1,227,248,249,-1,227,249,228,-1,228,249,250,-1,228,250,229,-1,229,250,251,-1,229,251,230,-1,230,251,252,-1,230,252,231,-1,231,252,253,-1,231,253,232,-1,232,253,254,-1,232,254,233,-1,233,254,255,-1,233,255,234,-1,234,255,256,-1,234,256,235,-1,235,256,257,-1,235,257,236,-1,236,257,258,-1,236,258,237,-1,237,258,259,-1,237,259,238,-1,238,259,260,-1,238,260,239,-1,239,260,261,-1,239,261,240,-1,240,261,262,-1,241,160,242,-1,242,160,161,-1,242,161,243,-1,243,161,162,-1,243,162,244,-1,244,162,128,-1,244,128,245,-1,245,128,122,-1,245,122,246,-1,246,122,124,-1,246,124,247,-1,247,124,163,-1,247,163,248,-1,248,163,164,-1,248,164,249,-1,249,164,165,-1,249,165,250,-1,250,165,166,-1,250,166,251,-1,251,166,167,-1,251,167,252,-1,252,167,168,-1,252,168,253,-1,253,168,169,-1,253,169,254,-1,254,169,170,-1,254,170,255,-1,255,170,171,-1,255,171,256,-1,256,171,172,-1,256,172,257,-1,257,172,173,-1,257,173,258,-1,258,173,174,-1,258,174,259,-1,259,174,175,-1,259,175,260,-1,260,175,153,-1,260,153,261,-1,261,153,148,-1,261,148,262,-1,262,148,150,-1,141,139,144,-1,144,139,263,-1,144,263,150,-1,150,263,264,-1,150,264,262,-1,262,264,265,-1,262,265,240,-1,240,265,58,-1,240,58,218,-1,218,58,57,-1,218,57,217,-1,54,58,55,-1,55,58,265,-1,55,265,266,-1,266,265,264,-1,266,264,267,-1,267,264,263,-1,267,263,268,-1,268,263,139,-1,268,139,56,-1,56,139,20,-1,56,20,22,-1,53,55,176,-1,176,55,266,-1,176,266,219,-1,219,266,267,-1,219,267,241,-1,241,267,268,-1,241,268,160,-1,160,268,56,-1,160,56,158,-1,158,56,17,-1,158,17,14,-1,269,201,270,-1,270,201,203,-1,270,203,271,-1,271,203,205,-1,271,205,272,-1,272,205,207,-1,272,207,273,-1,273,207,209,-1,273,209,274,-1,274,209,211,-1,274,211,275,-1,275,211,213,-1,275,213,276,-1,276,213,215,-1,276,215,277,-1,277,215,217,-1,277,217,278,-1,278,217,57,-1,278,57,279,-1,279,57,54,-1,279,54,280,-1,280,54,53,-1,280,53,281,-1,281,53,177,-1,281,177,282,-1,282,177,179,-1,282,179,283,-1,283,179,181,-1,283,181,284,-1,284,181,183,-1,284,183,285,-1,285,183,185,-1,285,185,286,-1,286,185,187,-1,286,187,287,-1,287,187,189,-1,287,189,288,-1,288,189,191,-1,288,191,289,-1,289,191,193,-1,289,193,290,-1,290,193,195,-1,290,195,291,-1,291,195,197,-1,291,197,292,-1,292,197,199,-1,292,199,269,-1,269,199,201,-1,293,294,295,-1,295,294,296,-1,295,296,297,-1,297,296,298,-1,297,298,299,-1,299,298,300,-1,299,300,301,-1,301,300,302,-1,301,302,303,-1,303,302,304,-1,303,304,305,-1,305,304,306,-1,305,306,307,-1,307,306,308,-1,307,308,309,-1,309,308,310,-1,309,310,311,-1,311,310,312,-1,311,312,313,-1,313,312,314,-1,313,314,315,-1,315,314,316,-1,315,316,317,-1,317,316,318,-1,317,318,319,-1,319,318,320,-1,319,320,321,-1,321,320,322,-1,321,322,323,-1,323,322,324,-1,323,324,325,-1,325,324,326,-1,325,326,327,-1,327,326,328,-1,327,328,329,-1,329,328,330,-1,329,330,331,-1,331,330,332,-1,331,332,333,-1,333,332,334,-1,333,334,335,-1,335,334,336,-1,335,336,337,-1,337,336,338,-1,337,338,339,-1,339,338,340,-1,339,340,293,-1,293,340,294,-1,294,341,296,-1,296,341,342,-1,296,342,298,-1,298,342,343,-1,298,343,300,-1,300,343,344,-1,300,344,302,-1,302,344,345,-1,302,345,304,-1,304,345,346,-1,304,346,306,-1,306,346,347,-1,306,347,308,-1,308,347,348,-1,308,348,310,-1,310,348,349,-1,310,349,312,-1,312,349,350,-1,312,350,314,-1,314,350,351,-1,314,351,316,-1,316,351,352,-1,316,352,318,-1,318,352,353,-1,318,353,320,-1,320,353,354,-1,320,354,322,-1,322,354,355,-1,322,355,324,-1,324,355,356,-1,324,356,326,-1,326,356,357,-1,326,357,328,-1,328,357,358,-1,328,358,330,-1,330,358,359,-1,330,359,332,-1,332,359,360,-1,332,360,334,-1,334,360,361,-1,334,361,336,-1,336,361,362,-1,336,362,338,-1,338,362,363,-1,338,363,340,-1,340,363,364,-1,340,364,294,-1,294,364,341,-1,341,365,342,-1,342,365,366,-1,342,366,343,-1,343,366,367,-1,343,367,344,-1,344,367,368,-1,344,368,345,-1,345,368,369,-1,345,369,346,-1,346,369,370,-1,346,370,347,-1,347,370,371,-1,347,371,348,-1,348,371,372,-1,348,372,349,-1,349,372,373,-1,349,373,350,-1,350,373,374,-1,350,374,351,-1,351,374,375,-1,351,375,352,-1,352,375,376,-1,352,376,353,-1,353,376,377,-1,353,377,354,-1,354,377,378,-1,354,378,355,-1,355,378,379,-1,355,379,356,-1,356,379,380,-1,356,380,357,-1,357,380,381,-1,357,381,358,-1,358,381,382,-1,358,382,359,-1,359,382,383,-1,359,383,360,-1,360,383,384,-1,360,384,361,-1,361,384,385,-1,361,385,362,-1,362,385,386,-1,362,386,363,-1,363,386,387,-1,363,387,364,-1,364,387,388,-1,364,388,341,-1,341,388,365,-1,365,389,366,-1,366,389,390,-1,366,390,367,-1,367,390,391,-1,367,391,368,-1,368,391,392,-1,368,392,369,-1,369,392,393,-1,369,393,370,-1,370,393,394,-1,370,394,371,-1,371,394,395,-1,371,395,372,-1,372,395,396,-1,372,396,373,-1,373,396,397,-1,373,397,374,-1,374,397,398,-1,374,398,375,-1,375,398,399,-1,375,399,376,-1,376,399,400,-1,376,400,377,-1,377,400,401,-1,377,401,378,-1,378,401,402,-1,378,402,379,-1,379,402,403,-1,379,403,380,-1,380,403,404,-1,380,404,381,-1,381,404,405,-1,381,405,382,-1,382,405,406,-1,382,406,383,-1,383,406,407,-1,383,407,384,-1,384,407,408,-1,384,408,385,-1,385,408,409,-1,385,409,386,-1,386,409,410,-1,386,410,387,-1,387,410,411,-1,387,411,388,-1,388,411,412,-1,388,412,365,-1,365,412,389,-1,389,413,390,-1,390,413,414,-1,390,414,391,-1,391,414,415,-1,391,415,392,-1,392,415,416,-1,392,416,393,-1,393,416,417,-1,393,417,394,-1,394,417,418,-1,394,418,395,-1,395,418,419,-1,395,419,396,-1,396,419,420,-1,396,420,397,-1,397,420,421,-1,397,421,398,-1,398,421,422,-1,398,422,399,-1,399,422,423,-1,399,423,400,-1,400,423,424,-1,400,424,401,-1,401,424,425,-1,401,425,402,-1,402,425,426,-1,402,426,403,-1,403,426,427,-1,403,427,404,-1,404,427,428,-1,404,428,405,-1,405,428,429,-1,405,429,406,-1,406,429,430,-1,406,430,407,-1,407,430,431,-1,407,431,408,-1,408,431,432,-1,408,432,409,-1,409,432,433,-1,409,433,410,-1,410,433,434,-1,410,434,411,-1,411,434,435,-1,411,435,412,-1,412,435,436,-1,412,436,389,-1,389,436,413,-1,413,269,414,-1,414,269,270,-1,414,270,415,-1,415,270,271,-1,415,271,416,-1,416,271,272,-1,416,272,417,-1,417,272,273,-1,417,273,418,-1,418,273,274,-1,418,274,419,-1,419,274,275,-1,419,275,420,-1,420,275,276,-1,420,276,421,-1,421,276,277,-1,421,277,422,-1,422,277,278,-1,422,278,423,-1,423,278,279,-1,423,279,424,-1,424,279,280,-1,424,280,425,-1,425,280,281,-1,425,281,426,-1,426,281,282,-1,426,282,427,-1,427,282,283,-1,427,283,428,-1,428,283,284,-1,428,284,429,-1,429,284,285,-1,429,285,430,-1,430,285,286,-1,430,286,431,-1,431,286,287,-1,431,287,432,-1,432,287,288,-1,432,288,433,-1,433,288,289,-1,433,289,434,-1,434,289,290,-1,434,290,435,-1,435,290,291,-1,435,291,436,-1,436,291,292,-1,436,292,413,-1,413,292,269,-1,44,295,39,-1,39,295,297,-1,39,297,40,-1,40,297,299,-1,40,299,41,-1,41,299,301,-1,41,301,36,-1,36,301,303,-1,36,303,37,-1,37,303,305,-1,37,305,38,-1,38,305,307,-1,38,307,33,-1,33,307,309,-1,33,309,34,-1,34,309,311,-1,34,311,35,-1,35,311,313,-1,35,313,28,-1,28,313,315,-1,28,315,29,-1,29,315,317,-1,29,317,31,-1,31,317,319,-1,31,319,32,-1,32,319,321,-1,32,321,51,-1,51,321,323,-1,51,323,52,-1,52,323,325,-1,52,325,48,-1,48,325,327,-1,48,327,49,-1,49,327,329,-1,49,329,50,-1,50,329,331,-1,50,331,45,-1,45,331,333,-1,45,333,46,-1,46,333,335,-1,46,335,47,-1,47,335,337,-1,47,337,42,-1,42,337,339,-1,42,339,43,-1,43,339,293,-1,43,293,44,-1,44,293,295,-1,437,438,439,-1,437,439,440,-1,440,439,441,-1,440,441,442,-1,442,441,443,-1,443,441,444,-1,443,444,445,-1,445,444,446,-1,446,444,447,-1,446,447,448,-1,448,447,449,-1,448,449,450,-1,451,452,449,-1,449,452,453,-1,449,453,450,-1,454,455,451,-1,451,455,456,-1,451,456,452,-1,457,458,459,-1,459,458,460,-1,459,460,454,-1,454,460,461,-1,454,461,455,-1,462,463,457,-1,457,463,464,-1,457,464,458,-1,465,466,467,-1,467,466,468,-1,467,468,469,-1,470,471,467,-1,467,471,472,-1,467,472,465,-1,473,474,467,-1,467,474,475,-1,467,475,470,-1,476,477,467,-1,467,477,478,-1,467,478,473,-1,479,480,467,-1,467,480,481,-1,467,481,476,-1,482,483,467,-1,467,483,484,-1,467,484,479,-1,485,486,467,-1,467,486,487,-1,467,487,482,-1,469,488,467,-1,467,488,489,-1,467,489,485,-1,490,491,492,-1,459,454,493,-1,491,494,495,-1,496,497,498,-1,499,500,501,-1,502,503,504,-1,504,503,505,-1,506,507,508,-1,508,507,509,-1,508,509,504,-1,504,509,510,-1,504,510,502,-1,500,511,501,-1,501,511,512,-1,501,512,508,-1,508,512,513,-1,508,513,506,-1,499,501,514,-1,514,501,515,-1,514,515,516,-1,516,515,517,-1,517,515,518,-1,517,518,519,-1,520,521,522,-1,522,521,523,-1,522,523,518,-1,518,523,524,-1,518,524,519,-1,520,522,525,-1,525,522,526,-1,525,526,527,-1,497,528,498,-1,498,528,529,-1,498,529,526,-1,526,529,530,-1,526,530,527,-1,496,498,531,-1,531,498,532,-1,531,532,533,-1,534,535,536,-1,536,535,537,-1,536,537,532,-1,532,537,538,-1,532,538,533,-1,539,540,541,-1,539,541,536,-1,536,541,542,-1,536,542,534,-1,543,544,545,-1,545,544,546,-1,545,546,539,-1,539,546,547,-1,539,547,540,-1,548,549,545,-1,545,549,550,-1,545,550,543,-1,551,552,548,-1,548,552,553,-1,553,554,548,-1,548,554,555,-1,548,555,549,-1,556,557,551,-1,551,557,558,-1,551,558,552,-1,559,560,561,-1,561,560,562,-1,563,559,564,-1,564,559,565,-1,563,566,559,-1,559,566,567,-1,559,567,560,-1,568,569,570,-1,438,571,572,-1,572,571,573,-1,572,573,570,-1,570,573,574,-1,570,574,568,-1,462,457,575,-1,575,457,576,-1,575,576,577,-1,577,576,578,-1,579,580,581,-1,581,580,582,-1,581,582,578,-1,583,584,585,-1,585,584,586,-1,581,587,579,-1,579,587,585,-1,579,585,588,-1,588,585,586,-1,583,585,589,-1,589,585,590,-1,589,590,591,-1,503,592,505,-1,505,592,593,-1,505,593,594,-1,451,449,595,-1,595,449,447,-1,595,447,596,-1,447,444,596,-1,596,444,441,-1,596,441,572,-1,572,441,439,-1,572,439,438,-1,597,595,598,-1,598,595,596,-1,598,596,599,-1,599,596,572,-1,599,572,565,-1,565,572,570,-1,565,570,564,-1,564,570,569,-1,562,556,561,-1,561,556,551,-1,561,551,600,-1,600,551,548,-1,600,548,601,-1,601,548,545,-1,601,545,602,-1,602,545,539,-1,602,539,603,-1,603,539,536,-1,603,536,604,-1,604,536,532,-1,604,532,605,-1,605,532,498,-1,605,498,606,-1,606,498,526,-1,606,526,607,-1,607,526,522,-1,607,522,608,-1,608,522,518,-1,608,518,609,-1,609,518,515,-1,609,515,610,-1,610,515,501,-1,610,501,611,-1,611,501,508,-1,611,508,612,-1,612,508,504,-1,612,504,590,-1,590,504,505,-1,590,505,591,-1,591,505,594,-1,490,613,614,-1,614,613,615,-1,614,615,616,-1,616,615,617,-1,616,617,618,-1,618,617,619,-1,618,619,620,-1,620,619,621,-1,620,621,622,-1,622,621,623,-1,622,623,624,-1,624,623,625,-1,624,625,626,-1,626,625,627,-1,626,627,628,-1,628,627,629,-1,628,629,630,-1,630,629,631,-1,630,631,632,-1,632,631,633,-1,632,633,634,-1,634,633,635,-1,634,635,636,-1,636,635,637,-1,636,637,638,-1,638,637,639,-1,638,639,640,-1,640,639,641,-1,640,641,642,-1,642,641,643,-1,642,643,644,-1,644,643,645,-1,644,645,646,-1,646,645,647,-1,646,647,648,-1,648,647,649,-1,648,649,650,-1,650,649,651,-1,650,651,652,-1,652,651,653,-1,652,653,654,-1,654,653,655,-1,613,656,615,-1,615,656,657,-1,615,657,617,-1,617,657,658,-1,617,658,619,-1,619,658,659,-1,619,659,621,-1,621,659,660,-1,621,660,623,-1,623,660,661,-1,623,661,625,-1,625,661,662,-1,625,662,627,-1,627,662,663,-1,627,663,629,-1,629,663,664,-1,629,664,631,-1,631,664,665,-1,631,665,633,-1,633,665,666,-1,633,666,635,-1,635,666,667,-1,635,667,637,-1,637,667,668,-1,637,668,639,-1,639,668,669,-1,639,669,641,-1,641,669,670,-1,641,670,643,-1,643,670,671,-1,643,671,645,-1,645,671,672,-1,645,672,647,-1,647,672,673,-1,647,673,649,-1,649,673,674,-1,649,674,651,-1,651,674,675,-1,651,675,653,-1,653,675,676,-1,653,676,655,-1,655,676,677,-1,656,678,657,-1,657,678,679,-1,657,679,658,-1,658,679,680,-1,658,680,659,-1,659,680,681,-1,659,681,660,-1,660,681,682,-1,660,682,661,-1,661,682,683,-1,661,683,662,-1,662,683,684,-1,662,684,663,-1,663,684,685,-1,663,685,664,-1,664,685,686,-1,664,686,665,-1,665,686,687,-1,665,687,666,-1,666,687,688,-1,666,688,667,-1,667,688,689,-1,667,689,668,-1,668,689,690,-1,668,690,669,-1,669,690,691,-1,669,691,670,-1,670,691,692,-1,670,692,671,-1,671,692,693,-1,671,693,672,-1,672,693,694,-1,672,694,673,-1,673,694,695,-1,673,695,674,-1,674,695,696,-1,674,696,675,-1,675,696,697,-1,675,697,676,-1,676,697,698,-1,676,698,677,-1,677,698,699,-1,678,597,679,-1,679,597,598,-1,679,598,680,-1,680,598,599,-1,680,599,681,-1,681,599,565,-1,681,565,682,-1,682,565,559,-1,682,559,683,-1,683,559,561,-1,683,561,684,-1,684,561,600,-1,684,600,685,-1,685,600,601,-1,685,601,686,-1,686,601,602,-1,686,602,687,-1,687,602,603,-1,687,603,688,-1,688,603,604,-1,688,604,689,-1,689,604,605,-1,689,605,690,-1,690,605,606,-1,690,606,691,-1,691,606,607,-1,691,607,692,-1,692,607,608,-1,692,608,693,-1,693,608,609,-1,693,609,694,-1,694,609,610,-1,694,610,695,-1,695,610,611,-1,695,611,696,-1,696,611,612,-1,696,612,697,-1,697,612,590,-1,697,590,698,-1,698,590,585,-1,698,585,699,-1,699,585,587,-1,578,576,581,-1,581,576,700,-1,581,700,587,-1,587,700,701,-1,587,701,699,-1,699,701,702,-1,699,702,677,-1,677,702,495,-1,677,495,655,-1,655,495,494,-1,655,494,654,-1,491,495,492,-1,492,495,702,-1,492,702,703,-1,703,702,701,-1,703,701,704,-1,704,701,700,-1,704,700,705,-1,705,700,576,-1,705,576,493,-1,493,576,457,-1,493,457,459,-1,490,492,613,-1,613,492,703,-1,613,703,656,-1,656,703,704,-1,656,704,678,-1,678,704,705,-1,678,705,597,-1,597,705,493,-1,597,493,595,-1,595,493,454,-1,595,454,451,-1,706,614,707,-1,707,614,616,-1,707,616,708,-1,708,616,618,-1,708,618,709,-1,709,618,620,-1,709,620,710,-1,710,620,622,-1,710,622,711,-1,711,622,624,-1,711,624,712,-1,712,624,626,-1,712,626,713,-1,713,626,628,-1,713,628,714,-1,714,628,630,-1,714,630,715,-1,715,630,632,-1,715,632,716,-1,716,632,634,-1,716,634,717,-1,717,634,636,-1,717,636,718,-1,718,636,638,-1,718,638,719,-1,719,638,640,-1,719,640,720,-1,720,640,642,-1,720,642,721,-1,721,642,644,-1,721,644,722,-1,722,644,646,-1,722,646,723,-1,723,646,648,-1,723,648,724,-1,724,648,650,-1,724,650,725,-1,725,650,652,-1,725,652,726,-1,726,652,654,-1,726,654,727,-1,727,654,494,-1,727,494,728,-1,728,494,491,-1,728,491,729,-1,729,491,490,-1,729,490,706,-1,706,490,614,-1,730,731,732,-1,732,731,733,-1,732,733,734,-1,734,733,735,-1,734,735,736,-1,736,735,737,-1,736,737,738,-1,738,737,739,-1,738,739,740,-1,740,739,741,-1,740,741,742,-1,742,741,743,-1,742,743,744,-1,744,743,745,-1,744,745,746,-1,746,745,747,-1,746,747,748,-1,748,747,749,-1,748,749,750,-1,750,749,751,-1,750,751,752,-1,752,751,753,-1,752,753,754,-1,754,753,755,-1,754,755,756,-1,756,755,757,-1,756,757,758,-1,758,757,759,-1,758,759,760,-1,760,759,761,-1,760,761,762,-1,762,761,763,-1,762,763,764,-1,764,763,765,-1,764,765,766,-1,766,765,767,-1,766,767,768,-1,768,767,769,-1,768,769,770,-1,770,769,771,-1,770,771,772,-1,772,771,773,-1,772,773,774,-1,774,773,775,-1,774,775,776,-1,776,775,777,-1,776,777,730,-1,730,777,731,-1,731,778,733,-1,733,778,779,-1,733,779,735,-1,735,779,780,-1,735,780,737,-1,737,780,781,-1,737,781,739,-1,739,781,782,-1,739,782,741,-1,741,782,783,-1,741,783,743,-1,743,783,784,-1,743,784,745,-1,745,784,785,-1,745,785,747,-1,747,785,786,-1,747,786,749,-1,749,786,787,-1,749,787,751,-1,751,787,788,-1,751,788,753,-1,753,788,789,-1,753,789,755,-1,755,789,790,-1,755,790,757,-1,757,790,791,-1,757,791,759,-1,759,791,792,-1,759,792,761,-1,761,792,793,-1,761,793,763,-1,763,793,794,-1,763,794,765,-1,765,794,795,-1,765,795,767,-1,767,795,796,-1,767,796,769,-1,769,796,797,-1,769,797,771,-1,771,797,798,-1,771,798,773,-1,773,798,799,-1,773,799,775,-1,775,799,800,-1,775,800,777,-1,777,800,801,-1,777,801,731,-1,731,801,778,-1,778,802,779,-1,779,802,803,-1,779,803,780,-1,780,803,804,-1,780,804,781,-1,781,804,805,-1,781,805,782,-1,782,805,806,-1,782,806,783,-1,783,806,807,-1,783,807,784,-1,784,807,808,-1,784,808,785,-1,785,808,809,-1,785,809,786,-1,786,809,810,-1,786,810,787,-1,787,810,811,-1,787,811,788,-1,788,811,812,-1,788,812,789,-1,789,812,813,-1,789,813,790,-1,790,813,814,-1,790,814,791,-1,791,814,815,-1,791,815,792,-1,792,815,816,-1,792,816,793,-1,793,816,817,-1,793,817,794,-1,794,817,818,-1,794,818,795,-1,795,818,819,-1,795,819,796,-1,796,819,820,-1,796,820,797,-1,797,820,821,-1,797,821,798,-1,798,821,822,-1,798,822,799,-1,799,822,823,-1,799,823,800,-1,800,823,824,-1,800,824,801,-1,801,824,825,-1,801,825,778,-1,778,825,802,-1,802,826,803,-1,803,826,827,-1,803,827,804,-1,804,827,828,-1,804,828,805,-1,805,828,829,-1,805,829,806,-1,806,829,830,-1,806,830,807,-1,807,830,831,-1,807,831,808,-1,808,831,832,-1,808,832,809,-1,809,832,833,-1,809,833,810,-1,810,833,834,-1,810,834,811,-1,811,834,835,-1,811,835,812,-1,812,835,836,-1,812,836,813,-1,813,836,837,-1,813,837,814,-1,814,837,838,-1,814,838,815,-1,815,838,839,-1,815,839,816,-1,816,839,840,-1,816,840,817,-1,817,840,841,-1,817,841,818,-1,818,841,842,-1,818,842,819,-1,819,842,843,-1,819,843,820,-1,820,843,844,-1,820,844,821,-1,821,844,845,-1,821,845,822,-1,822,845,846,-1,822,846,823,-1,823,846,847,-1,823,847,824,-1,824,847,848,-1,824,848,825,-1,825,848,849,-1,825,849,802,-1,802,849,826,-1,826,850,827,-1,827,850,851,-1,827,851,828,-1,828,851,852,-1,828,852,829,-1,829,852,853,-1,829,853,830,-1,830,853,854,-1,830,854,831,-1,831,854,855,-1,831,855,832,-1,832,855,856,-1,832,856,833,-1,833,856,857,-1,833,857,834,-1,834,857,858,-1,834,858,835,-1,835,858,859,-1,835,859,836,-1,836,859,860,-1,836,860,837,-1,837,860,861,-1,837,861,838,-1,838,861,862,-1,838,862,839,-1,839,862,863,-1,839,863,840,-1,840,863,864,-1,840,864,841,-1,841,864,865,-1,841,865,842,-1,842,865,866,-1,842,866,843,-1,843,866,867,-1,843,867,844,-1,844,867,868,-1,844,868,845,-1,845,868,869,-1,845,869,846,-1,846,869,870,-1,846,870,847,-1,847,870,871,-1,847,871,848,-1,848,871,872,-1,848,872,849,-1,849,872,873,-1,849,873,826,-1,826,873,850,-1,850,718,851,-1,851,718,719,-1,851,719,852,-1,852,719,720,-1,852,720,853,-1,853,720,721,-1,853,721,854,-1,854,721,722,-1,854,722,855,-1,855,722,723,-1,855,723,856,-1,856,723,724,-1,856,724,857,-1,857,724,725,-1,857,725,858,-1,858,725,726,-1,858,726,859,-1,859,726,727,-1,859,727,860,-1,860,727,728,-1,860,728,861,-1,861,728,729,-1,861,729,862,-1,862,729,706,-1,862,706,863,-1,863,706,707,-1,863,707,864,-1,864,707,708,-1,864,708,865,-1,865,708,709,-1,865,709,866,-1,866,709,710,-1,866,710,867,-1,867,710,711,-1,867,711,868,-1,868,711,712,-1,868,712,869,-1,869,712,713,-1,869,713,870,-1,870,713,714,-1,870,714,871,-1,871,714,715,-1,871,715,872,-1,872,715,716,-1,872,716,873,-1,873,716,717,-1,873,717,850,-1,850,717,718,-1,468,756,469,-1,469,756,758,-1,469,758,488,-1,488,758,760,-1,488,760,489,-1,489,760,762,-1,489,762,485,-1,485,762,764,-1,485,764,486,-1,486,764,766,-1,486,766,487,-1,487,766,768,-1,487,768,482,-1,482,768,770,-1,482,770,483,-1,483,770,772,-1,483,772,484,-1,484,772,774,-1,484,774,479,-1,479,774,776,-1,479,776,480,-1,480,776,730,-1,480,730,481,-1,481,730,732,-1,481,732,476,-1,476,732,734,-1,476,734,477,-1,477,734,736,-1,477,736,478,-1,478,736,738,-1,478,738,473,-1,473,738,740,-1,473,740,474,-1,474,740,742,-1,474,742,475,-1,475,742,744,-1,475,744,470,-1,470,744,746,-1,470,746,471,-1,471,746,748,-1,471,748,472,-1,472,748,750,-1,472,750,465,-1,465,750,752,-1,465,752,466,-1,466,752,754,-1,466,754,468,-1,468,754,756,-1,
        ]
    }
}
Shape{
    appearance Appearance {
        material  Material 	{
            diffuseColor 1.0 1.0 0.0
            specularColor 0.5019607843137255 0.5019607843137255 0.0
            ambientIntensity 0.2
            transparency 0
            shininess 0.5
        }
    }
    geometry IndexedFaceSet {
        ccw TRUE
        solid FALSE
        coord DEF co Coordinate {
            point [
                -0.7013 -0.077 -0.6533, -0.7008 -0.0752 -0.6577, -0.6954 -0.0805 -0.666, -0.7075 -0.1234 -0.603, -0.7135 -0.1162 -0.6007, -0.7032 -0.1018 -0.6197, -0.6706 -0.1093 -0.6627, -0.6707 -0.1122 -0.6545, -0.6724 -0.111 -0.6542, -0.6735 -0.1212 -0.6398, -0.6756 -0.1279 -0.6288, -0.6773 -0.1265 -0.6286, -0.6795 -0.1366 -0.6198, -0.6846 -0.1482 -0.6079, -0.6864 -0.1464 -0.6077, -0.7127 -0.1969 -0.5857, -0.715 -0.1943 -0.5852, -0.6995 -0.1752 -0.5922, -0.6993 -0.1695 -0.5929, -0.6973 -0.1717 -0.5932, -0.6882 -0.1549 -0.6037, -0.6765 -0.0971 -0.7126, -0.6746 -0.0984 -0.7132, -0.6721 -0.101 -0.6828, -0.671 -0.1016 -0.6875, -0.6704 -0.1022 -0.6832, -0.6966 -0.1359 -0.6061, -0.6868 -0.1179 -0.6268, -0.692 -0.1129 -0.6252, -0.6827 -0.0919 -0.7093, -0.6813 -0.0938 -0.6792, -0.6859 -0.0892 -0.7076, -0.6859 -0.0897 -0.6761, -0.6903 -0.0847 -0.7036, -0.7161 -0.149 -0.5894, -0.7334 -0.1693 -0.5798, -0.739 -0.1596 -0.5778, -0.6816 -0.1036 -0.6517, -0.6865 -0.0993 -0.6494, -0.6915 -0.0947 -0.6463, -0.6905 -0.0853 -0.6719, -0.7217 -0.141 -0.5877, -0.7445 -0.149 -0.5756, -0.7275 -0.1322 -0.5857, -0.7499 -0.1376 -0.5733, -0.7337 -0.1228 -0.5833, -0.731 -0.1199 -0.5861, -0.7201 -0.1085 -0.5974, -0.716 -0.1033 -0.6045, -0.7099 -0.0955 -0.615, -0.7059 -0.0887 -0.6273, -0.7274 -0.1785 -0.5818, -0.7104 -0.1565 -0.5908, -0.702 -0.1298 -0.6048, -0.6973 -0.1077 -0.6229, -0.697 -0.0897 -0.6418, -0.7033 -0.0842 -0.6354, -0.6913 -0.0835 -0.7023, -0.6944 -0.0798 -0.6984, -0.6983 -0.0745 -0.6911, -0.7023 -0.0688 -0.681, -0.6612 -0.1939 -0.5957, -0.6623 -0.1979 -0.594, -0.6743 -0.1924 -0.5942, -0.6541 -0.1672 -0.6088, -0.656 -0.1742 -0.6038, -0.6663 -0.1693 -0.6044, -0.6479 -0.1446 -0.6285, -0.6503 -0.1532 -0.6188, -0.6595 -0.1488 -0.6198, -0.6393 -0.1141 -0.7127, -0.639 -0.1142 -0.7126, -0.6398 -0.1159 -0.6863, -0.6595 -0.1079 -0.6888, -0.6499 -0.1123 -0.6882, -0.6511 -0.1196 -0.6627, -0.6836 -0.158 -0.6036, -0.675 -0.139 -0.6197, -0.6692 -0.1232 -0.6398, -0.6664 -0.1112 -0.6631, -0.6701 -0.1014 -0.7143, -0.6667 -0.1039 -0.6883, -0.6944 -0.1793 -0.5925, -0.6684 -0.1436 -0.62, -0.6762 -0.1633 -0.6043, -0.6685 -0.1022 -0.7144, -0.6619 -0.1058 -0.7151, -0.6518 -0.1101 -0.7146, -0.6508 -0.1105 -0.7146, -0.6401 -0.1172 -0.6821, -0.642 -0.1233 -0.6611, -0.6432 -0.1275 -0.6534, -0.6598 -0.1152 -0.6634, -0.6544 -0.132 -0.6395, -0.6456 -0.136 -0.6382, -0.6628 -0.1273 -0.6401, -0.6858 -0.1855 -0.5936, -0.7069 -0.2017 -0.5869, -0.6969 -0.209 -0.5885, -0.6833 -0.2169 -0.5897, -0.6689 -0.2231 -0.59, -0.7024 -0.0748 -0.6522, -0.7071 -0.0862 -0.6263, -0.7172 -0.1004 -0.6035, -0.7516 -0.1338 -0.5725, -0.7324 -0.1166 -0.5852, -0.7532 -0.1297 -0.5717, -0.7386 -0.1033 -0.5828, -0.7036 -0.0669 -0.6798, -0.708 -0.0665 -0.6485, -0.7086 -0.0591 -0.6751, -0.7149 -0.0537 -0.6434, -0.7145 -0.0473 -0.6688, -0.7159 -0.0435 -0.6671, -0.7203 -0.0401 -0.6391, -0.7191 -0.0351 -0.6635, -0.7239 -0.0268 -0.6361, -0.7221 -0.0234 -0.6598, -0.7233 -0.0148 -0.6581, -0.726 -0.013 -0.6341, -0.7239 -0.0114 -0.6575, -0.7267 0.0009 -0.6336, -0.7244 0.0008 -0.6567, -0.7263 0.0105 -0.6339, -0.7241 0.0091 -0.6572, -0.7257 0.0158 -0.6344, -0.7236 0.0138 -0.6578, -0.7234 0.0148 -0.658, -0.7233 0.0295 -0.6366, -0.7216 0.0258 -0.6604, -0.7193 0.043 -0.6399, -0.7182 0.0377 -0.6645, -0.7398 0.1005 -0.5823, -0.7246 0.0869 -0.6006, -0.7451 0.0866 -0.58, -0.73 0.075 -0.5982, -0.7512 0.0663 -0.5771, -0.7362 0.0576 -0.5952, -0.7556 0.0454 -0.5749, -0.7407 0.0396 -0.5929, -0.7584 0.0243 -0.5734, -0.7435 0.0212 -0.5914, -0.759 0.0161 -0.573, -0.7441 0.014 -0.591, -0.7594 0.0014 -0.5728, -0.7446 0.0012 -0.5907, -0.7587 -0.02 -0.5732, -0.7438 -0.0175 -0.5912, -0.7563 -0.0412 -0.5745, -0.7414 -0.0358 -0.5925, -0.7523 -0.0618 -0.5766, -0.7373 -0.0537 -0.5947, -0.7463 -0.083 -0.5794, -0.7312 -0.072 -0.5976, -0.7235 -0.0893 -0.6011, -0.7142 0.0747 -0.6228, -0.7091 0.0648 -0.6477, -0.7194 0.0646 -0.62, -0.7138 0.056 -0.6443, -0.7253 0.0497 -0.6165, -0.7297 0.0342 -0.6138, -0.7324 0.0183 -0.612, -0.733 0.0121 -0.6116, -0.7335 0.001 -0.6113, -0.7328 -0.0151 -0.6117, -0.7304 -0.031 -0.6133, -0.7264 -0.0464 -0.6158, -0.7205 -0.062 -0.6193, -0.7131 -0.0768 -0.6234, -0.7532 0.1294 -0.5717, -0.7499 0.1376 -0.5733, -0.7339 0.1228 -0.5837, -0.7577 -0.1182 -0.5696, -0.7652 -0.0946 -0.5656, -0.7709 -0.0702 -0.5623, -0.7746 -0.0467 -0.56, -0.7769 -0.0227 -0.5586, -0.7776 0.0016 -0.5581, -0.7771 0.0182 -0.5584, -0.7766 0.0275 -0.5588, -0.774 0.0516 -0.5604, -0.7698 0.0754 -0.5629, -0.764 0.0988 -0.5663, -0.7589 0.115 -0.569, -0.7307 0.1198 -0.5858, -0.7206 0.1087 -0.598, -0.7156 0.1031 -0.6041, -0.7105 0.0958 -0.6155, -0.7055 0.0885 -0.627, -0.704 0.0846 -0.6357, -0.7009 0.0768 -0.6532, -0.7012 0.0755 -0.6578, -0.7159 0.0435 -0.6671, -0.7136 0.0494 -0.6698, -0.7095 0.0575 -0.6741, -0.7023 0.0688 -0.681, -0.5086 -0.1488 -0.6056, -0.4932 -0.172 -0.5944, -0.5136 -0.182 -0.5947, -0.6395 -0.1463 -0.6276, -0.6357 -0.129 -0.6524, -0.6324 -0.1157 -0.7112, -0.6333 -0.1186 -0.6809, -0.6444 -0.1692 -0.6081, -0.65 -0.1962 -0.5952, -0.6185 -0.1176 -0.7089, -0.619 -0.1211 -0.6791, -0.6078 -0.118 -0.7076, -0.6054 -0.1219 -0.6779, -0.6055 -0.1181 -0.7073, -0.5919 -0.1171 -0.7061, -0.5912 -0.1211 -0.6768, -0.5784 -0.1145 -0.7053, -0.5771 -0.1186 -0.6761, -0.5769 -0.114 -0.7052, -0.5641 -0.1149 -0.6755, -0.5661 -0.1107 -0.7047, -0.5537 -0.1053 -0.7042, -0.5512 -0.1095 -0.6748, -0.5482 -0.1021 -0.704, -0.6201 -0.1319 -0.6512, -0.6052 -0.1329 -0.6503, -0.5895 -0.1322 -0.6495, -0.574 -0.1297 -0.6489, -0.5597 -0.1257 -0.6483, -0.5456 -0.1201 -0.6476, -0.5391 -0.1026 -0.6742, -0.5419 -0.0984 -0.7037, -0.5323 -0.1129 -0.6468, -0.537 -0.1364 -0.6242, -0.5532 -0.1426 -0.6248, -0.5693 -0.1469 -0.6253, -0.587 -0.1497 -0.6258, -0.6049 -0.1505 -0.6263, -0.6217 -0.1494 -0.6269, -0.5219 -0.1287 -0.6234, -0.5262 -0.1575 -0.6062, -0.5448 -0.1645 -0.6067, -0.5635 -0.1693 -0.607, -0.5838 -0.1725 -0.6072, -0.6044 -0.1735 -0.6075, -0.6239 -0.1724 -0.6078, -0.5352 -0.1899 -0.5949, -0.5568 -0.1954 -0.5949, -0.5802 -0.1991 -0.595, -0.6039 -0.2004 -0.595, -0.6263 -0.1995 -0.5951, -0.6561 -0.2256 -0.5899, -0.6289 -0.2289 -0.5897, -0.6033 -0.2296 -0.5896, -0.5763 -0.2279 -0.5897, -0.5496 -0.2236 -0.5899, -0.525 -0.2173 -0.5902, -0.5003 -0.2082 -0.5904, -0.4768 -0.1969 -0.5906, -0.7275 0.1322 -0.5857, -0.7135 0.1162 -0.6007, -0.6859 0.0897 -0.6761, -0.6905 0.0853 -0.6719, -0.6915 0.0947 -0.6463, -0.6827 0.0919 -0.7093, -0.6859 0.0892 -0.7076, -0.6813 0.0938 -0.6792, -0.6995 0.1752 -0.5922, -0.6973 0.1717 -0.5932, -0.6993 0.1695 -0.5929, -0.6882 0.1549 -0.6037, -0.6846 0.1482 -0.6079, -0.6864 0.1464 -0.6077, -0.6795 0.1366 -0.6198, -0.6756 0.1279 -0.6288, -0.6773 0.1265 -0.6286, -0.6735 0.1212 -0.6398, -0.6707 0.1122 -0.6545, -0.6724 0.111 -0.6542, -0.6746 0.0984 -0.7132, -0.6765 0.0971 -0.7126, -0.671 0.1016 -0.6875, -0.6721 0.101 -0.6828, -0.6704 0.1022 -0.6832, -0.6706 0.1093 -0.6627, -0.7127 0.1969 -0.5857, -0.6816 0.1036 -0.6517, -0.6868 0.1179 -0.6268, -0.692 0.1129 -0.6252, -0.6903 0.0847 -0.7036, -0.6913 0.0835 -0.7023, -0.6966 0.1359 -0.6061, -0.702 0.1298 -0.6048, -0.7075 0.1234 -0.603, -0.6944 0.0798 -0.6984, -0.6983 0.0745 -0.6911, -0.7104 0.1565 -0.5908, -0.7161 0.149 -0.5894, -0.7217 0.141 -0.5877, -0.7032 0.1018 -0.6197, -0.697 0.0897 -0.6418, -0.6954 0.0805 -0.666, -0.6865 0.0993 -0.6494, -0.6973 0.1077 -0.6229, -0.715 0.1943 -0.5852, -0.7274 0.1785 -0.5818, -0.7334 0.1693 -0.5798, -0.739 0.1596 -0.5778, -0.7445 0.149 -0.5756, -0.4932 0.172 -0.5944, -0.4768 0.1969 -0.5906, -0.4609 0.1854 -0.5906, -0.5086 0.1488 -0.6056, -0.4793 0.162 -0.5944, -0.5419 0.0984 -0.7037, -0.5307 0.0967 -0.6739, -0.5339 0.0927 -0.7034, -0.5201 0.0875 -0.6735, -0.5028 0.0662 -0.673, -0.5147 0.0737 -0.7026, -0.5106 0.077 -0.6732, -0.5235 0.0835 -0.7029, -0.5238 0.0838 -0.7029, -0.4904 0.0408 -0.6727, -0.5007 0.0516 -0.7021, -0.4958 0.0539 -0.6729, -0.5048 0.059 -0.7023, -0.5073 0.0633 -0.7023, -0.4854 -0.0224 -0.6726, -0.4891 -0.0087 -0.7018, -0.4837 -0.0091 -0.6726, -0.4888 -0.0 -0.7018, -0.4833 -0.0 -0.6726, -0.4896 0.0135 -0.7018, -0.4842 0.0142 -0.6726, -0.4919 0.0268 -0.7018, -0.4866 0.028 -0.6726, -0.493 0.0305 -0.7019, -0.4955 0.039 -0.702, -0.4407 0.1675 -0.5906, -0.4616 0.1465 -0.5943, -0.4226 0.1473 -0.5906, -0.4457 0.1289 -0.5943, -0.4077 0.1266 -0.5906, -0.4327 0.1107 -0.5943, -0.3946 0.1031 -0.5906, -0.4212 0.0902 -0.5943, -0.3842 0.0781 -0.5906, -0.412 0.0683 -0.5943, -0.3771 0.0536 -0.5906, -0.4058 0.0469 -0.5943, -0.3724 0.0271 -0.5906, -0.4017 0.0237 -0.5943, -0.3709 0.0 -0.5906, -0.4003 -0.0 -0.5943, -0.3715 -0.0174 -0.5906, -0.4009 -0.0153 -0.5943, -0.3748 -0.0428 -0.5906, -0.4038 -0.0375 -0.5943, -0.3812 -0.0689 -0.5906, -0.4094 -0.0603 -0.5943, -0.5219 0.1287 -0.6234, -0.4965 0.1402 -0.6055, -0.4811 0.1268 -0.6054, -0.4673 0.1116 -0.6054, -0.456 0.0959 -0.6053, -0.446 0.0781 -0.6053, -0.4381 0.0592 -0.6053, -0.4326 0.0406 -0.6053, -0.4291 0.0205 -0.6052, -0.4279 -0.0 -0.6052, -0.4284 -0.0132 -0.6052, -0.4309 -0.0324 -0.6053, -0.4358 -0.0522 -0.6053, -0.443 -0.0715 -0.6053, -0.5323 0.1129 -0.6468, -0.5114 0.1213 -0.6233, -0.4981 0.1097 -0.6231, -0.4861 0.0965 -0.623, -0.4763 0.083 -0.6229, -0.4676 0.0676 -0.6229, -0.4607 0.0512 -0.6228, -0.456 0.0352 -0.6228, -0.453 0.0178 -0.6227, -0.4519 -0.0 -0.6227, -0.4524 -0.0114 -0.6227, -0.4545 -0.0281 -0.6228, -0.4587 -0.0452 -0.6228, -0.465 -0.0619 -0.6228, -0.4726 -0.0769 -0.6229, -0.5391 0.1026 -0.6742, -0.5231 0.1065 -0.6466, -0.5114 0.0963 -0.6463, -0.5008 0.0848 -0.6461, -0.4922 0.0729 -0.646, -0.4846 0.0594 -0.6459, -0.4785 0.045 -0.6458, -0.4744 0.0309 -0.6457, -0.4717 0.0156 -0.6457, -0.4708 -0.0 -0.6457, -0.4712 -0.01 -0.6457, -0.4731 -0.0247 -0.6457, -0.4768 -0.0397 -0.6457, -0.4822 -0.0544 -0.6458, -0.489 -0.0675 -0.6459, -0.4975 -0.0805 -0.6461, -0.4888 -0.0361 -0.6727, -0.4937 -0.0493 -0.6728, -0.4998 -0.0613 -0.673, -0.5076 -0.0731 -0.6732, -0.5167 -0.084 -0.6734, -0.5237 -0.0834 -0.7029, -0.5205 -0.0804 -0.7028, -0.5118 -0.0699 -0.7025, -0.5045 -0.0587 -0.7022, -0.4987 -0.0472 -0.7021, -0.494 -0.0345 -0.7019, -0.493 -0.0305 -0.7019, -0.4908 -0.0214 -0.7018, -0.4342 -0.1608 -0.5906, -0.4552 -0.1807 -0.5906, -0.4558 -0.1406 -0.5943, -0.4743 -0.158 -0.5943, -0.4921 -0.1367 -0.6055, -0.4168 -0.1399 -0.5906, -0.4407 -0.1223 -0.5943, -0.4761 -0.1217 -0.6054, -0.5076 -0.1182 -0.6233, -0.4021 -0.1173 -0.5906, -0.4278 -0.1026 -0.5943, -0.463 -0.1059 -0.6054, -0.4938 -0.1053 -0.6231, -0.5197 -0.1038 -0.6465, -0.3906 -0.0944 -0.5906, -0.4176 -0.0826 -0.5943, -0.4518 -0.0889 -0.6053, -0.4823 -0.0917 -0.623, -0.5076 -0.0924 -0.6463, -0.5277 -0.0943 -0.6738, -0.531 -0.0904 -0.7033, -0.6884 0.1837 -0.5933, -0.6784 0.1618 -0.6041, -0.6532 0.1186 -0.663, -0.6618 0.114 -0.6634, -0.6648 0.1261 -0.6401, -0.6612 0.1939 -0.5957, -0.656 0.1742 -0.6038, -0.6642 0.1704 -0.6043, -0.6479 0.1446 -0.6285, -0.6456 0.136 -0.6382, -0.6526 0.1329 -0.6393, -0.6432 0.1275 -0.6534, -0.642 0.1233 -0.6611, -0.6492 0.1204 -0.6625, -0.639 0.1142 -0.7126, -0.6393 0.1141 -0.7127, -0.6478 0.1132 -0.6879, -0.6401 0.1172 -0.6821, -0.6398 0.1159 -0.6863, -0.6541 0.1672 -0.6088, -0.6503 0.1532 -0.6188, -0.6576 0.1498 -0.6196, -0.6689 0.2231 -0.59, -0.6623 0.1979 -0.594, -0.6718 0.1936 -0.5942, -0.6484 0.1114 -0.7143, -0.6517 0.1102 -0.7147, -0.6522 0.1114 -0.6885, -0.6686 0.168 -0.6044, -0.677 0.1909 -0.5941, -0.6684 0.1022 -0.7143, -0.6617 0.1067 -0.6888, -0.6644 0.1046 -0.715, -0.6534 0.1096 -0.7149, -0.6564 0.1309 -0.6398, -0.6704 0.1423 -0.62, -0.6616 0.1477 -0.6199, -0.6803 0.2183 -0.5898, -0.6865 0.2152 -0.5895, -0.7 0.2069 -0.588, -0.5482 0.1021 -0.704, -0.5537 0.1053 -0.7042, -0.5512 0.1095 -0.6748, -0.5769 0.114 -0.7052, -0.5784 0.1145 -0.7053, -0.5771 0.1186 -0.6761, -0.6078 0.118 -0.7076, -0.6185 0.1176 -0.7089, -0.619 0.1211 -0.6791, -0.6357 0.129 -0.6524, -0.656 0.2256 -0.5899, -0.65 0.1962 -0.5952, -0.6443 0.1692 -0.6081, -0.6394 0.1463 -0.6276, -0.6324 0.1157 -0.7112, -0.6333 0.1186 -0.6809, -0.6055 0.1181 -0.7073, -0.6054 0.1219 -0.6779, -0.6201 0.1319 -0.6512, -0.5919 0.1171 -0.7061, -0.5912 0.1211 -0.6768, -0.6052 0.1329 -0.6503, -0.6217 0.1494 -0.6269, -0.5895 0.1322 -0.6495, -0.6049 0.1505 -0.6263, -0.6239 0.1724 -0.6078, -0.5661 0.1107 -0.7047, -0.5641 0.1149 -0.6755, -0.574 0.1297 -0.6489, -0.587 0.1497 -0.6258, -0.6044 0.1735 -0.6075, -0.6263 0.1995 -0.5951, -0.6289 0.2289 -0.5897, -0.525 0.2173 -0.5902, -0.5003 0.2082 -0.5904, -0.5352 0.1899 -0.5949, -0.5136 0.182 -0.5947, -0.5262 0.1575 -0.6062, -0.5496 0.2236 -0.5899, -0.5568 0.1954 -0.5949, -0.5448 0.1645 -0.6067, -0.537 0.1364 -0.6242, -0.5763 0.2279 -0.5897, -0.5802 0.1991 -0.595, -0.5635 0.1693 -0.607, -0.5532 0.1426 -0.6248, -0.5456 0.1201 -0.6476, -0.6033 0.2296 -0.5896, -0.6039 0.2004 -0.595, -0.5838 0.1725 -0.6072, -0.5693 0.1469 -0.6253, -0.5597 0.1257 -0.6483, 0.7013 0.077 -0.6533, 0.7008 0.0752 -0.6577, 0.6954 0.0805 -0.666, 0.7075 0.1234 -0.603, 0.7135 0.1162 -0.6007, 0.7032 0.1018 -0.6197, 0.6706 0.1093 -0.6627, 0.6707 0.1122 -0.6545, 0.6724 0.111 -0.6542, 0.6735 0.1212 -0.6398, 0.6756 0.1279 -0.6288, 0.6773 0.1265 -0.6286, 0.6795 0.1366 -0.6198, 0.6846 0.1482 -0.6079, 0.6864 0.1464 -0.6077, 0.7127 0.1969 -0.5857, 0.715 0.1943 -0.5852, 0.6995 0.1752 -0.5922, 0.6993 0.1695 -0.5929, 0.6973 0.1717 -0.5932, 0.6882 0.1549 -0.6037, 0.6765 0.0971 -0.7126, 0.6746 0.0984 -0.7132, 0.6721 0.101 -0.6828, 0.671 0.1016 -0.6875, 0.6704 0.1022 -0.6832, 0.6966 0.1359 -0.6061, 0.6868 0.1179 -0.6268, 0.692 0.1129 -0.6252, 0.6827 0.0919 -0.7093, 0.6813 0.0938 -0.6792, 0.6859 0.0892 -0.7076, 0.6859 0.0897 -0.6761, 0.6903 0.0847 -0.7036, 0.7161 0.149 -0.5894, 0.7334 0.1693 -0.5798, 0.739 0.1596 -0.5778, 0.6816 0.1036 -0.6517, 0.6865 0.0993 -0.6494, 0.6915 0.0947 -0.6463, 0.6905 0.0853 -0.6719, 0.7217 0.141 -0.5877, 0.7445 0.149 -0.5756, 0.7275 0.1322 -0.5857, 0.7499 0.1376 -0.5733, 0.7337 0.1228 -0.5833, 0.731 0.1199 -0.5861, 0.7201 0.1085 -0.5974, 0.716 0.1033 -0.6045, 0.7099 0.0955 -0.615, 0.7059 0.0887 -0.6273, 0.7274 0.1785 -0.5818, 0.7104 0.1565 -0.5908, 0.702 0.1298 -0.6048, 0.6973 0.1077 -0.6229, 0.697 0.0897 -0.6418, 0.7033 0.0842 -0.6354, 0.6913 0.0835 -0.7023, 0.6944 0.0798 -0.6984, 0.6983 0.0745 -0.6911, 0.7023 0.0688 -0.681, 0.6612 0.1939 -0.5957, 0.6623 0.1979 -0.594, 0.6743 0.1924 -0.5942, 0.6541 0.1672 -0.6088, 0.656 0.1742 -0.6038, 0.6663 0.1693 -0.6044, 0.6479 0.1446 -0.6285, 0.6503 0.1532 -0.6188, 0.6595 0.1488 -0.6198, 0.6393 0.1141 -0.7127, 0.639 0.1142 -0.7126, 0.6398 0.1159 -0.6863, 0.6595 0.1079 -0.6888, 0.6499 0.1123 -0.6882, 0.6511 0.1196 -0.6627, 0.6836 0.158 -0.6036, 0.675 0.139 -0.6197, 0.6692 0.1232 -0.6398, 0.6664 0.1112 -0.6631, 0.6701 0.1014 -0.7143, 0.6667 0.1039 -0.6883, 0.6944 0.1793 -0.5925, 0.6684 0.1436 -0.62, 0.6762 0.1633 -0.6043, 0.6685 0.1022 -0.7144, 0.6619 0.1058 -0.7151, 0.6518 0.1101 -0.7146, 0.6508 0.1105 -0.7146, 0.6401 0.1172 -0.6821, 0.642 0.1233 -0.6611, 0.6432 0.1275 -0.6534, 0.6598 0.1152 -0.6634, 0.6544 0.132 -0.6395, 0.6456 0.136 -0.6382, 0.6628 0.1273 -0.6401, 0.6858 0.1855 -0.5936, 0.7069 0.2017 -0.5869, 0.6969 0.209 -0.5885, 0.6833 0.2169 -0.5897, 0.6689 0.2231 -0.59, 0.7024 0.0748 -0.6522, 0.7071 0.0862 -0.6263, 0.7172 0.1004 -0.6035, 0.7516 0.1338 -0.5725, 0.7324 0.1166 -0.5852, 0.7532 0.1297 -0.5717, 0.7386 0.1033 -0.5828, 0.7036 0.0669 -0.6798, 0.708 0.0665 -0.6485, 0.7086 0.0591 -0.6751, 0.7149 0.0537 -0.6434, 0.7145 0.0473 -0.6688, 0.7159 0.0435 -0.6671, 0.7203 0.0401 -0.6391, 0.7191 0.0351 -0.6635, 0.7239 0.0268 -0.6361, 0.7221 0.0234 -0.6598, 0.7233 0.0148 -0.6581, 0.726 0.013 -0.6341, 0.7239 0.0114 -0.6575, 0.7267 -0.0009 -0.6336, 0.7244 -0.0008 -0.6567, 0.7263 -0.0105 -0.6339, 0.7241 -0.0091 -0.6572, 0.7257 -0.0158 -0.6344, 0.7236 -0.0138 -0.6578, 0.7234 -0.0148 -0.658, 0.7233 -0.0295 -0.6366, 0.7216 -0.0258 -0.6604, 0.7193 -0.043 -0.6399, 0.7182 -0.0377 -0.6645, 0.7398 -0.1005 -0.5823, 0.7246 -0.0869 -0.6006, 0.7451 -0.0866 -0.58, 0.73 -0.075 -0.5982, 0.7512 -0.0663 -0.5771, 0.7362 -0.0576 -0.5952, 0.7556 -0.0454 -0.5749, 0.7407 -0.0396 -0.5929, 0.7584 -0.0243 -0.5734, 0.7435 -0.0212 -0.5914, 0.759 -0.0161 -0.573, 0.7441 -0.014 -0.591, 0.7594 -0.0014 -0.5728, 0.7446 -0.0012 -0.5907, 0.7587 0.02 -0.5732, 0.7438 0.0175 -0.5912, 0.7563 0.0412 -0.5745, 0.7414 0.0358 -0.5925, 0.7523 0.0618 -0.5766, 0.7373 0.0537 -0.5947, 0.7463 0.083 -0.5794, 0.7312 0.072 -0.5976, 0.7235 0.0893 -0.6011, 0.7142 -0.0747 -0.6228, 0.7091 -0.0648 -0.6477, 0.7194 -0.0646 -0.62, 0.7138 -0.056 -0.6443, 0.7253 -0.0497 -0.6165, 0.7297 -0.0342 -0.6138, 0.7324 -0.0183 -0.612, 0.733 -0.0121 -0.6116, 0.7335 -0.001 -0.6113, 0.7328 0.0151 -0.6117, 0.7304 0.031 -0.6133, 0.7264 0.0464 -0.6158, 0.7205 0.062 -0.6193, 0.7131 0.0768 -0.6234, 0.7532 -0.1294 -0.5717, 0.7499 -0.1376 -0.5733, 0.7339 -0.1228 -0.5837, 0.7577 0.1182 -0.5696, 0.7652 0.0946 -0.5656, 0.7709 0.0702 -0.5623, 0.7746 0.0467 -0.56, 0.7769 0.0227 -0.5586, 0.7776 -0.0016 -0.5581, 0.7771 -0.0182 -0.5584, 0.7766 -0.0275 -0.5588, 0.774 -0.0516 -0.5604, 0.7698 -0.0754 -0.5629, 0.764 -0.0988 -0.5663, 0.7589 -0.115 -0.569, 0.7307 -0.1198 -0.5858, 0.7206 -0.1087 -0.598, 0.7156 -0.1031 -0.6041, 0.7105 -0.0958 -0.6155, 0.7055 -0.0885 -0.627, 0.704 -0.0846 -0.6357, 0.7009 -0.0768 -0.6532, 0.7012 -0.0755 -0.6578, 0.7159 -0.0435 -0.6671, 0.7136 -0.0494 -0.6698, 0.7095 -0.0575 -0.6741, 0.7023 -0.0688 -0.681, 0.5086 0.1488 -0.6056, 0.4932 0.172 -0.5944, 0.5136 0.182 -0.5947, 0.6395 0.1463 -0.6276, 0.6357 0.129 -0.6524, 0.6324 0.1157 -0.7112, 0.6333 0.1186 -0.6809, 0.6444 0.1692 -0.6081, 0.65 0.1962 -0.5952, 0.6185 0.1176 -0.7089, 0.619 0.1211 -0.6791, 0.6078 0.118 -0.7076, 0.6054 0.1219 -0.6779, 0.6055 0.1181 -0.7073, 0.5919 0.1171 -0.7061, 0.5912 0.1211 -0.6768, 0.5784 0.1145 -0.7053, 0.5771 0.1186 -0.6761, 0.5769 0.114 -0.7052, 0.5641 0.1149 -0.6755, 0.5661 0.1107 -0.7047, 0.5537 0.1053 -0.7042, 0.5512 0.1095 -0.6748, 0.5482 0.1021 -0.704, 0.6201 0.1319 -0.6512, 0.6052 0.1329 -0.6503, 0.5895 0.1322 -0.6495, 0.574 0.1297 -0.6489, 0.5597 0.1257 -0.6483, 0.5456 0.1201 -0.6476, 0.5391 0.1026 -0.6742, 0.5419 0.0984 -0.7037, 0.5323 0.1129 -0.6468, 0.537 0.1364 -0.6242, 0.5532 0.1426 -0.6248, 0.5693 0.1469 -0.6253, 0.587 0.1497 -0.6258, 0.6049 0.1505 -0.6263, 0.6217 0.1494 -0.6269, 0.5219 0.1287 -0.6234, 0.5262 0.1575 -0.6062, 0.5448 0.1645 -0.6067, 0.5635 0.1693 -0.607, 0.5838 0.1725 -0.6072, 0.6044 0.1735 -0.6075, 0.6239 0.1724 -0.6078, 0.5352 0.1899 -0.5949, 0.5568 0.1954 -0.5949, 0.5802 0.1991 -0.595, 0.6039 0.2004 -0.595, 0.6263 0.1995 -0.5951, 0.6561 0.2256 -0.5899, 0.6289 0.2289 -0.5897, 0.6033 0.2296 -0.5896, 0.5763 0.2279 -0.5897, 0.5496 0.2236 -0.5899, 0.525 0.2173 -0.5902, 0.5003 0.2082 -0.5904, 0.4768 0.1969 -0.5906, 0.7275 -0.1322 -0.5857, 0.7135 -0.1162 -0.6007, 0.6859 -0.0897 -0.6761, 0.6905 -0.0853 -0.6719, 0.6915 -0.0947 -0.6463, 0.6827 -0.0919 -0.7093, 0.6859 -0.0892 -0.7076, 0.6813 -0.0938 -0.6792, 0.6995 -0.1752 -0.5922, 0.6973 -0.1717 -0.5932, 0.6993 -0.1695 -0.5929, 0.6882 -0.1549 -0.6037, 0.6846 -0.1482 -0.6079, 0.6864 -0.1464 -0.6077, 0.6795 -0.1366 -0.6198, 0.6756 -0.1279 -0.6288, 0.6773 -0.1265 -0.6286, 0.6735 -0.1212 -0.6398, 0.6707 -0.1122 -0.6545, 0.6724 -0.111 -0.6542, 0.6746 -0.0984 -0.7132, 0.6765 -0.0971 -0.7126, 0.671 -0.1016 -0.6875, 0.6721 -0.101 -0.6828, 0.6704 -0.1022 -0.6832, 0.6706 -0.1093 -0.6627, 0.7127 -0.1969 -0.5857, 0.6816 -0.1036 -0.6517, 0.6868 -0.1179 -0.6268, 0.692 -0.1129 -0.6252, 0.6903 -0.0847 -0.7036, 0.6913 -0.0835 -0.7023, 0.6966 -0.1359 -0.6061, 0.702 -0.1298 -0.6048, 0.7075 -0.1234 -0.603, 0.6944 -0.0798 -0.6984, 0.6983 -0.0745 -0.6911, 0.7104 -0.1565 -0.5908, 0.7161 -0.149 -0.5894, 0.7217 -0.141 -0.5877, 0.7032 -0.1018 -0.6197, 0.697 -0.0897 -0.6418, 0.6954 -0.0805 -0.666, 0.6865 -0.0993 -0.6494, 0.6973 -0.1077 -0.6229, 0.715 -0.1943 -0.5852, 0.7274 -0.1785 -0.5818, 0.7334 -0.1693 -0.5798, 0.739 -0.1596 -0.5778, 0.7445 -0.149 -0.5756, 0.4932 -0.172 -0.5944, 0.4768 -0.1969 -0.5906, 0.4609 -0.1854 -0.5906, 0.5086 -0.1488 -0.6056, 0.4793 -0.162 -0.5944, 0.5419 -0.0984 -0.7037, 0.5307 -0.0967 -0.6739, 0.5339 -0.0927 -0.7034, 0.5201 -0.0875 -0.6735, 0.5028 -0.0662 -0.673, 0.5147 -0.0737 -0.7026, 0.5106 -0.077 -0.6732, 0.5235 -0.0835 -0.7029, 0.5238 -0.0838 -0.7029, 0.4904 -0.0408 -0.6727, 0.5007 -0.0516 -0.7021, 0.4958 -0.0539 -0.6729, 0.5048 -0.059 -0.7023, 0.5073 -0.0633 -0.7023, 0.4854 0.0224 -0.6726, 0.4891 0.0087 -0.7018, 0.4837 0.0091 -0.6726, 0.4888 0.0 -0.7018, 0.4833 0.0 -0.6726, 0.4896 -0.0135 -0.7018, 0.4842 -0.0142 -0.6726, 0.4919 -0.0268 -0.7018, 0.4866 -0.028 -0.6726, 0.493 -0.0305 -0.7019, 0.4955 -0.039 -0.702, 0.4407 -0.1675 -0.5906, 0.4616 -0.1465 -0.5943, 0.4226 -0.1473 -0.5906, 0.4457 -0.1289 -0.5943, 0.4077 -0.1266 -0.5906, 0.4327 -0.1107 -0.5943, 0.3946 -0.1031 -0.5906, 0.4212 -0.0902 -0.5943, 0.3842 -0.0781 -0.5906, 0.412 -0.0683 -0.5943, 0.3771 -0.0536 -0.5906, 0.4058 -0.0469 -0.5943, 0.3724 -0.0271 -0.5906, 0.4017 -0.0237 -0.5943, 0.3709 0.0 -0.5906, 0.4003 0.0 -0.5943, 0.3715 0.0174 -0.5906, 0.4009 0.0153 -0.5943, 0.3748 0.0428 -0.5906, 0.4038 0.0375 -0.5943, 0.3812 0.0689 -0.5906, 0.4094 0.0603 -0.5943, 0.5219 -0.1287 -0.6234, 0.4965 -0.1402 -0.6055, 0.4811 -0.1268 -0.6054, 0.4673 -0.1116 -0.6054, 0.456 -0.0959 -0.6053, 0.446 -0.0781 -0.6053, 0.4381 -0.0592 -0.6053, 0.4326 -0.0406 -0.6053, 0.4291 -0.0205 -0.6052, 0.4279 0.0 -0.6052, 0.4284 0.0132 -0.6052, 0.4309 0.0324 -0.6053, 0.4358 0.0522 -0.6053, 0.443 0.0715 -0.6053, 0.5323 -0.1129 -0.6468, 0.5114 -0.1213 -0.6233, 0.4981 -0.1097 -0.6231, 0.4861 -0.0965 -0.623, 0.4763 -0.083 -0.6229, 0.4676 -0.0676 -0.6229, 0.4607 -0.0512 -0.6228, 0.456 -0.0352 -0.6228, 0.453 -0.0178 -0.6227, 0.4519 0.0 -0.6227, 0.4524 0.0114 -0.6227, 0.4545 0.0281 -0.6228, 0.4587 0.0452 -0.6228, 0.465 0.0619 -0.6228, 0.4726 0.0769 -0.6229, 0.5391 -0.1026 -0.6742, 0.5231 -0.1065 -0.6466, 0.5114 -0.0963 -0.6463, 0.5008 -0.0848 -0.6461, 0.4922 -0.0729 -0.646, 0.4846 -0.0594 -0.6459, 0.4785 -0.045 -0.6458, 0.4744 -0.0309 -0.6457, 0.4717 -0.0156 -0.6457, 0.4708 0.0 -0.6457, 0.4712 0.01 -0.6457, 0.4731 0.0247 -0.6457, 0.4768 0.0397 -0.6457, 0.4822 0.0544 -0.6458, 0.489 0.0675 -0.6459, 0.4975 0.0805 -0.6461, 0.4888 0.0361 -0.6727, 0.4937 0.0493 -0.6728, 0.4998 0.0613 -0.673, 0.5076 0.0731 -0.6732, 0.5167 0.084 -0.6734, 0.5237 0.0834 -0.7029, 0.5205 0.0804 -0.7028, 0.5118 0.0699 -0.7025, 0.5045 0.0587 -0.7022, 0.4987 0.0472 -0.7021, 0.494 0.0345 -0.7019, 0.493 0.0305 -0.7019, 0.4908 0.0214 -0.7018, 0.4342 0.1608 -0.5906, 0.4552 0.1807 -0.5906, 0.4558 0.1406 -0.5943, 0.4743 0.158 -0.5943, 0.4921 0.1367 -0.6055, 0.4168 0.1399 -0.5906, 0.4407 0.1223 -0.5943, 0.4761 0.1217 -0.6054, 0.5076 0.1182 -0.6233, 0.4021 0.1173 -0.5906, 0.4278 0.1026 -0.5943, 0.463 0.1059 -0.6054, 0.4938 0.1053 -0.6231, 0.5197 0.1038 -0.6465, 0.3906 0.0944 -0.5906, 0.4176 0.0826 -0.5943, 0.4518 0.0889 -0.6053, 0.4823 0.0917 -0.623, 0.5076 0.0924 -0.6463, 0.5277 0.0943 -0.6738, 0.531 0.0904 -0.7033, 0.6884 -0.1837 -0.5933, 0.6784 -0.1618 -0.6041, 0.6532 -0.1186 -0.663, 0.6618 -0.114 -0.6634, 0.6648 -0.1261 -0.6401, 0.6612 -0.1939 -0.5957, 0.656 -0.1742 -0.6038, 0.6642 -0.1704 -0.6043, 0.6479 -0.1446 -0.6285, 0.6456 -0.136 -0.6382, 0.6526 -0.1329 -0.6393, 0.6432 -0.1275 -0.6534, 0.642 -0.1233 -0.6611, 0.6492 -0.1204 -0.6625, 0.639 -0.1142 -0.7126, 0.6393 -0.1141 -0.7127, 0.6478 -0.1132 -0.6879, 0.6401 -0.1172 -0.6821, 0.6398 -0.1159 -0.6863, 0.6541 -0.1672 -0.6088, 0.6503 -0.1532 -0.6188, 0.6576 -0.1498 -0.6196, 0.6689 -0.2231 -0.59, 0.6623 -0.1979 -0.594, 0.6718 -0.1936 -0.5942, 0.6484 -0.1114 -0.7143, 0.6517 -0.1102 -0.7147, 0.6522 -0.1114 -0.6885, 0.6686 -0.168 -0.6044, 0.677 -0.1909 -0.5941, 0.6684 -0.1022 -0.7143, 0.6617 -0.1067 -0.6888, 0.6644 -0.1046 -0.715, 0.6534 -0.1096 -0.7149, 0.6564 -0.1309 -0.6398, 0.6704 -0.1423 -0.62, 0.6616 -0.1477 -0.6199, 0.6803 -0.2183 -0.5898, 0.6865 -0.2152 -0.5895, 0.7 -0.2069 -0.588, 0.5482 -0.1021 -0.704, 0.5537 -0.1053 -0.7042, 0.5512 -0.1095 -0.6748, 0.5769 -0.114 -0.7052, 0.5784 -0.1145 -0.7053, 0.5771 -0.1186 -0.6761, 0.6078 -0.118 -0.7076, 0.6185 -0.1176 -0.7089, 0.619 -0.1211 -0.6791, 0.6357 -0.129 -0.6524, 0.656 -0.2256 -0.5899, 0.65 -0.1962 -0.5952, 0.6443 -0.1692 -0.6081, 0.6394 -0.1463 -0.6276, 0.6324 -0.1157 -0.7112, 0.6333 -0.1186 -0.6809, 0.6055 -0.1181 -0.7073, 0.6054 -0.1219 -0.6779, 0.6201 -0.1319 -0.6512, 0.5919 -0.1171 -0.7061, 0.5912 -0.1211 -0.6768, 0.6052 -0.1329 -0.6503, 0.6217 -0.1494 -0.6269, 0.5895 -0.1322 -0.6495, 0.6049 -0.1505 -0.6263, 0.6239 -0.1724 -0.6078, 0.5661 -0.1107 -0.7047, 0.5641 -0.1149 -0.6755, 0.574 -0.1297 -0.6489, 0.587 -0.1497 -0.6258, 0.6044 -0.1735 -0.6075, 0.6263 -0.1995 -0.5951, 0.6289 -0.2289 -0.5897, 0.525 -0.2173 -0.5902, 0.5003 -0.2082 -0.5904, 0.5352 -0.1899 -0.5949, 0.5136 -0.182 -0.5947, 0.5262 -0.1575 -0.6062, 0.5496 -0.2236 -0.5899, 0.5568 -0.1954 -0.5949, 0.5448 -0.1645 -0.6067, 0.537 -0.1364 -0.6242, 0.5763 -0.2279 -0.5897, 0.5802 -0.1991 -0.595, 0.5635 -0.1693 -0.607, 0.5532 -0.1426 -0.6248, 0.5456 -0.1201 -0.6476, 0.6033 -0.2296 -0.5896, 0.6039 -0.2004 -0.595, 0.5838 -0.1725 -0.6072, 0.5693 -0.1469 -0.6253, 0.5597 -0.1257 -0.6483, 0.5597 -0.1257 -0.6483
            ]
        }
        coordIndex [
            0,1,2,-1,3,4,5,-1,6,7,8,-1,9,10,11,-1,12,13,14,-1,15,16,17,-1,17,16,18,-1,17,18,19,-1,19,18,20,-1,21,22,23,-1,23,22,24,-1,23,24,25,-1,13,20,14,-1,14,20,18,-1,14,18,26,-1,10,12,11,-1,11,12,14,-1,11,14,27,-1,27,14,26,-1,27,26,28,-1,21,23,29,-1,29,23,30,-1,29,30,31,-1,31,30,32,-1,31,32,33,-1,34,35,36,-1,7,9,8,-1,8,9,11,-1,8,11,37,-1,37,11,27,-1,37,27,38,-1,38,27,28,-1,38,28,39,-1,25,6,23,-1,23,6,8,-1,23,8,30,-1,30,8,37,-1,30,37,32,-1,32,37,38,-1,32,38,40,-1,40,38,39,-1,40,39,2,-1,34,36,41,-1,41,36,42,-1,41,42,43,-1,43,42,44,-1,43,44,45,-1,45,46,43,-1,43,46,4,-1,43,4,41,-1,41,4,3,-1,41,3,34,-1,46,47,4,-1,4,47,48,-1,4,48,5,-1,5,48,49,-1,5,49,50,-1,51,35,52,-1,52,35,34,-1,52,34,53,-1,53,34,3,-1,53,3,54,-1,54,3,5,-1,54,5,55,-1,55,5,50,-1,55,50,56,-1,16,51,18,-1,18,51,52,-1,18,52,26,-1,26,52,53,-1,26,53,28,-1,28,53,54,-1,28,54,39,-1,39,54,55,-1,39,55,2,-1,2,55,56,-1,2,56,0,-1,33,32,57,-1,57,32,40,-1,57,40,58,-1,58,40,2,-1,58,2,59,-1,59,2,1,-1,59,1,60,-1,61,62,63,-1,64,65,66,-1,67,68,69,-1,70,71,72,-1,73,74,75,-1,19,20,76,-1,13,12,77,-1,10,9,78,-1,7,6,79,-1,22,80,24,-1,24,80,81,-1,24,81,25,-1,25,81,6,-1,7,79,9,-1,15,17,82,-1,12,10,77,-1,77,10,78,-1,77,78,83,-1,20,13,76,-1,76,13,77,-1,76,77,84,-1,84,77,83,-1,84,83,66,-1,85,86,73,-1,73,86,87,-1,73,87,74,-1,74,87,88,-1,74,88,70,-1,70,72,74,-1,74,72,89,-1,74,89,75,-1,75,89,90,-1,75,90,91,-1,80,85,81,-1,81,85,73,-1,81,73,92,-1,92,73,75,-1,92,75,93,-1,93,75,91,-1,93,91,94,-1,6,81,79,-1,79,81,92,-1,79,92,95,-1,95,92,93,-1,95,93,69,-1,69,93,94,-1,69,94,67,-1,9,79,78,-1,78,79,95,-1,78,95,83,-1,83,95,69,-1,83,69,66,-1,66,69,68,-1,66,68,64,-1,65,61,66,-1,66,61,63,-1,66,63,84,-1,84,63,96,-1,84,96,76,-1,76,96,82,-1,76,82,19,-1,19,82,17,-1,15,82,97,-1,97,82,96,-1,97,96,98,-1,98,96,63,-1,98,63,99,-1,99,63,62,-1,99,62,100,-1,1,0,101,-1,56,50,102,-1,49,48,103,-1,45,44,104,-1,47,46,105,-1,105,46,45,-1,1,101,60,-1,45,104,105,-1,105,104,106,-1,105,106,107,-1,60,101,108,-1,108,101,109,-1,108,109,110,-1,110,109,111,-1,110,111,112,-1,112,111,113,-1,113,111,114,-1,113,114,115,-1,115,114,116,-1,115,116,117,-1,117,116,118,-1,118,116,119,-1,118,119,120,-1,120,119,121,-1,120,121,122,-1,122,121,123,-1,122,123,124,-1,124,123,125,-1,124,125,126,-1,126,125,127,-1,127,125,128,-1,127,128,129,-1,129,128,130,-1,129,130,131,-1,132,133,134,-1,134,133,135,-1,134,135,136,-1,136,135,137,-1,136,137,138,-1,138,137,139,-1,138,139,140,-1,140,139,141,-1,140,141,142,-1,142,141,143,-1,142,143,144,-1,144,143,145,-1,144,145,146,-1,146,145,147,-1,146,147,148,-1,148,147,149,-1,148,149,150,-1,150,149,151,-1,150,151,152,-1,152,151,153,-1,152,153,107,-1,107,153,154,-1,107,154,105,-1,105,154,103,-1,105,103,47,-1,47,103,48,-1,155,156,157,-1,157,156,158,-1,157,158,159,-1,159,158,130,-1,159,130,160,-1,160,130,128,-1,160,128,161,-1,161,128,125,-1,161,125,162,-1,162,125,123,-1,162,123,163,-1,163,123,121,-1,163,121,164,-1,164,121,119,-1,164,119,165,-1,165,119,116,-1,165,116,166,-1,166,116,114,-1,166,114,167,-1,167,114,111,-1,167,111,168,-1,168,111,109,-1,168,109,102,-1,102,109,101,-1,102,101,56,-1,56,101,0,-1,169,170,171,-1,106,172,107,-1,107,172,173,-1,107,173,152,-1,152,173,174,-1,152,174,150,-1,150,174,175,-1,150,175,148,-1,148,175,176,-1,148,176,146,-1,146,176,177,-1,146,177,144,-1,144,177,178,-1,144,178,142,-1,142,178,179,-1,142,179,140,-1,140,179,180,-1,140,180,138,-1,138,180,181,-1,138,181,136,-1,136,181,182,-1,136,182,134,-1,134,182,183,-1,134,183,132,-1,132,183,169,-1,169,171,132,-1,132,171,184,-1,132,184,133,-1,133,184,185,-1,133,185,186,-1,186,187,133,-1,133,187,155,-1,133,155,135,-1,135,155,157,-1,135,157,137,-1,137,157,159,-1,137,159,139,-1,139,159,160,-1,139,160,141,-1,141,160,161,-1,141,161,143,-1,143,161,162,-1,143,162,145,-1,145,162,163,-1,145,163,147,-1,147,163,164,-1,147,164,149,-1,149,164,165,-1,149,165,151,-1,151,165,166,-1,151,166,153,-1,153,166,167,-1,153,167,154,-1,154,167,168,-1,154,168,103,-1,103,168,102,-1,103,102,49,-1,49,102,50,-1,187,188,155,-1,155,188,189,-1,155,189,156,-1,156,189,190,-1,156,190,191,-1,131,130,192,-1,192,130,158,-1,192,158,193,-1,193,158,156,-1,193,156,194,-1,194,156,191,-1,194,191,195,-1,196,197,198,-1,68,67,199,-1,94,91,200,-1,72,71,201,-1,90,89,202,-1,202,89,72,-1,68,199,64,-1,61,65,203,-1,100,62,204,-1,72,201,202,-1,202,201,205,-1,202,205,206,-1,206,205,207,-1,206,207,208,-1,207,209,208,-1,208,209,210,-1,208,210,211,-1,211,210,212,-1,211,212,213,-1,213,212,214,-1,213,214,215,-1,214,216,215,-1,215,216,217,-1,215,217,218,-1,218,217,219,-1,91,90,200,-1,200,90,202,-1,200,202,220,-1,220,202,206,-1,220,206,221,-1,221,206,208,-1,221,208,222,-1,222,208,211,-1,222,211,223,-1,223,211,213,-1,223,213,224,-1,224,213,215,-1,224,215,225,-1,225,215,218,-1,225,218,226,-1,226,218,219,-1,226,219,227,-1,226,228,225,-1,225,228,229,-1,225,229,224,-1,224,229,230,-1,224,230,223,-1,223,230,231,-1,223,231,222,-1,222,231,232,-1,222,232,221,-1,221,232,233,-1,221,233,220,-1,220,233,234,-1,220,234,200,-1,200,234,199,-1,200,199,94,-1,94,199,67,-1,228,235,229,-1,229,235,236,-1,229,236,230,-1,230,236,237,-1,230,237,231,-1,231,237,238,-1,231,238,232,-1,232,238,239,-1,232,239,233,-1,233,239,240,-1,233,240,234,-1,234,240,241,-1,234,241,199,-1,199,241,203,-1,199,203,64,-1,64,203,65,-1,235,196,236,-1,236,196,198,-1,236,198,237,-1,237,198,242,-1,237,242,238,-1,238,242,243,-1,238,243,239,-1,239,243,244,-1,239,244,240,-1,240,244,245,-1,240,245,241,-1,241,245,246,-1,241,246,203,-1,203,246,204,-1,203,204,61,-1,61,204,62,-1,100,204,247,-1,247,204,246,-1,247,246,248,-1,248,246,245,-1,248,245,249,-1,249,245,244,-1,249,244,250,-1,250,244,243,-1,250,243,251,-1,251,243,242,-1,251,242,252,-1,252,242,198,-1,252,198,253,-1,253,198,197,-1,253,197,254,-1,184,171,255,-1,186,185,256,-1,257,258,259,-1,260,261,262,-1,263,264,265,-1,266,267,268,-1,269,270,271,-1,272,273,274,-1,275,276,277,-1,277,276,278,-1,277,278,279,-1,279,278,280,-1,263,265,281,-1,273,280,274,-1,274,280,278,-1,274,278,282,-1,270,272,271,-1,271,272,274,-1,271,274,283,-1,283,274,282,-1,283,282,284,-1,257,285,286,-1,267,269,268,-1,268,269,271,-1,268,271,287,-1,287,271,283,-1,287,283,288,-1,288,283,284,-1,288,284,289,-1,257,286,258,-1,258,286,290,-1,258,290,291,-1,264,266,265,-1,265,266,268,-1,265,268,292,-1,292,268,287,-1,292,287,293,-1,293,287,288,-1,293,288,294,-1,294,288,289,-1,294,289,255,-1,295,259,296,-1,296,259,258,-1,296,258,297,-1,297,258,291,-1,297,291,195,-1,195,191,297,-1,297,191,190,-1,297,190,296,-1,296,190,189,-1,296,189,295,-1,295,189,188,-1,295,188,187,-1,261,285,262,-1,262,285,257,-1,262,257,298,-1,298,257,259,-1,298,259,299,-1,299,259,295,-1,299,295,256,-1,256,295,187,-1,256,187,186,-1,276,260,278,-1,278,260,262,-1,278,262,282,-1,282,262,298,-1,282,298,284,-1,284,298,299,-1,284,299,289,-1,289,299,256,-1,289,256,255,-1,255,256,185,-1,255,185,184,-1,281,265,300,-1,300,265,292,-1,300,292,301,-1,301,292,293,-1,301,293,302,-1,302,293,294,-1,302,294,303,-1,303,294,255,-1,303,255,304,-1,304,255,171,-1,304,171,170,-1,305,306,307,-1,308,305,309,-1,310,311,312,-1,312,311,313,-1,314,315,316,-1,316,315,317,-1,316,317,313,-1,313,317,318,-1,313,318,312,-1,319,320,321,-1,321,320,322,-1,321,322,314,-1,314,322,323,-1,314,323,315,-1,324,325,326,-1,326,325,327,-1,326,327,328,-1,328,327,329,-1,328,329,330,-1,330,329,331,-1,330,331,332,-1,332,331,333,-1,332,333,319,-1,319,333,334,-1,319,334,320,-1,305,307,309,-1,309,307,335,-1,309,335,336,-1,336,335,337,-1,336,337,338,-1,338,337,339,-1,338,339,340,-1,340,339,341,-1,340,341,342,-1,342,341,343,-1,342,343,344,-1,344,343,345,-1,344,345,346,-1,346,345,347,-1,346,347,348,-1,348,347,349,-1,348,349,350,-1,350,349,351,-1,350,351,352,-1,352,351,353,-1,352,353,354,-1,354,353,355,-1,354,355,356,-1,357,308,358,-1,358,308,309,-1,358,309,359,-1,359,309,336,-1,359,336,360,-1,360,336,338,-1,360,338,361,-1,361,338,340,-1,361,340,362,-1,362,340,342,-1,362,342,363,-1,363,342,344,-1,363,344,364,-1,364,344,346,-1,364,346,365,-1,365,346,348,-1,365,348,366,-1,366,348,350,-1,366,350,367,-1,367,350,352,-1,367,352,368,-1,368,352,354,-1,368,354,369,-1,369,354,356,-1,369,356,370,-1,371,357,372,-1,372,357,358,-1,372,358,373,-1,373,358,359,-1,373,359,374,-1,374,359,360,-1,374,360,375,-1,375,360,361,-1,375,361,376,-1,376,361,362,-1,376,362,377,-1,377,362,363,-1,377,363,378,-1,378,363,364,-1,378,364,379,-1,379,364,365,-1,379,365,380,-1,380,365,366,-1,380,366,381,-1,381,366,367,-1,381,367,382,-1,382,367,368,-1,382,368,383,-1,383,368,369,-1,383,369,384,-1,384,369,370,-1,384,370,385,-1,386,371,387,-1,387,371,372,-1,387,372,388,-1,388,372,373,-1,388,373,389,-1,389,373,374,-1,389,374,390,-1,390,374,375,-1,390,375,391,-1,391,375,376,-1,391,376,392,-1,392,376,377,-1,392,377,393,-1,393,377,378,-1,393,378,394,-1,394,378,379,-1,394,379,395,-1,395,379,380,-1,395,380,396,-1,396,380,381,-1,396,381,397,-1,397,381,382,-1,397,382,398,-1,398,382,383,-1,398,383,399,-1,399,383,384,-1,399,384,400,-1,400,384,385,-1,400,385,401,-1,310,386,311,-1,311,386,387,-1,311,387,313,-1,313,387,388,-1,313,388,316,-1,316,388,389,-1,316,389,314,-1,314,389,390,-1,314,390,321,-1,321,390,391,-1,321,391,319,-1,319,391,392,-1,319,392,332,-1,332,392,393,-1,332,393,330,-1,330,393,394,-1,330,394,328,-1,328,394,395,-1,328,395,326,-1,326,395,396,-1,326,396,324,-1,324,396,397,-1,324,397,402,-1,402,397,398,-1,402,398,403,-1,403,398,399,-1,403,399,404,-1,404,399,400,-1,404,400,405,-1,405,400,401,-1,405,401,406,-1,407,408,406,-1,406,408,409,-1,406,409,405,-1,405,409,410,-1,405,410,404,-1,404,410,411,-1,404,411,403,-1,403,411,412,-1,403,412,402,-1,402,412,413,-1,402,413,324,-1,324,413,414,-1,324,414,325,-1,415,416,417,-1,417,416,418,-1,417,418,419,-1,420,415,421,-1,421,415,417,-1,421,417,422,-1,422,417,419,-1,422,419,423,-1,424,420,425,-1,425,420,421,-1,425,421,426,-1,426,421,422,-1,426,422,427,-1,427,422,423,-1,427,423,428,-1,429,424,430,-1,430,424,425,-1,430,425,431,-1,431,425,426,-1,431,426,432,-1,432,426,427,-1,432,427,433,-1,433,427,428,-1,433,428,434,-1,435,407,434,-1,434,407,406,-1,434,406,433,-1,433,406,401,-1,433,401,432,-1,432,401,385,-1,432,385,431,-1,431,385,370,-1,431,370,430,-1,430,370,356,-1,430,356,429,-1,429,356,355,-1,227,435,226,-1,226,435,434,-1,226,434,228,-1,228,434,428,-1,228,428,235,-1,235,428,423,-1,235,423,196,-1,196,423,419,-1,196,419,197,-1,197,419,418,-1,197,418,254,-1,254,418,416,-1,264,263,436,-1,267,266,437,-1,438,439,440,-1,441,442,443,-1,444,445,446,-1,447,448,449,-1,450,451,452,-1,448,453,452,-1,452,453,454,-1,452,454,450,-1,447,449,445,-1,455,456,457,-1,457,456,444,-1,458,459,460,-1,451,461,452,-1,452,461,462,-1,452,462,463,-1,442,455,443,-1,443,455,457,-1,443,457,464,-1,459,441,460,-1,460,441,443,-1,460,443,465,-1,465,443,464,-1,465,464,436,-1,275,277,466,-1,466,277,467,-1,466,467,468,-1,468,467,463,-1,468,463,469,-1,469,463,462,-1,277,279,467,-1,467,279,439,-1,467,439,463,-1,463,439,438,-1,463,438,452,-1,279,280,439,-1,439,280,273,-1,439,273,440,-1,440,273,272,-1,440,272,270,-1,448,452,449,-1,449,452,438,-1,449,438,470,-1,470,438,440,-1,470,440,471,-1,471,440,270,-1,471,270,269,-1,445,449,446,-1,446,449,470,-1,446,470,472,-1,472,470,471,-1,472,471,437,-1,437,471,269,-1,437,269,267,-1,444,446,457,-1,457,446,472,-1,457,472,464,-1,464,472,437,-1,464,437,436,-1,436,437,266,-1,436,266,264,-1,458,460,473,-1,473,460,465,-1,473,465,474,-1,474,465,436,-1,474,436,475,-1,475,436,263,-1,475,263,281,-1,476,477,478,-1,479,480,481,-1,482,483,484,-1,448,447,485,-1,458,486,459,-1,459,486,487,-1,459,487,441,-1,488,455,442,-1,445,444,489,-1,489,444,456,-1,490,450,491,-1,491,450,454,-1,491,454,453,-1,483,490,484,-1,484,490,491,-1,484,491,485,-1,485,491,453,-1,485,453,448,-1,492,482,493,-1,493,482,484,-1,493,484,494,-1,494,484,485,-1,494,485,489,-1,489,485,447,-1,489,447,445,-1,495,492,496,-1,496,492,493,-1,496,493,497,-1,497,493,494,-1,497,494,498,-1,498,494,489,-1,498,489,488,-1,488,489,456,-1,488,456,455,-1,480,495,481,-1,481,495,496,-1,481,496,499,-1,499,496,497,-1,499,497,500,-1,500,497,498,-1,500,498,501,-1,501,498,488,-1,501,488,487,-1,487,488,442,-1,487,442,441,-1,502,479,503,-1,503,479,481,-1,503,481,504,-1,504,481,499,-1,504,499,505,-1,505,499,500,-1,505,500,506,-1,506,500,501,-1,506,501,507,-1,507,501,487,-1,507,487,508,-1,508,487,486,-1,509,510,511,-1,511,510,512,-1,511,512,513,-1,514,509,515,-1,515,509,511,-1,515,511,516,-1,516,511,513,-1,516,513,517,-1,518,514,519,-1,519,514,515,-1,519,515,520,-1,520,515,516,-1,520,516,521,-1,521,516,517,-1,521,517,522,-1,523,518,524,-1,524,518,519,-1,524,519,525,-1,525,519,520,-1,525,520,526,-1,526,520,521,-1,526,521,527,-1,527,521,522,-1,527,522,478,-1,477,502,478,-1,478,502,503,-1,478,503,527,-1,527,503,504,-1,527,504,526,-1,526,504,505,-1,526,505,525,-1,525,505,506,-1,525,506,524,-1,524,506,507,-1,524,507,523,-1,523,507,508,-1,310,476,386,-1,386,476,478,-1,386,478,371,-1,371,478,522,-1,371,522,357,-1,357,522,517,-1,357,517,308,-1,308,517,513,-1,308,513,305,-1,305,513,512,-1,305,512,306,-1,306,512,510,-1,528,529,530,-1,531,532,533,-1,534,535,536,-1,537,538,539,-1,540,541,542,-1,543,544,545,-1,545,544,546,-1,545,546,547,-1,547,546,548,-1,549,550,551,-1,551,550,552,-1,551,552,553,-1,541,548,542,-1,542,548,546,-1,542,546,554,-1,538,540,539,-1,539,540,542,-1,539,542,555,-1,555,542,554,-1,555,554,556,-1,549,551,557,-1,557,551,558,-1,557,558,559,-1,559,558,560,-1,559,560,561,-1,562,563,564,-1,535,537,536,-1,536,537,539,-1,536,539,565,-1,565,539,555,-1,565,555,566,-1,566,555,556,-1,566,556,567,-1,553,534,551,-1,551,534,536,-1,551,536,558,-1,558,536,565,-1,558,565,560,-1,560,565,566,-1,560,566,568,-1,568,566,567,-1,568,567,530,-1,562,564,569,-1,569,564,570,-1,569,570,571,-1,571,570,572,-1,571,572,573,-1,573,574,571,-1,571,574,532,-1,571,532,569,-1,569,532,531,-1,569,531,562,-1,574,575,532,-1,532,575,576,-1,532,576,533,-1,533,576,577,-1,533,577,578,-1,579,563,580,-1,580,563,562,-1,580,562,581,-1,581,562,531,-1,581,531,582,-1,582,531,533,-1,582,533,583,-1,583,533,578,-1,583,578,584,-1,544,579,546,-1,546,579,580,-1,546,580,554,-1,554,580,581,-1,554,581,556,-1,556,581,582,-1,556,582,567,-1,567,582,583,-1,567,583,530,-1,530,583,584,-1,530,584,528,-1,561,560,585,-1,585,560,568,-1,585,568,586,-1,586,568,530,-1,586,530,587,-1,587,530,529,-1,587,529,588,-1,589,590,591,-1,592,593,594,-1,595,596,597,-1,598,599,600,-1,601,602,603,-1,547,548,604,-1,541,540,605,-1,538,537,606,-1,535,534,607,-1,550,608,552,-1,552,608,609,-1,552,609,553,-1,553,609,534,-1,535,607,537,-1,543,545,610,-1,540,538,605,-1,605,538,606,-1,605,606,611,-1,548,541,604,-1,604,541,605,-1,604,605,612,-1,612,605,611,-1,612,611,594,-1,613,614,601,-1,601,614,615,-1,601,615,602,-1,602,615,616,-1,602,616,598,-1,598,600,602,-1,602,600,617,-1,602,617,603,-1,603,617,618,-1,603,618,619,-1,608,613,609,-1,609,613,601,-1,609,601,620,-1,620,601,603,-1,620,603,621,-1,621,603,619,-1,621,619,622,-1,534,609,607,-1,607,609,620,-1,607,620,623,-1,623,620,621,-1,623,621,597,-1,597,621,622,-1,597,622,595,-1,537,607,606,-1,606,607,623,-1,606,623,611,-1,611,623,597,-1,611,597,594,-1,594,597,596,-1,594,596,592,-1,593,589,594,-1,594,589,591,-1,594,591,612,-1,612,591,624,-1,612,624,604,-1,604,624,610,-1,604,610,547,-1,547,610,545,-1,543,610,625,-1,625,610,624,-1,625,624,626,-1,626,624,591,-1,626,591,627,-1,627,591,590,-1,627,590,628,-1,529,528,629,-1,584,578,630,-1,577,576,631,-1,573,572,632,-1,575,574,633,-1,633,574,573,-1,529,629,588,-1,573,632,633,-1,633,632,634,-1,633,634,635,-1,588,629,636,-1,636,629,637,-1,636,637,638,-1,638,637,639,-1,638,639,640,-1,640,639,641,-1,641,639,642,-1,641,642,643,-1,643,642,644,-1,643,644,645,-1,645,644,646,-1,646,644,647,-1,646,647,648,-1,648,647,649,-1,648,649,650,-1,650,649,651,-1,650,651,652,-1,652,651,653,-1,652,653,654,-1,654,653,655,-1,655,653,656,-1,655,656,657,-1,657,656,658,-1,657,658,659,-1,660,661,662,-1,662,661,663,-1,662,663,664,-1,664,663,665,-1,664,665,666,-1,666,665,667,-1,666,667,668,-1,668,667,669,-1,668,669,670,-1,670,669,671,-1,670,671,672,-1,672,671,673,-1,672,673,674,-1,674,673,675,-1,674,675,676,-1,676,675,677,-1,676,677,678,-1,678,677,679,-1,678,679,680,-1,680,679,681,-1,680,681,635,-1,635,681,682,-1,635,682,633,-1,633,682,631,-1,633,631,575,-1,575,631,576,-1,683,684,685,-1,685,684,686,-1,685,686,687,-1,687,686,658,-1,687,658,688,-1,688,658,656,-1,688,656,689,-1,689,656,653,-1,689,653,690,-1,690,653,651,-1,690,651,691,-1,691,651,649,-1,691,649,692,-1,692,649,647,-1,692,647,693,-1,693,647,644,-1,693,644,694,-1,694,644,642,-1,694,642,695,-1,695,642,639,-1,695,639,696,-1,696,639,637,-1,696,637,630,-1,630,637,629,-1,630,629,584,-1,584,629,528,-1,697,698,699,-1,634,700,635,-1,635,700,701,-1,635,701,680,-1,680,701,702,-1,680,702,678,-1,678,702,703,-1,678,703,676,-1,676,703,704,-1,676,704,674,-1,674,704,705,-1,674,705,672,-1,672,705,706,-1,672,706,670,-1,670,706,707,-1,670,707,668,-1,668,707,708,-1,668,708,666,-1,666,708,709,-1,666,709,664,-1,664,709,710,-1,664,710,662,-1,662,710,711,-1,662,711,660,-1,660,711,697,-1,697,699,660,-1,660,699,712,-1,660,712,661,-1,661,712,713,-1,661,713,714,-1,714,715,661,-1,661,715,683,-1,661,683,663,-1,663,683,685,-1,663,685,665,-1,665,685,687,-1,665,687,667,-1,667,687,688,-1,667,688,669,-1,669,688,689,-1,669,689,671,-1,671,689,690,-1,671,690,673,-1,673,690,691,-1,673,691,675,-1,675,691,692,-1,675,692,677,-1,677,692,693,-1,677,693,679,-1,679,693,694,-1,679,694,681,-1,681,694,695,-1,681,695,682,-1,682,695,696,-1,682,696,631,-1,631,696,630,-1,631,630,577,-1,577,630,578,-1,715,716,683,-1,683,716,717,-1,683,717,684,-1,684,717,718,-1,684,718,719,-1,659,658,720,-1,720,658,686,-1,720,686,721,-1,721,686,684,-1,721,684,722,-1,722,684,719,-1,722,719,723,-1,724,725,726,-1,596,595,727,-1,622,619,728,-1,600,599,729,-1,618,617,730,-1,730,617,600,-1,596,727,592,-1,589,593,731,-1,628,590,732,-1,600,729,730,-1,730,729,733,-1,730,733,734,-1,734,733,735,-1,734,735,736,-1,735,737,736,-1,736,737,738,-1,736,738,739,-1,739,738,740,-1,739,740,741,-1,741,740,742,-1,741,742,743,-1,742,744,743,-1,743,744,745,-1,743,745,746,-1,746,745,747,-1,619,618,728,-1,728,618,730,-1,728,730,748,-1,748,730,734,-1,748,734,749,-1,749,734,736,-1,749,736,750,-1,750,736,739,-1,750,739,751,-1,751,739,741,-1,751,741,752,-1,752,741,743,-1,752,743,753,-1,753,743,746,-1,753,746,754,-1,754,746,747,-1,754,747,755,-1,754,756,753,-1,753,756,757,-1,753,757,752,-1,752,757,758,-1,752,758,751,-1,751,758,759,-1,751,759,750,-1,750,759,760,-1,750,760,749,-1,749,760,761,-1,749,761,748,-1,748,761,762,-1,748,762,728,-1,728,762,727,-1,728,727,622,-1,622,727,595,-1,756,763,757,-1,757,763,764,-1,757,764,758,-1,758,764,765,-1,758,765,759,-1,759,765,766,-1,759,766,760,-1,760,766,767,-1,760,767,761,-1,761,767,768,-1,761,768,762,-1,762,768,769,-1,762,769,727,-1,727,769,731,-1,727,731,592,-1,592,731,593,-1,763,724,764,-1,764,724,726,-1,764,726,765,-1,765,726,770,-1,765,770,766,-1,766,770,771,-1,766,771,767,-1,767,771,772,-1,767,772,768,-1,768,772,773,-1,768,773,769,-1,769,773,774,-1,769,774,731,-1,731,774,732,-1,731,732,589,-1,589,732,590,-1,628,732,775,-1,775,732,774,-1,775,774,776,-1,776,774,773,-1,776,773,777,-1,777,773,772,-1,777,772,778,-1,778,772,771,-1,778,771,779,-1,779,771,770,-1,779,770,780,-1,780,770,726,-1,780,726,781,-1,781,726,725,-1,781,725,782,-1,712,699,783,-1,714,713,784,-1,785,786,787,-1,788,789,790,-1,791,792,793,-1,794,795,796,-1,797,798,799,-1,800,801,802,-1,803,804,805,-1,805,804,806,-1,805,806,807,-1,807,806,808,-1,791,793,809,-1,801,808,802,-1,802,808,806,-1,802,806,810,-1,798,800,799,-1,799,800,802,-1,799,802,811,-1,811,802,810,-1,811,810,812,-1,785,813,814,-1,795,797,796,-1,796,797,799,-1,796,799,815,-1,815,799,811,-1,815,811,816,-1,816,811,812,-1,816,812,817,-1,785,814,786,-1,786,814,818,-1,786,818,819,-1,792,794,793,-1,793,794,796,-1,793,796,820,-1,820,796,815,-1,820,815,821,-1,821,815,816,-1,821,816,822,-1,822,816,817,-1,822,817,783,-1,823,787,824,-1,824,787,786,-1,824,786,825,-1,825,786,819,-1,825,819,723,-1,723,719,825,-1,825,719,718,-1,825,718,824,-1,824,718,717,-1,824,717,823,-1,823,717,716,-1,823,716,715,-1,789,813,790,-1,790,813,785,-1,790,785,826,-1,826,785,787,-1,826,787,827,-1,827,787,823,-1,827,823,784,-1,784,823,715,-1,784,715,714,-1,804,788,806,-1,806,788,790,-1,806,790,810,-1,810,790,826,-1,810,826,812,-1,812,826,827,-1,812,827,817,-1,817,827,784,-1,817,784,783,-1,783,784,713,-1,783,713,712,-1,809,793,828,-1,828,793,820,-1,828,820,829,-1,829,820,821,-1,829,821,830,-1,830,821,822,-1,830,822,831,-1,831,822,783,-1,831,783,832,-1,832,783,699,-1,832,699,698,-1,833,834,835,-1,836,833,837,-1,838,839,840,-1,840,839,841,-1,842,843,844,-1,844,843,845,-1,844,845,841,-1,841,845,846,-1,841,846,840,-1,847,848,849,-1,849,848,850,-1,849,850,842,-1,842,850,851,-1,842,851,843,-1,852,853,854,-1,854,853,855,-1,854,855,856,-1,856,855,857,-1,856,857,858,-1,858,857,859,-1,858,859,860,-1,860,859,861,-1,860,861,847,-1,847,861,862,-1,847,862,848,-1,833,835,837,-1,837,835,863,-1,837,863,864,-1,864,863,865,-1,864,865,866,-1,866,865,867,-1,866,867,868,-1,868,867,869,-1,868,869,870,-1,870,869,871,-1,870,871,872,-1,872,871,873,-1,872,873,874,-1,874,873,875,-1,874,875,876,-1,876,875,877,-1,876,877,878,-1,878,877,879,-1,878,879,880,-1,880,879,881,-1,880,881,882,-1,882,881,883,-1,882,883,884,-1,885,836,886,-1,886,836,837,-1,886,837,887,-1,887,837,864,-1,887,864,888,-1,888,864,866,-1,888,866,889,-1,889,866,868,-1,889,868,890,-1,890,868,870,-1,890,870,891,-1,891,870,872,-1,891,872,892,-1,892,872,874,-1,892,874,893,-1,893,874,876,-1,893,876,894,-1,894,876,878,-1,894,878,895,-1,895,878,880,-1,895,880,896,-1,896,880,882,-1,896,882,897,-1,897,882,884,-1,897,884,898,-1,899,885,900,-1,900,885,886,-1,900,886,901,-1,901,886,887,-1,901,887,902,-1,902,887,888,-1,902,888,903,-1,903,888,889,-1,903,889,904,-1,904,889,890,-1,904,890,905,-1,905,890,891,-1,905,891,906,-1,906,891,892,-1,906,892,907,-1,907,892,893,-1,907,893,908,-1,908,893,894,-1,908,894,909,-1,909,894,895,-1,909,895,910,-1,910,895,896,-1,910,896,911,-1,911,896,897,-1,911,897,912,-1,912,897,898,-1,912,898,913,-1,914,899,915,-1,915,899,900,-1,915,900,916,-1,916,900,901,-1,916,901,917,-1,917,901,902,-1,917,902,918,-1,918,902,903,-1,918,903,919,-1,919,903,904,-1,919,904,920,-1,920,904,905,-1,920,905,921,-1,921,905,906,-1,921,906,922,-1,922,906,907,-1,922,907,923,-1,923,907,908,-1,923,908,924,-1,924,908,909,-1,924,909,925,-1,925,909,910,-1,925,910,926,-1,926,910,911,-1,926,911,927,-1,927,911,912,-1,927,912,928,-1,928,912,913,-1,928,913,929,-1,838,914,839,-1,839,914,915,-1,839,915,841,-1,841,915,916,-1,841,916,844,-1,844,916,917,-1,844,917,842,-1,842,917,918,-1,842,918,849,-1,849,918,919,-1,849,919,847,-1,847,919,920,-1,847,920,860,-1,860,920,921,-1,860,921,858,-1,858,921,922,-1,858,922,856,-1,856,922,923,-1,856,923,854,-1,854,923,924,-1,854,924,852,-1,852,924,925,-1,852,925,930,-1,930,925,926,-1,930,926,931,-1,931,926,927,-1,931,927,932,-1,932,927,928,-1,932,928,933,-1,933,928,929,-1,933,929,934,-1,935,936,934,-1,934,936,937,-1,934,937,933,-1,933,937,938,-1,933,938,932,-1,932,938,939,-1,932,939,931,-1,931,939,940,-1,931,940,930,-1,930,940,941,-1,930,941,852,-1,852,941,942,-1,852,942,853,-1,943,944,945,-1,945,944,946,-1,945,946,947,-1,948,943,949,-1,949,943,945,-1,949,945,950,-1,950,945,947,-1,950,947,951,-1,952,948,953,-1,953,948,949,-1,953,949,954,-1,954,949,950,-1,954,950,955,-1,955,950,951,-1,955,951,956,-1,957,952,958,-1,958,952,953,-1,958,953,959,-1,959,953,954,-1,959,954,960,-1,960,954,955,-1,960,955,961,-1,961,955,956,-1,961,956,962,-1,963,935,962,-1,962,935,934,-1,962,934,961,-1,961,934,929,-1,961,929,960,-1,960,929,913,-1,960,913,959,-1,959,913,898,-1,959,898,958,-1,958,898,884,-1,958,884,957,-1,957,884,883,-1,755,963,754,-1,754,963,962,-1,754,962,756,-1,756,962,956,-1,756,956,763,-1,763,956,951,-1,763,951,724,-1,724,951,947,-1,724,947,725,-1,725,947,946,-1,725,946,782,-1,782,946,944,-1,792,791,964,-1,795,794,965,-1,966,967,968,-1,969,970,971,-1,972,973,974,-1,975,976,977,-1,978,979,980,-1,976,981,980,-1,980,981,982,-1,980,982,978,-1,975,977,973,-1,983,984,985,-1,985,984,972,-1,986,987,988,-1,979,989,980,-1,980,989,990,-1,980,990,991,-1,970,983,971,-1,971,983,985,-1,971,985,992,-1,987,969,988,-1,988,969,971,-1,988,971,993,-1,993,971,992,-1,993,992,964,-1,803,805,994,-1,994,805,995,-1,994,995,996,-1,996,995,991,-1,996,991,997,-1,997,991,990,-1,805,807,995,-1,995,807,967,-1,995,967,991,-1,991,967,966,-1,991,966,980,-1,807,808,967,-1,967,808,801,-1,967,801,968,-1,968,801,800,-1,968,800,798,-1,976,980,977,-1,977,980,966,-1,977,966,998,-1,998,966,968,-1,998,968,999,-1,999,968,798,-1,999,798,797,-1,973,977,974,-1,974,977,998,-1,974,998,1000,-1,1000,998,999,-1,1000,999,965,-1,965,999,797,-1,965,797,795,-1,972,974,985,-1,985,974,1000,-1,985,1000,992,-1,992,1000,965,-1,992,965,964,-1,964,965,794,-1,964,794,792,-1,986,988,1001,-1,1001,988,993,-1,1001,993,1002,-1,1002,993,964,-1,1002,964,1003,-1,1003,964,791,-1,1003,791,809,-1,1004,1005,1006,-1,1007,1008,1009,-1,1010,1011,1012,-1,976,975,1013,-1,986,1014,987,-1,987,1014,1015,-1,987,1015,969,-1,1016,983,970,-1,973,972,1017,-1,1017,972,984,-1,1018,978,1019,-1,1019,978,982,-1,1019,982,981,-1,1011,1018,1012,-1,1012,1018,1019,-1,1012,1019,1013,-1,1013,1019,981,-1,1013,981,976,-1,1020,1010,1021,-1,1021,1010,1012,-1,1021,1012,1022,-1,1022,1012,1013,-1,1022,1013,1017,-1,1017,1013,975,-1,1017,975,973,-1,1023,1020,1024,-1,1024,1020,1021,-1,1024,1021,1025,-1,1025,1021,1022,-1,1025,1022,1026,-1,1026,1022,1017,-1,1026,1017,1016,-1,1016,1017,984,-1,1016,984,983,-1,1008,1023,1009,-1,1009,1023,1024,-1,1009,1024,1027,-1,1027,1024,1025,-1,1027,1025,1028,-1,1028,1025,1026,-1,1028,1026,1029,-1,1029,1026,1016,-1,1029,1016,1015,-1,1015,1016,970,-1,1015,970,969,-1,1030,1007,1031,-1,1031,1007,1009,-1,1031,1009,1032,-1,1032,1009,1027,-1,1032,1027,1033,-1,1033,1027,1028,-1,1033,1028,1034,-1,1034,1028,1029,-1,1034,1029,1035,-1,1035,1029,1015,-1,1035,1015,1036,-1,1036,1015,1014,-1,1037,1038,1039,-1,1039,1038,1040,-1,1039,1040,1041,-1,1042,1037,1043,-1,1043,1037,1039,-1,1043,1039,1044,-1,1044,1039,1041,-1,1044,1041,1045,-1,1046,1042,1047,-1,1047,1042,1043,-1,1047,1043,1048,-1,1048,1043,1044,-1,1048,1044,1049,-1,1049,1044,1045,-1,1049,1045,1050,-1,1051,1046,1052,-1,1052,1046,1047,-1,1052,1047,1053,-1,1053,1047,1048,-1,1053,1048,1054,-1,1054,1048,1049,-1,1054,1049,1055,-1,1055,1049,1050,-1,1055,1050,1006,-1,1005,1030,1006,-1,1006,1030,1031,-1,1006,1031,1055,-1,1055,1031,1032,-1,1055,1032,1054,-1,1054,1032,1033,-1,1054,1033,1053,-1,1053,1033,1034,-1,1053,1034,1052,-1,1052,1034,1035,-1,1052,1035,1051,-1,1051,1035,1036,-1,838,1004,914,-1,914,1004,1006,-1,914,1006,899,-1,899,1006,1050,-1,899,1050,885,-1,885,1050,1045,-1,885,1045,836,-1,836,1045,1041,-1,836,1041,833,-1,833,1041,1040,-1,833,1040,834,-1,834,1040,1038,-1,
        ]
    }
}
Shape{
    appearance Appearance {
        material  Material 	{
            diffuseColor 0.0 0.0 0.0
            specularColor 0.0 0.0 0.0
            ambientIntensity 0.2
            transparency 0
            shininess 0.5
        }
    }
    geometry IndexedFaceSet {
        ccw TRUE
        solid FALSE
        coord DEF co Coordinate {
            point [
                0.0565 -0.5861 -0.2611, 0.0565 -0.5815 -0.269, 0.0565 -0.5827 -0.2591, 0.0565 -0.5781 -0.267, 0.0246 -0.5861 -0.2611, 0.0246 -0.5827 -0.2591, 0.0246 -0.6216 -0.1997, 0.0246 -0.6181 -0.1977, 0.0143 -0.6216 -0.1997, 0.0143 -0.6181 -0.1977, 0.0143 -0.5815 -0.269, 0.0143 -0.5781 -0.267, 0.0976 -0.5808 -0.2702, 0.0976 -0.5774 -0.2682, 0.1098 -0.5814 -0.2692, 0.1046 -0.5778 -0.2676, 0.1098 -0.578 -0.2672, 0.1184 -0.5794 -0.2648, 0.1184 -0.5828 -0.2667, 0.1197 -0.5798 -0.2642, 0.1197 -0.5832 -0.2661, 0.1197 -0.5881 -0.2576, 0.1197 -0.5847 -0.2556, 0.1119 -0.583 -0.2587, 0.1119 -0.5864 -0.2606, 0.1028 -0.5821 -0.2601, 0.1028 -0.5855 -0.2621, 0.0991 -0.582 -0.2602, 0.0991 -0.5854 -0.2622, 0.0922 -0.5824 -0.2596, 0.0922 -0.5858 -0.2616, 0.0863 -0.5834 -0.2579, 0.0863 -0.5868 -0.2599, 0.0809 -0.5851 -0.2549, 0.0809 -0.5885 -0.2568, 0.0785 -0.5863 -0.2529, 0.0785 -0.5897 -0.2549, 0.0749 -0.5887 -0.2487, 0.0749 -0.5921 -0.2507, 0.0722 -0.5919 -0.2432, 0.0722 -0.5953 -0.2452, 0.0708 -0.5958 -0.2365, 0.0708 -0.5992 -0.2384, 0.0706 -0.5977 -0.2331, 0.0706 -0.6011 -0.2351, 0.072 -0.6032 -0.2236, 0.072 -0.6066 -0.2256, 0.0746 -0.6066 -0.2176, 0.0746 -0.61 -0.2196, 0.0785 -0.6094 -0.2128, 0.0785 -0.6128 -0.2148, 0.0791 -0.6097 -0.2123, 0.0791 -0.6131 -0.2143, 0.0839 -0.6118 -0.2088, 0.0839 -0.6152 -0.2107, 0.0901 -0.6133 -0.2061, 0.0901 -0.6167 -0.2081, 0.0969 -0.6141 -0.2048, 0.0969 -0.6175 -0.2068, 0.1009 -0.6142 -0.2046, 0.1009 -0.6176 -0.2066, 0.1107 -0.6136 -0.2056, 0.1107 -0.617 -0.2076, 0.1188 -0.612 -0.2083, 0.1188 -0.6154 -0.2103, 0.1197 -0.6118 -0.2087, 0.1197 -0.6152 -0.2107, 0.1197 -0.6206 -0.2013, 0.1197 -0.6172 -0.1994, 0.1008 -0.6188 -0.1965, 0.1008 -0.6222 -0.1985, 0.1094 -0.6185 -0.1971, 0.1113 -0.6218 -0.1992, 0.1113 -0.6184 -0.1972, 0.0952 -0.6185 -0.1971, 0.0892 -0.6215 -0.1997, 0.0892 -0.6181 -0.1977, 0.0808 -0.6165 -0.2006, 0.0808 -0.6199 -0.2025, 0.0733 -0.6139 -0.2051, 0.0733 -0.6173 -0.2071, 0.0714 -0.6129 -0.2067, 0.0714 -0.6163 -0.2087, 0.0656 -0.6091 -0.2133, 0.0634 -0.6066 -0.2177, 0.0617 -0.6081 -0.223, 0.0656 -0.6125 -0.2153, 0.0617 -0.6047 -0.221, 0.0599 -0.5995 -0.2301, 0.0599 -0.6029 -0.232, 0.0598 -0.5974 -0.2337, 0.0598 -0.6008 -0.2356, 0.0614 -0.5908 -0.245, 0.0634 -0.5883 -0.2494, 0.0646 -0.5901 -0.2542, 0.0614 -0.5943 -0.2469, 0.0646 -0.5867 -0.2522, 0.0694 -0.5833 -0.2581, 0.0694 -0.5867 -0.2601, 0.0701 -0.5829 -0.2587, 0.0701 -0.5863 -0.2607, 0.0927 -0.581 -0.27, 0.0765 -0.5802 -0.2634, 0.0765 -0.5836 -0.2653, 0.0841 -0.5784 -0.2665, 0.0841 -0.5819 -0.2684, 0.0906 -0.5778 -0.2676, 0.0927 -0.5775 -0.268, 0.1788 -0.5861 -0.2611, 0.1788 -0.5815 -0.269, 0.1788 -0.5827 -0.2591, 0.1788 -0.5781 -0.267, 0.1461 -0.5827 -0.2591, 0.1461 -0.5861 -0.2611, 0.1677 -0.5827 -0.2591, 0.1461 -0.5996 -0.2378, 0.1461 -0.5961 -0.2358, 0.1747 -0.5996 -0.2378, 0.1677 -0.5961 -0.2358, 0.1747 -0.5961 -0.2358, 0.1747 -0.6041 -0.2298, 0.1747 -0.6007 -0.2279, 0.1461 -0.6007 -0.2279, 0.1461 -0.6041 -0.2298, 0.1677 -0.6007 -0.2279, 0.1461 -0.6169 -0.2076, 0.1461 -0.6135 -0.2057, 0.177 -0.6169 -0.2076, 0.1677 -0.6135 -0.2057, 0.177 -0.6135 -0.2057, 0.177 -0.6216 -0.1997, 0.177 -0.6181 -0.1977, 0.1358 -0.6181 -0.1977, 0.1358 -0.6216 -0.1997, 0.1677 -0.6181 -0.1977, 0.1358 -0.5815 -0.269, 0.1358 -0.5781 -0.267, 0.1677 -0.5781 -0.267, 0.2471 -0.5871 -0.2593, 0.2388 -0.5898 -0.2546, 0.2387 -0.5841 -0.2645, 0.2336 -0.588 -0.2577, 0.2296 -0.5823 -0.2676, 0.227 -0.5867 -0.2599, 0.216 -0.5815 -0.269, 0.2159 -0.5861 -0.2611, 0.194 -0.5815 -0.269, 0.2043 -0.5861 -0.2611, 0.194 -0.6216 -0.1997, 0.2043 -0.6169 -0.2076, 0.2168 -0.6216 -0.1997, 0.2164 -0.6169 -0.2076, 0.2174 -0.6169 -0.2076, 0.229 -0.6209 -0.2008, 0.2276 -0.6163 -0.2088, 0.2387 -0.6191 -0.2039, 0.2344 -0.6149 -0.2111, 0.2471 -0.6163 -0.2088, 0.2395 -0.6132 -0.2142, 0.2499 -0.6149 -0.2112, 0.2417 -0.6121 -0.2161, 0.2548 -0.6114 -0.2173, 0.2448 -0.6098 -0.2199, 0.2578 -0.6076 -0.2239, 0.2471 -0.6069 -0.225, 0.2591 -0.602 -0.2334, 0.2483 -0.6019 -0.2337, 0.2589 -0.5995 -0.2379, 0.2479 -0.5991 -0.2386, 0.257 -0.5948 -0.246, 0.2463 -0.5955 -0.2448, 0.253 -0.5907 -0.2532, 0.2435 -0.5925 -0.2499, 0.2397 -0.5903 -0.2539, 0.216 -0.5781 -0.267, 0.194 -0.5781 -0.267, 0.2471 -0.5837 -0.2573, 0.2296 -0.5789 -0.2656, 0.2306 -0.5791 -0.2652, 0.2387 -0.5807 -0.2625, 0.253 -0.5873 -0.2512, 0.257 -0.5914 -0.244, 0.2589 -0.5961 -0.2359, 0.2591 -0.5986 -0.2315, 0.2578 -0.6042 -0.2219, 0.2548 -0.608 -0.2153, 0.2499 -0.6115 -0.2093, 0.2471 -0.6128 -0.2069, 0.2168 -0.6181 -0.1977, 0.2387 -0.6157 -0.2019, 0.2306 -0.6172 -0.1994, 0.229 -0.6175 -0.1989, 0.194 -0.6181 -0.1977, 0.2164 -0.6135 -0.2057, 0.2043 -0.6135 -0.2057, 0.2043 -0.5827 -0.2591, 0.2159 -0.5827 -0.2591, 0.2397 -0.5868 -0.2519, 0.2388 -0.5864 -0.2526, 0.2336 -0.5846 -0.2558, 0.227 -0.5833 -0.258, 0.2483 -0.5985 -0.2317, 0.2479 -0.5957 -0.2366, 0.2463 -0.5921 -0.2429, 0.2435 -0.5891 -0.248, 0.2395 -0.6098 -0.2122, 0.2417 -0.6087 -0.2141, 0.2448 -0.6064 -0.218, 0.2471 -0.6035 -0.223, 0.2174 -0.6135 -0.2057, 0.2276 -0.6129 -0.2069, 0.2344 -0.6115 -0.2092, 0.2344 -0.6115 -0.2092
            ]
        }
        coordIndex [
            0,1,2,-1,2,1,3,-1,4,0,5,-1,5,0,2,-1,6,4,7,-1,7,4,5,-1,8,6,9,-1,9,6,7,-1,10,8,11,-1,11,8,9,-1,1,10,3,-1,3,10,11,-1,6,8,4,-1,4,8,10,-1,4,10,0,-1,0,10,1,-1,12,13,14,-1,14,13,15,-1,15,16,14,-1,14,16,17,-1,14,17,18,-1,18,17,19,-1,18,19,20,-1,21,20,22,-1,22,20,19,-1,21,22,23,-1,21,23,24,-1,24,23,25,-1,24,25,26,-1,26,25,27,-1,26,27,28,-1,28,27,29,-1,28,29,30,-1,30,29,31,-1,30,31,32,-1,32,31,33,-1,32,33,34,-1,34,33,35,-1,34,35,36,-1,36,35,37,-1,36,37,38,-1,38,37,39,-1,38,39,40,-1,40,39,41,-1,40,41,42,-1,42,41,43,-1,42,43,44,-1,44,43,45,-1,44,45,46,-1,46,45,47,-1,46,47,48,-1,48,47,49,-1,48,49,50,-1,50,49,51,-1,50,51,52,-1,52,51,53,-1,52,53,54,-1,54,53,55,-1,54,55,56,-1,56,55,57,-1,56,57,58,-1,58,57,59,-1,58,59,60,-1,60,59,61,-1,60,61,62,-1,62,61,63,-1,62,63,64,-1,64,63,65,-1,64,65,66,-1,67,66,68,-1,68,66,65,-1,69,70,71,-1,71,70,72,-1,71,72,73,-1,73,72,67,-1,73,67,68,-1,70,69,74,-1,70,74,75,-1,74,76,75,-1,75,76,77,-1,75,77,78,-1,78,77,79,-1,78,79,80,-1,80,79,81,-1,80,81,82,-1,82,81,83,-1,84,85,83,-1,83,85,86,-1,83,86,82,-1,84,87,85,-1,85,87,88,-1,85,88,89,-1,89,88,90,-1,89,90,91,-1,91,90,92,-1,93,94,92,-1,92,94,95,-1,92,95,91,-1,93,96,94,-1,94,96,97,-1,94,97,98,-1,98,97,99,-1,98,99,100,-1,13,12,101,-1,100,99,102,-1,100,102,103,-1,103,102,104,-1,103,104,105,-1,105,104,106,-1,105,106,101,-1,101,106,107,-1,101,107,13,-1,54,56,75,-1,46,48,86,-1,86,48,82,-1,75,56,70,-1,91,44,89,-1,89,44,46,-1,89,46,85,-1,85,46,86,-1,56,58,70,-1,70,58,60,-1,70,60,72,-1,72,60,62,-1,72,62,67,-1,67,62,64,-1,67,64,66,-1,20,21,18,-1,18,21,24,-1,18,24,14,-1,14,24,26,-1,14,26,12,-1,12,26,28,-1,12,28,101,-1,101,28,30,-1,101,30,105,-1,105,30,32,-1,105,32,103,-1,103,32,34,-1,103,34,100,-1,100,34,36,-1,100,36,98,-1,98,36,38,-1,98,38,94,-1,94,38,95,-1,95,38,40,-1,95,40,91,-1,91,40,42,-1,91,42,44,-1,48,50,82,-1,82,50,52,-1,82,52,80,-1,80,52,54,-1,80,54,78,-1,78,54,75,-1,108,109,110,-1,110,109,111,-1,112,113,114,-1,114,113,108,-1,114,108,110,-1,115,113,116,-1,116,113,112,-1,115,116,117,-1,117,116,118,-1,117,118,119,-1,120,117,121,-1,121,117,119,-1,122,123,124,-1,124,123,120,-1,124,120,121,-1,125,123,126,-1,126,123,122,-1,125,126,127,-1,127,126,128,-1,127,128,129,-1,130,127,131,-1,131,127,129,-1,132,133,134,-1,134,133,130,-1,134,130,131,-1,135,133,136,-1,136,133,132,-1,135,136,109,-1,109,136,137,-1,109,137,111,-1,135,109,108,-1,108,113,135,-1,135,113,115,-1,135,115,133,-1,127,130,125,-1,125,130,133,-1,125,133,123,-1,123,133,115,-1,123,115,120,-1,120,115,117,-1,138,139,140,-1,140,139,141,-1,140,141,142,-1,142,141,143,-1,142,143,144,-1,144,143,145,-1,144,145,146,-1,146,145,147,-1,146,147,148,-1,148,147,149,-1,148,149,150,-1,149,151,150,-1,150,151,152,-1,150,152,153,-1,153,152,154,-1,153,154,155,-1,155,154,156,-1,155,156,157,-1,157,156,158,-1,157,158,159,-1,159,158,160,-1,159,160,161,-1,161,160,162,-1,161,162,163,-1,163,162,164,-1,163,164,165,-1,165,164,166,-1,165,166,167,-1,167,166,168,-1,167,168,169,-1,169,168,170,-1,169,170,171,-1,171,170,172,-1,171,172,138,-1,138,172,173,-1,138,173,139,-1,144,146,174,-1,174,146,175,-1,176,138,140,-1,144,174,177,-1,144,177,142,-1,142,177,178,-1,142,178,140,-1,140,178,179,-1,140,179,176,-1,138,176,180,-1,138,180,171,-1,171,180,181,-1,171,181,169,-1,169,181,182,-1,169,182,167,-1,167,182,183,-1,167,183,165,-1,165,183,184,-1,165,184,163,-1,163,184,185,-1,163,185,161,-1,161,185,186,-1,161,186,159,-1,159,186,187,-1,159,187,157,-1,188,150,153,-1,157,187,189,-1,157,189,155,-1,155,189,190,-1,155,190,153,-1,153,190,191,-1,153,191,188,-1,148,150,192,-1,192,150,188,-1,146,148,175,-1,175,148,192,-1,151,149,193,-1,193,149,194,-1,149,147,194,-1,194,147,195,-1,147,145,195,-1,195,145,196,-1,173,197,198,-1,173,198,139,-1,139,198,199,-1,139,199,141,-1,141,199,200,-1,141,200,143,-1,143,200,196,-1,143,196,145,-1,166,201,202,-1,166,202,168,-1,168,202,203,-1,168,203,170,-1,170,203,204,-1,170,204,172,-1,172,204,197,-1,172,197,173,-1,158,205,206,-1,158,206,160,-1,160,206,207,-1,160,207,162,-1,162,207,208,-1,162,208,164,-1,164,208,201,-1,164,201,166,-1,151,193,209,-1,151,209,152,-1,152,209,210,-1,152,210,154,-1,154,210,211,-1,154,211,156,-1,156,211,205,-1,156,205,158,-1,
        ]
    }
}
Shape{
    appearance Appearance {
        material  Material 	{
            diffuseColor 1.0 1.0 0.0
            specularColor 0.5019607843137255 0.5019607843137255 0.0
            ambientIntensity 0.2
            transparency 0
            shininess 0.5
        }
    }
    geometry IndexedFaceSet {
        ccw TRUE
        solid FALSE
        coord DEF co Coordinate {
            point [
                0.2336 -0.5846 -0.2558, 0.2388 -0.5864 -0.2526, 0.2174 -0.6135 -0.2057, 0.2043 -0.6135 -0.2057, 0.2043 -0.5827 -0.2591, 0.2164 -0.6135 -0.2057, 0.2159 -0.5827 -0.2591, 0.227 -0.5833 -0.258, 0.2397 -0.5868 -0.2519, 0.2435 -0.5891 -0.248, 0.2463 -0.5921 -0.2429, 0.2483 -0.5985 -0.2317, 0.2395 -0.6098 -0.2122, 0.2344 -0.6115 -0.2092, 0.2471 -0.6035 -0.223, 0.2448 -0.6064 -0.218, 0.2417 -0.6087 -0.2141, 0.2479 -0.5957 -0.2366, 0.2276 -0.6129 -0.2069, 0.2276 -0.6129 -0.2069
            ]
        }
        coordIndex [
            0,1,2,-1,3,4,5,-1,5,4,6,-1,5,6,2,-1,2,6,7,-1,2,7,0,-1,1,8,2,-1,2,8,9,-1,2,9,10,-1,11,12,13,-1,14,15,11,-1,11,15,16,-1,11,16,12,-1,10,17,2,-1,2,17,11,-1,2,11,18,-1,18,11,13,-1,
        ]
    }
}
Shape{
    appearance Appearance {
        material  Material 	{
            diffuseColor 0.0 0.0 0.0
            specularColor 0.0 0.0 0.0
            ambientIntensity 0.2
            transparency 0
            shininess 0.5
        }
    }
    geometry IndexedFaceSet {
        ccw TRUE
        solid FALSE
        coord DEF co Coordinate {
            point [
                0.286 -0.597 -0.2422, 0.2827 -0.5925 -0.25, 0.3129 -0.597 -0.2422, 0.316 -0.5925 -0.25, 0.298 -0.6136 -0.2134, 0.2941 -0.6216 -0.1997, 0.2636 -0.5815 -0.269, 0.275 -0.5815 -0.269, 0.2986 -0.6148 -0.2113, 0.2993 -0.6164 -0.2085, 0.3051 -0.6216 -0.1997, 0.2995 -0.6164 -0.2085, 0.3002 -0.6147 -0.2115, 0.3008 -0.6136 -0.2134, 0.3356 -0.5815 -0.269, 0.3242 -0.5815 -0.269, 0.3051 -0.6181 -0.1977, 0.3356 -0.5781 -0.267, 0.2941 -0.6181 -0.1977, 0.2636 -0.5781 -0.267, 0.2867 -0.6084 -0.2146, 0.275 -0.5781 -0.267, 0.2827 -0.5891 -0.2481, 0.316 -0.5891 -0.2481, 0.2867 -0.5891 -0.2481, 0.3242 -0.5781 -0.267, 0.286 -0.5936 -0.2402, 0.3129 -0.5936 -0.2402, 0.3008 -0.6102 -0.2114, 0.2995 -0.613 -0.2066, 0.3002 -0.6113 -0.2095, 0.2993 -0.613 -0.2066, 0.298 -0.6102 -0.2114, 0.2986 -0.6114 -0.2093, 0.2986 -0.6114 -0.2093
            ]
        }
        coordIndex [
            0,1,2,-1,2,1,3,-1,4,5,0,-1,0,5,6,-1,0,6,1,-1,1,6,7,-1,4,8,5,-1,5,8,9,-1,5,9,10,-1,10,9,11,-1,10,11,12,-1,12,13,10,-1,10,13,2,-1,10,2,14,-1,14,2,3,-1,14,3,15,-1,10,14,16,-1,16,14,17,-1,5,10,18,-1,18,10,16,-1,19,6,20,-1,20,6,5,-1,20,5,18,-1,7,6,21,-1,21,6,19,-1,1,7,22,-1,22,7,21,-1,23,3,24,-1,24,3,1,-1,24,1,22,-1,15,3,25,-1,25,3,23,-1,14,15,17,-1,17,15,25,-1,0,2,26,-1,26,2,27,-1,2,13,27,-1,27,13,28,-1,11,29,30,-1,11,30,12,-1,12,30,28,-1,12,28,13,-1,11,9,29,-1,29,9,31,-1,4,32,33,-1,4,33,8,-1,8,33,31,-1,8,31,9,-1,4,0,32,-1,32,0,26,-1,
        ]
    }
}
Shape{
    appearance Appearance {
        material  Material 	{
            diffuseColor 1.0 1.0 0.0
            specularColor 0.5019607843137255 0.5019607843137255 0.0
            ambientIntensity 0.2
            transparency 0
            shininess 0.5
        }
    }
    geometry IndexedFaceSet {
        ccw TRUE
        solid FALSE
        coord DEF co Coordinate {
            point [
                0.2995 -0.613 -0.2066, 0.2993 -0.613 -0.2066, 0.3002 -0.6113 -0.2095, 0.2986 -0.6114 -0.2093, 0.3008 -0.6102 -0.2114, 0.298 -0.6102 -0.2114, 0.3129 -0.5936 -0.2402, 0.286 -0.5936 -0.2402, 0.286 -0.5936 -0.2402
            ]
        }
        coordIndex [
            0,1,2,-1,2,1,3,-1,2,3,4,-1,4,3,5,-1,4,5,6,-1,6,5,7,-1,
        ]
    }
}
Shape{
    appearance Appearance {
        material  Material 	{
            diffuseColor 0.0 0.0 0.0
            specularColor 0.0 0.0 0.0
            ambientIntensity 0.2
            transparency 0
            shininess 0.5
        }
    }
    geometry IndexedFaceSet {
        ccw TRUE
        solid FALSE
        coord DEF co Coordinate {
            point [
                0.0574 -0.5226 -0.3711, 0.0574 -0.518 -0.379, 0.0574 -0.5192 -0.3691, 0.0574 -0.5146 -0.377, 0.0246 -0.5226 -0.3711, 0.0246 -0.5192 -0.3691, 0.0246 -0.536 -0.3478, 0.0246 -0.5326 -0.3458, 0.0533 -0.536 -0.3478, 0.0533 -0.5326 -0.3458, 0.0533 -0.5406 -0.3398, 0.0533 -0.5372 -0.3379, 0.0246 -0.5406 -0.3398, 0.0246 -0.5372 -0.3379, 0.0246 -0.5534 -0.3176, 0.0246 -0.55 -0.3157, 0.0555 -0.5534 -0.3176, 0.0555 -0.55 -0.3157, 0.0555 -0.558 -0.3097, 0.0555 -0.5546 -0.3077, 0.0143 -0.558 -0.3097, 0.0143 -0.5546 -0.3077, 0.0143 -0.518 -0.379, 0.0143 -0.5146 -0.377, 0.1029 -0.5224 -0.3714, 0.1029 -0.518 -0.379, 0.1129 -0.518 -0.379, 0.1129 -0.5364 -0.3471, 0.1022 -0.527 -0.3634, 0.1026 -0.5224 -0.3714, 0.0777 -0.528 -0.3617, 0.0786 -0.529 -0.3601, 0.0712 -0.5318 -0.3552, 0.0744 -0.5331 -0.3529, 0.1029 -0.5324 -0.3542, 0.1029 -0.5296 -0.3589, 0.1029 -0.5293 -0.3595, 0.0725 -0.5446 -0.333, 0.0725 -0.5397 -0.3414, 0.0746 -0.5452 -0.3319, 0.0794 -0.5419 -0.3376, 0.0821 -0.5466 -0.3294, 0.0857 -0.5429 -0.3359, 0.0922 -0.5473 -0.3283, 0.0913 -0.5432 -0.3354, 0.0986 -0.547 -0.3289, 0.0947 -0.543 -0.3357, 0.1027 -0.5463 -0.33, 0.097 -0.5426 -0.3364, 0.106 -0.5453 -0.3317, 0.0988 -0.542 -0.3374, 0.1087 -0.544 -0.334, 0.1003 -0.5412 -0.3388, 0.1107 -0.5424 -0.3368, 0.1015 -0.5402 -0.3406, 0.1122 -0.54 -0.3409, 0.1025 -0.5384 -0.3437, 0.1029 -0.5362 -0.3475, 0.1007 -0.5253 -0.3665, 0.0986 -0.5238 -0.369, 0.1002 -0.5207 -0.3743, 0.0973 -0.5232 -0.3701, 0.097 -0.5192 -0.377, 0.0945 -0.5222 -0.3717, 0.0947 -0.5184 -0.3783, 0.0914 -0.5217 -0.3727, 0.0907 -0.5177 -0.3796, 0.0877 -0.5214 -0.3731, 0.0851 -0.5173 -0.3802, 0.0843 -0.5216 -0.3727, 0.0791 -0.5177 -0.3796, 0.082 -0.5221 -0.372, 0.0752 -0.5184 -0.3783, 0.08 -0.5227 -0.3708, 0.0719 -0.5196 -0.3763, 0.0792 -0.5232 -0.3701, 0.0895 -0.5315 -0.3557, 0.0859 -0.535 -0.3496, 0.0828 -0.5306 -0.3571, 0.0788 -0.5342 -0.351, 0.0807 -0.5301 -0.3581, 0.0798 -0.5297 -0.3588, 0.0692 -0.5303 -0.3576, 0.0677 -0.5286 -0.3607, 0.0772 -0.5269 -0.3637, 0.067 -0.5265 -0.3643, 0.0771 -0.5261 -0.365, 0.067 -0.5257 -0.3658, 0.0774 -0.5249 -0.367, 0.0675 -0.5234 -0.3697, 0.078 -0.524 -0.3686, 0.0687 -0.5217 -0.3727, 0.0708 -0.5201 -0.3753, 0.0922 -0.5438 -0.3264, 0.0821 -0.5432 -0.3274, 0.0746 -0.5418 -0.3299, 0.0725 -0.5412 -0.331, 0.0725 -0.5363 -0.3394, 0.0794 -0.5385 -0.3357, 0.0857 -0.5395 -0.3339, 0.0913 -0.5398 -0.3334, 0.0947 -0.5396 -0.3337, 0.097 -0.5392 -0.3344, 0.0988 -0.5386 -0.3354, 0.1003 -0.5378 -0.3368, 0.1015 -0.5368 -0.3386, 0.1025 -0.535 -0.3417, 0.1029 -0.5328 -0.3456, 0.0859 -0.5316 -0.3476, 0.0788 -0.5307 -0.3491, 0.0744 -0.5297 -0.3509, 0.0712 -0.5283 -0.3532, 0.0692 -0.5269 -0.3557, 0.0677 -0.5252 -0.3587, 0.067 -0.5231 -0.3624, 0.067 -0.5223 -0.3638, 0.0675 -0.52 -0.3678, 0.0687 -0.5183 -0.3707, 0.0708 -0.5167 -0.3733, 0.0719 -0.5162 -0.3743, 0.0851 -0.5139 -0.3782, 0.0793 -0.5143 -0.3776, 0.0791 -0.5143 -0.3776, 0.0752 -0.515 -0.3764, 0.0907 -0.5143 -0.3776, 0.0947 -0.515 -0.3763, 0.097 -0.5158 -0.375, 0.1002 -0.5173 -0.3723, 0.1026 -0.519 -0.3694, 0.1029 -0.519 -0.3694, 0.1029 -0.5146 -0.377, 0.1129 -0.5146 -0.377, 0.1129 -0.533 -0.3452, 0.1122 -0.5366 -0.3389, 0.1107 -0.539 -0.3349, 0.1087 -0.5406 -0.332, 0.106 -0.5419 -0.3297, 0.1027 -0.5429 -0.328, 0.0986 -0.5435 -0.3269, 0.0798 -0.5263 -0.3568, 0.0807 -0.5267 -0.3562, 0.0828 -0.5272 -0.3552, 0.0895 -0.528 -0.3537, 0.0771 -0.5227 -0.3631, 0.0772 -0.5235 -0.3617, 0.0777 -0.5246 -0.3597, 0.0786 -0.5255 -0.3581, 0.08 -0.5193 -0.3689, 0.0792 -0.5198 -0.3681, 0.078 -0.5206 -0.3666, 0.0774 -0.5215 -0.3651, 0.0877 -0.518 -0.3711, 0.0843 -0.5182 -0.3708, 0.082 -0.5186 -0.37, 0.0986 -0.5204 -0.367, 0.0973 -0.5198 -0.3681, 0.0945 -0.5188 -0.3698, 0.0914 -0.5182 -0.3707, 0.1029 -0.5262 -0.3569, 0.1029 -0.5259 -0.3575, 0.1022 -0.5236 -0.3614, 0.1007 -0.5218 -0.3645, 0.1029 -0.5289 -0.3522, 0.1029 -0.5289 -0.3522
            ]
        }
        coordIndex [
            0,1,2,-1,2,1,3,-1,4,0,5,-1,5,0,2,-1,6,4,7,-1,7,4,5,-1,8,6,9,-1,9,6,7,-1,10,8,11,-1,11,8,9,-1,12,10,13,-1,13,10,11,-1,14,12,15,-1,15,12,13,-1,16,14,17,-1,17,14,15,-1,18,16,19,-1,19,16,17,-1,20,18,21,-1,21,18,19,-1,22,20,23,-1,23,20,21,-1,1,22,3,-1,3,22,23,-1,22,1,0,-1,0,4,22,-1,22,4,6,-1,22,6,20,-1,16,18,14,-1,14,18,20,-1,14,20,12,-1,12,20,6,-1,12,6,10,-1,10,6,8,-1,24,25,26,-1,26,27,24,-1,24,27,28,-1,24,28,29,-1,30,31,32,-1,32,31,33,-1,34,35,27,-1,27,35,36,-1,27,36,28,-1,37,38,39,-1,39,38,40,-1,39,40,41,-1,41,40,42,-1,41,42,43,-1,43,42,44,-1,43,44,45,-1,45,44,46,-1,45,46,47,-1,47,46,48,-1,47,48,49,-1,49,48,50,-1,49,50,51,-1,51,50,52,-1,51,52,53,-1,53,52,54,-1,53,54,55,-1,55,54,56,-1,55,56,57,-1,28,58,29,-1,29,58,59,-1,29,59,60,-1,60,59,61,-1,60,61,62,-1,62,61,63,-1,62,63,64,-1,64,63,65,-1,64,65,66,-1,66,65,67,-1,66,67,68,-1,68,67,69,-1,68,69,70,-1,70,69,71,-1,70,71,72,-1,72,71,73,-1,72,73,74,-1,74,73,75,-1,27,55,34,-1,34,55,57,-1,34,57,76,-1,76,57,77,-1,76,77,78,-1,78,77,79,-1,78,79,80,-1,80,79,33,-1,80,33,81,-1,81,33,31,-1,32,82,30,-1,30,82,83,-1,30,83,84,-1,84,83,85,-1,84,85,86,-1,86,85,87,-1,86,87,88,-1,88,87,89,-1,88,89,90,-1,90,89,91,-1,90,91,75,-1,75,91,92,-1,75,92,74,-1,43,93,94,-1,43,94,41,-1,41,94,95,-1,41,95,39,-1,39,95,96,-1,39,96,37,-1,38,37,97,-1,97,37,96,-1,38,97,98,-1,38,98,40,-1,40,98,99,-1,40,99,42,-1,42,99,100,-1,42,100,44,-1,44,100,101,-1,44,101,46,-1,46,101,102,-1,46,102,48,-1,48,102,103,-1,48,103,50,-1,50,103,104,-1,50,104,52,-1,52,104,105,-1,52,105,54,-1,54,105,106,-1,54,106,56,-1,56,106,107,-1,56,107,57,-1,77,57,108,-1,108,57,107,-1,77,108,109,-1,77,109,79,-1,79,109,110,-1,79,110,33,-1,33,110,111,-1,33,111,32,-1,32,111,112,-1,32,112,82,-1,82,112,113,-1,82,113,83,-1,83,113,114,-1,83,114,85,-1,85,114,115,-1,85,115,87,-1,87,115,116,-1,87,116,89,-1,89,116,117,-1,89,117,91,-1,91,117,118,-1,91,118,92,-1,92,118,119,-1,92,119,74,-1,120,68,121,-1,121,68,70,-1,121,70,122,-1,122,70,72,-1,122,72,123,-1,123,72,74,-1,123,74,119,-1,68,120,124,-1,68,124,66,-1,66,124,125,-1,66,125,64,-1,64,125,126,-1,64,126,62,-1,62,126,127,-1,62,127,60,-1,60,127,128,-1,60,128,29,-1,24,29,129,-1,129,29,128,-1,25,24,130,-1,130,24,129,-1,26,25,131,-1,131,25,130,-1,27,26,132,-1,132,26,131,-1,27,132,133,-1,27,133,55,-1,55,133,134,-1,55,134,53,-1,53,134,135,-1,53,135,51,-1,51,135,136,-1,51,136,49,-1,49,136,137,-1,49,137,47,-1,47,137,138,-1,47,138,45,-1,45,138,93,-1,45,93,43,-1,81,139,140,-1,81,140,80,-1,80,140,141,-1,80,141,78,-1,78,141,142,-1,78,142,76,-1,86,143,144,-1,86,144,84,-1,84,144,145,-1,84,145,30,-1,30,145,146,-1,30,146,31,-1,31,146,139,-1,31,139,81,-1,73,147,148,-1,73,148,75,-1,75,148,149,-1,75,149,90,-1,90,149,150,-1,90,150,88,-1,88,150,143,-1,88,143,86,-1,67,151,152,-1,67,152,69,-1,69,152,153,-1,69,153,71,-1,71,153,147,-1,71,147,73,-1,59,154,155,-1,59,155,61,-1,61,155,156,-1,61,156,63,-1,63,156,157,-1,63,157,65,-1,65,157,151,-1,65,151,67,-1,35,158,159,-1,35,159,36,-1,36,159,160,-1,36,160,28,-1,28,160,161,-1,28,161,58,-1,58,161,154,-1,58,154,59,-1,35,34,158,-1,158,34,162,-1,34,76,162,-1,162,76,142,-1,
        ]
    }
}
Shape{
    appearance Appearance {
        material  Material 	{
            diffuseColor 1.0 1.0 0.0
            specularColor 0.5019607843137255 0.5019607843137255 0.0
            ambientIntensity 0.2
            transparency 0
            shininess 0.5
        }
    }
    geometry IndexedFaceSet {
        ccw TRUE
        solid FALSE
        coord DEF co Coordinate {
            point [
                0.1029 -0.5259 -0.3575, 0.1029 -0.5262 -0.3569, 0.0798 -0.5263 -0.3568, 0.1029 -0.5289 -0.3522, 0.0895 -0.528 -0.3537, 0.0828 -0.5272 -0.3552, 0.0807 -0.5267 -0.3562, 0.1022 -0.5236 -0.3614, 0.0786 -0.5255 -0.3581, 0.1007 -0.5218 -0.3645, 0.0792 -0.5198 -0.3681, 0.08 -0.5193 -0.3689, 0.0973 -0.5198 -0.3681, 0.078 -0.5206 -0.3666, 0.0945 -0.5188 -0.3698, 0.0914 -0.5182 -0.3707, 0.0877 -0.518 -0.3711, 0.0777 -0.5246 -0.3597, 0.0772 -0.5235 -0.3617, 0.0986 -0.5204 -0.367, 0.0771 -0.5227 -0.3631, 0.0774 -0.5215 -0.3651, 0.082 -0.5186 -0.37, 0.0843 -0.5182 -0.3708, 0.0843 -0.5182 -0.3708
            ]
        }
        coordIndex [
            0,1,2,-1,1,3,4,-1,4,5,1,-1,1,5,6,-1,1,6,2,-1,0,2,7,-1,7,2,8,-1,7,8,9,-1,10,11,12,-1,10,12,13,-1,14,12,15,-1,15,12,16,-1,8,17,9,-1,9,17,18,-1,9,18,19,-1,19,18,20,-1,19,20,12,-1,12,20,21,-1,12,21,13,-1,11,22,12,-1,12,22,23,-1,12,23,16,-1,
        ]
    }
}
Shape{
    appearance Appearance {
        material  Material 	{
            diffuseColor 0.0 0.0 0.0
            specularColor 0.0 0.0 0.0
            ambientIntensity 0.2
            transparency 0
            shininess 0.5
        }
    }
    geometry IndexedFaceSet {
        ccw TRUE
        solid FALSE
        coord DEF co Coordinate {
            point [
                0.1265 -0.5208 -0.3663, 0.1265 -0.5242 -0.3683, 0.1307 -0.5229 -0.3705, 0.143 -0.5214 -0.3731, 0.143 -0.518 -0.3711, 0.137 -0.5184 -0.3705, 0.137 -0.5218 -0.3725, 0.1311 -0.5194 -0.3687, 0.1307 -0.5195 -0.3685, 0.1265 -0.519 -0.3773, 0.1265 -0.5156 -0.3753, 0.1311 -0.5147 -0.3768, 0.1325 -0.5179 -0.3792, 0.142 -0.5139 -0.3782, 0.142 -0.5173 -0.3802, 0.1364 -0.5143 -0.3776, 0.1325 -0.5145 -0.3772, 0.151 -0.5179 -0.3793, 0.1477 -0.5143 -0.3776, 0.151 -0.5145 -0.3773, 0.1563 -0.5155 -0.3755, 0.1563 -0.5189 -0.3775, 0.1587 -0.5162 -0.3743, 0.1587 -0.5196 -0.3762, 0.1615 -0.5174 -0.3721, 0.1615 -0.5209 -0.3741, 0.1634 -0.5188 -0.3698, 0.1634 -0.5222 -0.3718, 0.1646 -0.5204 -0.3671, 0.1646 -0.5238 -0.369, 0.1651 -0.5224 -0.3636, 0.1651 -0.5258 -0.3655, 0.1647 -0.5242 -0.3603, 0.1647 -0.5277 -0.3623, 0.1636 -0.5257 -0.3578, 0.1636 -0.5291 -0.3597, 0.1618 -0.5271 -0.3554, 0.1618 -0.5305 -0.3573, 0.1594 -0.5282 -0.3535, 0.1594 -0.5316 -0.3555, 0.1527 -0.53 -0.3503, 0.1527 -0.5334 -0.3523, 0.1488 -0.5308 -0.349, 0.1488 -0.5342 -0.3509, 0.1426 -0.5322 -0.3466, 0.1426 -0.5356 -0.3486, 0.1391 -0.5333 -0.3447, 0.1391 -0.5367 -0.3467, 0.1381 -0.5338 -0.3438, 0.1381 -0.5372 -0.3457, 0.1374 -0.5345 -0.3426, 0.1374 -0.5379 -0.3446, 0.137 -0.5353 -0.3413, 0.137 -0.5387 -0.3432, 0.1369 -0.5359 -0.3401, 0.1369 -0.5393 -0.3421, 0.1371 -0.5367 -0.3387, 0.1371 -0.5401 -0.3407, 0.1376 -0.5374 -0.3375, 0.1376 -0.5408 -0.3395, 0.1384 -0.538 -0.3364, 0.1384 -0.5414 -0.3384, 0.1399 -0.5387 -0.3353, 0.1399 -0.5421 -0.3372, 0.1422 -0.5393 -0.3342, 0.1422 -0.5427 -0.3362, 0.1449 -0.5397 -0.3336, 0.1449 -0.5431 -0.3356, 0.1478 -0.5398 -0.3334, 0.1478 -0.5432 -0.3354, 0.1541 -0.5394 -0.334, 0.1541 -0.5428 -0.336, 0.1598 -0.5384 -0.3358, 0.1598 -0.5418 -0.3377, 0.1624 -0.5377 -0.337, 0.1624 -0.5411 -0.339, 0.1624 -0.546 -0.3305, 0.1624 -0.5426 -0.3286, 0.1559 -0.5435 -0.3269, 0.1559 -0.5469 -0.3289, 0.1488 -0.5438 -0.3264, 0.1488 -0.5473 -0.3283, 0.142 -0.5435 -0.327, 0.142 -0.5469 -0.3289, 0.1364 -0.5426 -0.3286, 0.1364 -0.546 -0.3306, 0.133 -0.5416 -0.3303, 0.133 -0.545 -0.3323, 0.1311 -0.5407 -0.3318, 0.13 -0.5436 -0.3346, 0.13 -0.5402 -0.3326, 0.1281 -0.5389 -0.335, 0.1281 -0.5423 -0.3369, 0.127 -0.5373 -0.3378, 0.127 -0.5407 -0.3397, 0.1266 -0.5355 -0.3409, 0.1266 -0.5389 -0.3428, 0.127 -0.5335 -0.3443, 0.127 -0.5369 -0.3462, 0.1281 -0.532 -0.3469, 0.1281 -0.5354 -0.3489, 0.1294 -0.531 -0.3487, 0.1294 -0.5344 -0.3507, 0.1417 -0.5272 -0.3553, 0.1417 -0.5306 -0.3572, 0.1358 -0.5319 -0.3549, 0.131 -0.5301 -0.3502, 0.131 -0.5335 -0.3522, 0.1311 -0.5301 -0.3503, 0.1358 -0.5285 -0.3529, 0.1483 -0.5258 -0.3577, 0.1483 -0.5292 -0.3596, 0.1522 -0.5246 -0.3597, 0.1522 -0.528 -0.3617, 0.1535 -0.524 -0.3608, 0.1535 -0.5274 -0.3628, 0.1543 -0.5233 -0.362, 0.1543 -0.5267 -0.364, 0.1547 -0.5225 -0.3633, 0.1547 -0.5259 -0.3653, 0.1548 -0.5219 -0.3644, 0.1548 -0.5253 -0.3664, 0.1546 -0.5209 -0.3661, 0.1546 -0.5243 -0.368, 0.1541 -0.5202 -0.3673, 0.1541 -0.5236 -0.3693, 0.1532 -0.5196 -0.3684, 0.1532 -0.523 -0.3704, 0.1521 -0.5191 -0.3693, 0.1521 -0.5225 -0.3713, 0.1512 -0.5188 -0.3698, 0.1512 -0.5222 -0.3718, 0.1486 -0.5183 -0.3706, 0.1486 -0.5217 -0.3726, 0.1434 -0.518 -0.3711, 0.1434 -0.5214 -0.3731, 0.2148 -0.5466 -0.3295, 0.2252 -0.5466 -0.3295, 0.2148 -0.5432 -0.3275, 0.2252 -0.5432 -0.3275, 0.1992 -0.5251 -0.3668, 0.1992 -0.5217 -0.3648, 0.1984 -0.5203 -0.3671, 0.1984 -0.5237 -0.3691, 0.198 -0.5193 -0.3688, 0.198 -0.5228 -0.3708, 0.1977 -0.5228 -0.3708, 0.1977 -0.5193 -0.3688, 0.1965 -0.5251 -0.3667, 0.1965 -0.5217 -0.3647, 0.1816 -0.5432 -0.3275, 0.1816 -0.5466 -0.3295, 0.1864 -0.5362 -0.3396, 0.1703 -0.5466 -0.3295, 0.1703 -0.5432 -0.3275, 0.1928 -0.5147 -0.3769, 0.1928 -0.5181 -0.3789, 0.1864 -0.5228 -0.3629, 0.1884 -0.5095 -0.3859, 0.1884 -0.5129 -0.3879, 0.1924 -0.5143 -0.3776, 0.1864 -0.5077 -0.3891, 0.1864 -0.511 -0.3911, 0.1864 -0.5076 -0.3891, 0.1845 -0.5066 -0.3909, 0.1845 -0.51 -0.3929, 0.1828 -0.506 -0.3919, 0.1828 -0.5094 -0.3939, 0.1807 -0.5056 -0.3927, 0.1807 -0.509 -0.3946, 0.1781 -0.5054 -0.3929, 0.1781 -0.5088 -0.3949, 0.1745 -0.5057 -0.3925, 0.1745 -0.5091 -0.3945, 0.1724 -0.506 -0.3919, 0.1724 -0.5094 -0.3939, 0.1724 -0.5049 -0.4016, 0.1724 -0.5015 -0.3997, 0.1767 -0.5012 -0.4003, 0.1767 -0.5046 -0.4023, 0.1789 -0.5011 -0.4004, 0.1789 -0.5045 -0.4023, 0.1829 -0.5014 -0.4, 0.1829 -0.5048 -0.4019, 0.1864 -0.502 -0.3988, 0.1869 -0.5055 -0.4006, 0.1869 -0.5021 -0.3987, 0.1904 -0.5033 -0.3965, 0.1904 -0.5068 -0.3985, 0.1911 -0.5037 -0.396, 0.1911 -0.5071 -0.398, 0.1947 -0.5059 -0.3922, 0.1947 -0.5093 -0.3941, 0.1993 -0.5103 -0.3845, 0.1993 -0.5137 -0.3865, 0.2024 -0.5143 -0.3776, 0.2791 -0.5226 -0.3711, 0.2791 -0.518 -0.379, 0.2791 -0.5192 -0.3691, 0.2791 -0.5146 -0.377, 0.2464 -0.5192 -0.3691, 0.2464 -0.5226 -0.3711, 0.2614 -0.5192 -0.3691, 0.2464 -0.536 -0.3478, 0.2464 -0.5326 -0.3458, 0.275 -0.5326 -0.3458, 0.275 -0.536 -0.3478, 0.2614 -0.5326 -0.3458, 0.275 -0.5406 -0.3398, 0.275 -0.5372 -0.3379, 0.2464 -0.5372 -0.3379, 0.2464 -0.5406 -0.3398, 0.2614 -0.5372 -0.3379, 0.2464 -0.5534 -0.3176, 0.2464 -0.55 -0.3157, 0.2773 -0.55 -0.3157, 0.2773 -0.5534 -0.3176, 0.2614 -0.55 -0.3157, 0.2773 -0.558 -0.3097, 0.2773 -0.5546 -0.3077, 0.236 -0.5546 -0.3077, 0.236 -0.558 -0.3097, 0.2614 -0.5546 -0.3077, 0.236 -0.518 -0.379, 0.236 -0.5146 -0.377, 0.2614 -0.5146 -0.377, 0.3473 -0.5236 -0.3693, 0.3391 -0.5263 -0.3646, 0.339 -0.5206 -0.3745, 0.3339 -0.5245 -0.3677, 0.3299 -0.5188 -0.3776, 0.3273 -0.5232 -0.37, 0.3163 -0.518 -0.379, 0.3162 -0.5226 -0.3711, 0.2942 -0.518 -0.379, 0.3046 -0.5226 -0.3711, 0.2942 -0.558 -0.3097, 0.3046 -0.5534 -0.3176, 0.3171 -0.558 -0.3097, 0.3167 -0.5534 -0.3176, 0.3177 -0.5534 -0.3177, 0.3293 -0.5574 -0.3108, 0.3279 -0.5528 -0.3188, 0.339 -0.5556 -0.3139, 0.3347 -0.5514 -0.3211, 0.3473 -0.5527 -0.3188, 0.3398 -0.5497 -0.3242, 0.3502 -0.5514 -0.3212, 0.342 -0.5486 -0.3261, 0.3551 -0.5479 -0.3273, 0.3451 -0.5463 -0.33, 0.3581 -0.5441 -0.3339, 0.3474 -0.5434 -0.335, 0.3594 -0.5385 -0.3435, 0.3485 -0.5384 -0.3437, 0.3592 -0.536 -0.3479, 0.3482 -0.5356 -0.3486, 0.3572 -0.5313 -0.356, 0.3466 -0.532 -0.3548, 0.3533 -0.5272 -0.3632, 0.3437 -0.529 -0.3599, 0.34 -0.5267 -0.3639, 0.3163 -0.5146 -0.377, 0.2942 -0.5146 -0.377, 0.3299 -0.5154 -0.3756, 0.339 -0.5172 -0.3725, 0.3473 -0.5202 -0.3673, 0.3533 -0.5237 -0.3612, 0.3572 -0.5279 -0.354, 0.3592 -0.5326 -0.3459, 0.3594 -0.5351 -0.3415, 0.3581 -0.5406 -0.3319, 0.3551 -0.5445 -0.3253, 0.3502 -0.548 -0.3193, 0.3473 -0.5493 -0.3169, 0.339 -0.5522 -0.3119, 0.3293 -0.554 -0.3089, 0.3171 -0.5546 -0.3077, 0.2942 -0.5546 -0.3077, 0.3167 -0.55 -0.3157, 0.3046 -0.55 -0.3157, 0.3046 -0.5192 -0.3691, 0.3162 -0.5192 -0.3691, 0.34 -0.5233 -0.3619, 0.3391 -0.5229 -0.3627, 0.3339 -0.5211 -0.3658, 0.3273 -0.5198 -0.368, 0.3485 -0.535 -0.3417, 0.3482 -0.5321 -0.3466, 0.3466 -0.5285 -0.3529, 0.3437 -0.5256 -0.358, 0.3398 -0.5463 -0.3222, 0.342 -0.5452 -0.3241, 0.3451 -0.5429 -0.328, 0.3474 -0.54 -0.333, 0.3177 -0.55 -0.3157, 0.3279 -0.5493 -0.3169, 0.3347 -0.548 -0.3192, 0.3347 -0.548 -0.3192
            ]
        }
        coordIndex [
            0,1,2,-1,3,4,5,-1,3,5,6,-1,6,5,7,-1,6,7,2,-1,2,7,8,-1,2,8,0,-1,9,1,10,-1,10,1,0,-1,10,11,9,-1,9,11,12,-1,13,14,15,-1,15,14,12,-1,15,12,16,-1,16,12,11,-1,14,13,17,-1,17,13,18,-1,18,19,17,-1,17,19,20,-1,17,20,21,-1,21,20,22,-1,21,22,23,-1,23,22,24,-1,23,24,25,-1,25,24,26,-1,25,26,27,-1,27,26,28,-1,27,28,29,-1,29,28,30,-1,29,30,31,-1,31,30,32,-1,31,32,33,-1,33,32,34,-1,33,34,35,-1,35,34,36,-1,35,36,37,-1,37,36,38,-1,37,38,39,-1,39,38,40,-1,39,40,41,-1,41,40,42,-1,41,42,43,-1,43,42,44,-1,43,44,45,-1,45,44,46,-1,45,46,47,-1,47,46,48,-1,47,48,49,-1,49,48,50,-1,49,50,51,-1,51,50,52,-1,51,52,53,-1,53,52,54,-1,53,54,55,-1,55,54,56,-1,55,56,57,-1,57,56,58,-1,57,58,59,-1,59,58,60,-1,59,60,61,-1,61,60,62,-1,61,62,63,-1,63,62,64,-1,63,64,65,-1,65,64,66,-1,65,66,67,-1,67,66,68,-1,67,68,69,-1,69,68,70,-1,69,70,71,-1,71,70,72,-1,71,72,73,-1,73,72,74,-1,73,74,75,-1,76,75,77,-1,77,75,74,-1,76,77,78,-1,76,78,79,-1,79,78,80,-1,79,80,81,-1,81,80,82,-1,81,82,83,-1,83,82,84,-1,83,84,85,-1,85,84,86,-1,85,86,87,-1,86,88,87,-1,87,88,89,-1,88,90,89,-1,89,90,91,-1,89,91,92,-1,92,91,93,-1,92,93,94,-1,94,93,95,-1,94,95,96,-1,96,95,97,-1,96,97,98,-1,98,97,99,-1,98,99,100,-1,100,99,101,-1,100,101,102,-1,103,104,105,-1,102,101,106,-1,102,106,107,-1,107,106,108,-1,107,108,105,-1,105,108,109,-1,105,109,103,-1,104,103,110,-1,104,110,111,-1,111,110,112,-1,111,112,113,-1,113,112,114,-1,113,114,115,-1,115,114,116,-1,115,116,117,-1,117,116,118,-1,117,118,119,-1,119,118,120,-1,119,120,121,-1,121,120,122,-1,121,122,123,-1,123,122,124,-1,123,124,125,-1,125,124,126,-1,125,126,127,-1,127,126,128,-1,127,128,129,-1,129,128,130,-1,129,130,131,-1,131,130,132,-1,131,132,133,-1,133,132,134,-1,133,134,135,-1,135,134,4,-1,135,4,3,-1,61,63,85,-1,85,63,83,-1,111,43,104,-1,104,43,45,-1,21,23,127,-1,127,23,25,-1,127,25,125,-1,125,25,27,-1,125,27,123,-1,123,27,29,-1,123,29,121,-1,121,29,31,-1,121,31,119,-1,119,31,33,-1,119,33,117,-1,117,33,35,-1,117,35,115,-1,115,35,37,-1,115,37,113,-1,113,37,39,-1,113,39,111,-1,111,39,41,-1,111,41,43,-1,14,3,12,-1,12,3,6,-1,12,6,9,-1,9,6,2,-1,9,2,1,-1,63,65,83,-1,83,65,67,-1,83,67,81,-1,81,67,69,-1,81,69,79,-1,79,69,71,-1,79,71,76,-1,76,71,73,-1,76,73,75,-1,127,129,21,-1,21,129,131,-1,21,131,17,-1,17,131,133,-1,17,133,14,-1,14,133,135,-1,14,135,3,-1,85,87,61,-1,61,87,89,-1,61,89,59,-1,59,89,92,-1,59,92,57,-1,57,92,94,-1,57,94,55,-1,55,94,96,-1,55,96,53,-1,53,96,98,-1,53,98,51,-1,51,98,100,-1,51,100,49,-1,49,100,102,-1,49,102,47,-1,47,102,107,-1,47,107,45,-1,45,107,105,-1,45,105,104,-1,136,137,138,-1,138,137,139,-1,140,136,141,-1,141,136,138,-1,140,141,142,-1,140,142,143,-1,143,142,144,-1,143,144,145,-1,146,145,147,-1,147,145,144,-1,148,146,149,-1,149,146,147,-1,150,151,152,-1,152,151,148,-1,152,148,149,-1,153,151,154,-1,154,151,150,-1,155,156,157,-1,157,156,153,-1,157,153,154,-1,158,159,160,-1,160,159,156,-1,160,156,155,-1,158,161,159,-1,159,161,162,-1,161,163,162,-1,162,163,164,-1,162,164,165,-1,165,164,166,-1,165,166,167,-1,167,166,168,-1,167,168,169,-1,169,168,170,-1,169,170,171,-1,171,170,172,-1,171,172,173,-1,173,172,174,-1,173,174,175,-1,176,175,177,-1,177,175,174,-1,176,177,178,-1,176,178,179,-1,179,178,180,-1,179,180,181,-1,181,180,182,-1,181,182,183,-1,183,182,184,-1,183,184,185,-1,184,186,185,-1,185,186,187,-1,185,187,188,-1,188,187,189,-1,188,189,190,-1,190,189,191,-1,190,191,192,-1,192,191,193,-1,192,193,194,-1,139,137,195,-1,195,137,194,-1,195,194,193,-1,143,145,194,-1,137,136,194,-1,194,136,140,-1,194,140,143,-1,151,153,148,-1,148,153,156,-1,148,156,146,-1,175,176,173,-1,173,176,179,-1,173,179,171,-1,171,179,181,-1,171,181,169,-1,169,181,183,-1,169,183,167,-1,167,183,185,-1,167,185,165,-1,145,146,194,-1,194,146,156,-1,194,156,192,-1,156,159,192,-1,192,159,162,-1,192,162,190,-1,190,162,165,-1,190,165,188,-1,188,165,185,-1,196,197,198,-1,198,197,199,-1,200,201,202,-1,202,201,196,-1,202,196,198,-1,203,201,204,-1,204,201,200,-1,205,206,207,-1,207,206,203,-1,207,203,204,-1,208,206,209,-1,209,206,205,-1,210,211,212,-1,212,211,208,-1,212,208,209,-1,213,211,214,-1,214,211,210,-1,215,216,217,-1,217,216,213,-1,217,213,214,-1,218,216,219,-1,219,216,215,-1,220,221,222,-1,222,221,218,-1,222,218,219,-1,223,221,224,-1,224,221,220,-1,199,197,225,-1,225,197,223,-1,225,223,224,-1,223,197,196,-1,196,201,223,-1,223,201,203,-1,223,203,221,-1,216,218,213,-1,213,218,221,-1,213,221,211,-1,211,221,203,-1,211,203,208,-1,208,203,206,-1,226,227,228,-1,228,227,229,-1,228,229,230,-1,230,229,231,-1,230,231,232,-1,232,231,233,-1,232,233,234,-1,234,233,235,-1,234,235,236,-1,236,235,237,-1,236,237,238,-1,237,239,238,-1,238,239,240,-1,238,240,241,-1,241,240,242,-1,241,242,243,-1,243,242,244,-1,243,244,245,-1,245,244,246,-1,245,246,247,-1,247,246,248,-1,247,248,249,-1,249,248,250,-1,249,250,251,-1,251,250,252,-1,251,252,253,-1,253,252,254,-1,253,254,255,-1,255,254,256,-1,255,256,257,-1,257,256,258,-1,257,258,259,-1,259,258,260,-1,259,260,226,-1,226,260,261,-1,226,261,227,-1,232,234,262,-1,262,234,263,-1,232,262,264,-1,232,264,230,-1,230,264,265,-1,230,265,228,-1,228,265,266,-1,228,266,226,-1,226,266,267,-1,226,267,259,-1,259,267,268,-1,259,268,257,-1,257,268,269,-1,257,269,255,-1,255,269,270,-1,255,270,253,-1,253,270,271,-1,253,271,251,-1,251,271,272,-1,251,272,249,-1,249,272,273,-1,249,273,247,-1,247,273,274,-1,247,274,245,-1,245,274,275,-1,245,275,243,-1,243,275,276,-1,243,276,241,-1,241,276,277,-1,241,277,238,-1,236,238,278,-1,278,238,277,-1,234,236,263,-1,263,236,278,-1,239,237,279,-1,279,237,280,-1,237,235,280,-1,280,235,281,-1,235,233,281,-1,281,233,282,-1,261,283,284,-1,261,284,227,-1,227,284,285,-1,227,285,229,-1,229,285,286,-1,229,286,231,-1,231,286,282,-1,231,282,233,-1,254,287,288,-1,254,288,256,-1,256,288,289,-1,256,289,258,-1,258,289,290,-1,258,290,260,-1,260,290,283,-1,260,283,261,-1,246,291,292,-1,246,292,248,-1,248,292,293,-1,248,293,250,-1,250,293,294,-1,250,294,252,-1,252,294,287,-1,252,287,254,-1,239,279,295,-1,239,295,240,-1,240,295,296,-1,240,296,242,-1,242,296,297,-1,242,297,244,-1,244,297,291,-1,244,291,246,-1,
        ]
    }
}
Shape{
    appearance Appearance {
        material  Material 	{
            diffuseColor 1.0 1.0 0.0
            specularColor 0.5019607843137255 0.5019607843137255 0.0
            ambientIntensity 0.2
            transparency 0
            shininess 0.5
        }
    }
    geometry IndexedFaceSet {
        ccw TRUE
        solid FALSE
        coord DEF co Coordinate {
            point [
                0.3339 -0.5211 -0.3658, 0.3391 -0.5229 -0.3627, 0.3177 -0.55 -0.3157, 0.3046 -0.55 -0.3157, 0.3046 -0.5192 -0.3691, 0.3167 -0.55 -0.3157, 0.3162 -0.5192 -0.3691, 0.3273 -0.5198 -0.368, 0.34 -0.5233 -0.3619, 0.3437 -0.5256 -0.358, 0.3466 -0.5285 -0.3529, 0.3485 -0.535 -0.3417, 0.3398 -0.5463 -0.3222, 0.3347 -0.548 -0.3192, 0.3474 -0.54 -0.333, 0.3451 -0.5429 -0.328, 0.342 -0.5452 -0.3241, 0.3482 -0.5321 -0.3466, 0.3279 -0.5493 -0.3169, 0.3279 -0.5493 -0.3169
            ]
        }
        coordIndex [
            0,1,2,-1,3,4,5,-1,5,4,6,-1,5,6,2,-1,2,6,7,-1,2,7,0,-1,1,8,2,-1,2,8,9,-1,2,9,10,-1,11,12,13,-1,14,15,11,-1,11,15,16,-1,11,16,12,-1,10,17,2,-1,2,17,11,-1,2,11,18,-1,18,11,13,-1,
        ]
    }
}
Shape{
    appearance Appearance {
        material  Material 	{
            diffuseColor 0.0 0.0 0.0
            specularColor 0.0 0.0 0.0
            ambientIntensity 0.2
            transparency 0
            shininess 0.5
        }
    }
    geometry IndexedFaceSet {
        ccw TRUE
        solid FALSE
        coord DEF co Coordinate {
            point [
                0.3863 -0.5335 -0.3522, 0.383 -0.529 -0.36, 0.4131 -0.5335 -0.3522, 0.4163 -0.529 -0.36, 0.3982 -0.5501 -0.3234, 0.3944 -0.558 -0.3097, 0.3639 -0.518 -0.379, 0.3753 -0.518 -0.379, 0.3989 -0.5513 -0.3213, 0.3995 -0.5529 -0.3185, 0.4054 -0.558 -0.3097, 0.3998 -0.5529 -0.3185, 0.4004 -0.5512 -0.3215, 0.401 -0.5501 -0.3234, 0.4359 -0.518 -0.379, 0.4245 -0.518 -0.379, 0.4054 -0.5546 -0.3077, 0.4359 -0.5146 -0.377, 0.3944 -0.5546 -0.3077, 0.3639 -0.5146 -0.377, 0.3753 -0.5146 -0.377, 0.383 -0.5255 -0.3581, 0.4163 -0.5255 -0.3581, 0.4245 -0.5146 -0.377, 0.3863 -0.5301 -0.3502, 0.4131 -0.5301 -0.3502, 0.401 -0.5467 -0.3214, 0.3998 -0.5495 -0.3166, 0.4004 -0.5478 -0.3195, 0.3995 -0.5495 -0.3166, 0.3982 -0.5467 -0.3214, 0.3989 -0.5479 -0.3193, 0.3989 -0.5479 -0.3193
            ]
        }
        coordIndex [
            0,1,2,-1,2,1,3,-1,4,5,0,-1,0,5,6,-1,0,6,1,-1,1,6,7,-1,4,8,5,-1,5,8,9,-1,5,9,10,-1,10,9,11,-1,10,11,12,-1,12,13,10,-1,10,13,2,-1,10,2,14,-1,14,2,3,-1,14,3,15,-1,10,14,16,-1,16,14,17,-1,5,10,18,-1,18,10,16,-1,6,5,19,-1,19,5,18,-1,7,6,20,-1,20,6,19,-1,1,7,21,-1,21,7,20,-1,3,1,22,-1,22,1,21,-1,15,3,23,-1,23,3,22,-1,14,15,17,-1,17,15,23,-1,0,2,24,-1,24,2,25,-1,2,13,25,-1,25,13,26,-1,11,27,28,-1,11,28,12,-1,12,28,26,-1,12,26,13,-1,11,9,27,-1,27,9,29,-1,4,30,31,-1,4,31,8,-1,8,31,29,-1,8,29,9,-1,4,0,30,-1,30,0,24,-1,
        ]
    }
}
Shape{
    appearance Appearance {
        material  Material 	{
            diffuseColor 1.0 1.0 0.0
            specularColor 0.5019607843137255 0.5019607843137255 0.0
            ambientIntensity 0.2
            transparency 0
            shininess 0.5
        }
    }
    geometry IndexedFaceSet {
        ccw TRUE
        solid FALSE
        coord DEF co Coordinate {
            point [
                0.3998 -0.5495 -0.3166, 0.3995 -0.5495 -0.3166, 0.4004 -0.5478 -0.3195, 0.3989 -0.5479 -0.3193, 0.401 -0.5467 -0.3214, 0.3982 -0.5467 -0.3214, 0.4131 -0.5301 -0.3502, 0.3863 -0.5301 -0.3502, 0.3863 -0.5301 -0.3502
            ]
        }
        coordIndex [
            0,1,2,-1,2,1,3,-1,2,3,4,-1,4,3,5,-1,4,5,6,-1,6,5,7,-1,
        ]
    }
}
Shape{
    appearance Appearance {
        material  Material 	{
            diffuseColor 0.0 0.0 0.0
            specularColor 0.0 0.0 0.0
            ambientIntensity 0.2
            transparency 0
            shininess 0.5
        }
    }
    geometry IndexedFaceSet {
        ccw TRUE
        solid FALSE
        coord DEF co Coordinate {
            point [
                -0.3393 -0.5123 -0.3888, -0.3309 -0.5071 -0.3979, -0.3445 -0.5375 -0.3452, -0.3543 -0.587 -0.2595, -0.3416 -0.5903 -0.2537, -0.3446 -0.6079 -0.2234, -0.2444 -0.5112 -0.3908, -0.2377 -0.5176 -0.3798, -0.2343 -0.5246 -0.3676, -0.3092 -0.6087 -0.222, -0.2915 -0.5879 -0.258, -0.2828 -0.5969 -0.2424, -0.3569 -0.5413 -0.3386, -0.3526 -0.5196 -0.3763, -0.345 -0.5184 -0.3783, -0.3223 -0.6092 -0.221, -0.1543 -0.5515 -0.3211, -0.172 -0.5665 -0.2949, -0.234 -0.5304 -0.3576, -0.2483 -0.5466 -0.3295, -0.234 -0.5275 -0.3625, -0.2645 -0.5024 -0.4061, -0.2531 -0.5063 -0.3993, -0.3062 -0.519 -0.3774, -0.3017 -0.5174 -0.3801, -0.3197 -0.5029 -0.4052, -0.2964 -0.5164 -0.3817, -0.2711 -0.5316 -0.3555, -0.2696 -0.529 -0.36, -0.2694 -0.5262 -0.3648, -0.2707 -0.5235 -0.3695, -0.2732 -0.521 -0.3738, -0.1355 -0.5796 -0.2723, -0.131 -0.5796 -0.2723, -0.1076 -0.595 -0.2456, -0.1202 -0.579 -0.2734, -0.1048 -0.5945 -0.2465, -0.1102 -0.5771 -0.2767, -0.0879 -0.5903 -0.2537, -0.0725 -0.5838 -0.2651, -0.2975 -0.6155 -0.2102, -0.2701 -0.6045 -0.2292, -0.2841 -0.6212 -0.2003, -0.2548 -0.6101 -0.2195, -0.2674 -0.6262 -0.1916, -0.3276 -0.592 -0.2508, -0.3217 -0.5922 -0.2506, -0.3157 -0.6091 -0.2213, -0.3084 -0.5913 -0.252, -0.2956 -0.589 -0.256, -0.3136 -0.526 -0.3652, -0.3123 -0.5234 -0.3697, -0.3099 -0.521 -0.3738, -0.3066 -0.5002 -0.4099, -0.2932 -0.4991 -0.4118, -0.2915 -0.5162 -0.3822, -0.291 -0.4991 -0.4118, -0.2862 -0.5165 -0.3817, -0.2772 -0.4999 -0.4103, -0.2812 -0.5174 -0.38, -0.2769 -0.5189 -0.3774, -0.0723 -0.5307 -0.3571, -0.0989 -0.542 -0.3375, -0.0878 -0.5241 -0.3684, -0.1073 -0.5385 -0.3435, -0.1052 -0.5199 -0.3758, -0.1174 -0.5362 -0.3475, -0.1242 -0.5179 -0.3792, -0.1276 -0.5352 -0.3492, -0.1577 -0.5179 -0.3792, -0.1532 -0.5352 -0.3492, -0.1609 -0.5181 -0.3788, -0.1014 -0.574 -0.2821, -0.0948 -0.5703 -0.2884, -0.0608 -0.5757 -0.2791, -0.0895 -0.5654 -0.2969, -0.0539 -0.567 -0.2941, -0.0869 -0.5599 -0.3064, -0.0513 -0.5577 -0.3102, -0.0866 -0.5574 -0.3107, -0.0539 -0.5476 -0.3278, -0.0879 -0.5519 -0.3203, -0.0611 -0.5385 -0.3434, -0.0919 -0.5468 -0.3291, -0.0981 -0.5424 -0.3368, -0.1384 -0.6175 -0.2067, -0.1606 -0.6044 -0.2294, -0.1184 -0.6057 -0.2271, -0.1478 -0.5967 -0.2427, -0.139 -0.5876 -0.2586, -0.3769 -0.5706 -0.2879, -0.4143 -0.5659 -0.2961, -0.3786 -0.5637 -0.2999, -0.4145 -0.5631 -0.3009, -0.3779 -0.5593 -0.3075, -0.4117 -0.552 -0.3201, -0.3739 -0.5524 -0.3195, -0.4036 -0.5414 -0.3385, -0.3671 -0.5466 -0.3295, -0.3906 -0.5321 -0.3546, -0.3731 -0.5246 -0.3676, -0.3135 -0.5288 -0.3604, -0.3121 -0.5315 -0.3557, -0.3382 -0.5436 -0.3346, -0.3093 -0.5339 -0.3515, -0.3288 -0.549 -0.3253, -0.3063 -0.5355 -0.3486, -0.3171 -0.5531 -0.3183, -0.3018 -0.5371 -0.346, -0.3045 -0.5555 -0.3141, -0.2968 -0.538 -0.3443, -0.291 -0.5563 -0.3127, -0.2915 -0.5384 -0.3438, -0.284 -0.5561 -0.313, -0.2876 -0.5382 -0.3441, -0.2703 -0.5544 -0.316, -0.2822 -0.5373 -0.3455, -0.2582 -0.5511 -0.3216, -0.2775 -0.5359 -0.3481, -0.2737 -0.5339 -0.3515, -0.2409 -0.6309 -0.1834, -0.2362 -0.6139 -0.213, -0.2158 -0.6323 -0.1811, -0.2152 -0.6152 -0.2106, -0.1882 -0.6306 -0.184, -0.1959 -0.614 -0.2127, -0.16 -0.625 -0.1936, -0.1781 -0.6106 -0.2186, -0.1621 -0.6051 -0.2282, -0.3657 -0.6038 -0.2305, -0.3838 -0.5974 -0.2415, -0.3642 -0.5826 -0.2671, -0.3877 -0.5956 -0.2447, -0.3721 -0.5769 -0.2769, -0.4014 -0.5868 -0.2598, -0.4105 -0.5766 -0.2776, -0.156 -0.5355 -0.3487, -0.1697 -0.5209 -0.3741, -0.1684 -0.5202 -0.3752, -0.1543 -0.5353 -0.349, -0.1647 -0.5189 -0.3775, -0.1742 -0.5267 -0.364, -0.1737 -0.5246 -0.3676, -0.1722 -0.5226 -0.371, -0.161 -0.5352 -0.3492, -0.1649 -0.5345 -0.3505, -0.1741 -0.5278 -0.362, -0.1684 -0.5332 -0.3527, -0.1708 -0.5319 -0.3549, -0.173 -0.53 -0.3583, -0.1566 -0.5355 -0.3487, -0.0687 -0.5778 -0.2676, -0.0608 -0.5723 -0.2771, -0.0558 -0.566 -0.288, -0.0539 -0.5636 -0.2922, -0.0513 -0.5543 -0.3083, -0.0725 -0.5804 -0.2631, -0.0879 -0.5869 -0.2518, -0.1048 -0.5911 -0.2445, -0.1076 -0.5916 -0.2437, -0.1184 -0.6023 -0.2251, -0.1384 -0.6141 -0.2047, -0.151 -0.6185 -0.1971, -0.16 -0.6216 -0.1916, -0.1882 -0.6272 -0.182, -0.2158 -0.6289 -0.1791, -0.2409 -0.6275 -0.1815, -0.2674 -0.6228 -0.1896, -0.2818 -0.6185 -0.1971, -0.2841 -0.6178 -0.1983, -0.2975 -0.6121 -0.2082, -0.3092 -0.6053 -0.22, -0.3157 -0.6057 -0.2193, -0.3223 -0.6058 -0.219, -0.3446 -0.6045 -0.2214, -0.3657 -0.6004 -0.2285, -0.3838 -0.594 -0.2395, -0.3877 -0.5922 -0.2427, -0.4014 -0.5834 -0.2579, -0.4064 -0.5778 -0.2676, -0.4105 -0.5732 -0.2756, -0.413 -0.566 -0.288, -0.4143 -0.5625 -0.2941, -0.4145 -0.5597 -0.2989, -0.4117 -0.5486 -0.3182, -0.4036 -0.538 -0.3365, -0.3906 -0.5287 -0.3526, -0.3731 -0.5212 -0.3656, -0.3526 -0.5162 -0.3743, -0.345 -0.515 -0.3763, -0.3443 -0.5143 -0.3776, -0.3393 -0.5089 -0.3869, -0.3309 -0.5037 -0.3959, -0.3197 -0.4995 -0.4032, -0.3145 -0.4984 -0.4051, -0.3066 -0.4967 -0.408, -0.2932 -0.4957 -0.4098, -0.291 -0.4957 -0.4098, -0.234 -0.5241 -0.3605, -0.2772 -0.4965 -0.4084, -0.2674 -0.4984 -0.4051, -0.2645 -0.499 -0.4041, -0.2531 -0.5029 -0.3973, -0.2444 -0.5078 -0.3888, -0.2377 -0.5142 -0.3778, -0.2376 -0.5143 -0.3776, -0.2343 -0.5212 -0.3656, -0.234 -0.527 -0.3556, -0.1543 -0.548 -0.3191, -0.172 -0.5631 -0.293, -0.2483 -0.5432 -0.3275, -0.2582 -0.5477 -0.3196, -0.2703 -0.551 -0.314, -0.284 -0.5527 -0.3111, -0.291 -0.5529 -0.3107, -0.3045 -0.552 -0.3122, -0.3171 -0.5496 -0.3163, -0.3288 -0.5456 -0.3233, -0.3382 -0.5402 -0.3327, -0.3445 -0.5341 -0.3433, -0.3569 -0.5379 -0.3366, -0.3671 -0.5432 -0.3276, -0.3739 -0.5489 -0.3176, -0.3779 -0.5559 -0.3055, -0.3786 -0.5603 -0.2979, -0.3772 -0.566 -0.288, -0.3769 -0.5672 -0.286, -0.3721 -0.5735 -0.275, -0.3661 -0.5778 -0.2676, -0.3642 -0.5792 -0.2652, -0.3543 -0.5836 -0.2576, -0.3416 -0.5869 -0.2517, -0.3276 -0.5886 -0.2489, -0.3217 -0.5888 -0.2486, -0.3084 -0.5879 -0.25, -0.2956 -0.5856 -0.2541, -0.2915 -0.5845 -0.256, -0.2828 -0.5935 -0.2404, -0.2701 -0.6011 -0.2272, -0.2548 -0.6067 -0.2175, -0.2362 -0.6105 -0.211, -0.2152 -0.6118 -0.2087, -0.1959 -0.6106 -0.2107, -0.1781 -0.6072 -0.2166, -0.1621 -0.6017 -0.2263, -0.1606 -0.601 -0.2274, -0.1478 -0.5933 -0.2407, -0.139 -0.5841 -0.2566, -0.1362 -0.5778 -0.2676, -0.1355 -0.5762 -0.2703, -0.131 -0.5762 -0.2703, -0.1202 -0.5756 -0.2715, -0.1102 -0.5736 -0.2748, -0.1014 -0.5706 -0.2801, -0.0948 -0.5669 -0.2865, -0.0939 -0.566 -0.288, -0.0895 -0.562 -0.295, -0.0869 -0.5565 -0.3044, -0.0866 -0.554 -0.3088, -0.0879 -0.5485 -0.3183, -0.0919 -0.5434 -0.3271, -0.0981 -0.539 -0.3348, -0.0989 -0.5386 -0.3355, -0.1073 -0.5351 -0.3415, -0.1174 -0.5328 -0.3455, -0.1276 -0.5318 -0.3472, -0.1532 -0.5318 -0.3472, -0.1543 -0.5319 -0.3471, -0.156 -0.5321 -0.3467, -0.1566 -0.5321 -0.3467, -0.161 -0.5318 -0.3472, -0.1649 -0.5311 -0.3485, -0.1684 -0.5298 -0.3507, -0.1708 -0.5285 -0.3529, -0.173 -0.5266 -0.3563, -0.1741 -0.5244 -0.3601, -0.1742 -0.5233 -0.362, -0.1737 -0.5212 -0.3657, -0.1722 -0.5192 -0.369, -0.1697 -0.5174 -0.3721, -0.1684 -0.5168 -0.3733, -0.1647 -0.5155 -0.3755, -0.1609 -0.5147 -0.3768, -0.1577 -0.5145 -0.3773, -0.1242 -0.5145 -0.3773, -0.1052 -0.5165 -0.3738, -0.0878 -0.5207 -0.3665, -0.0723 -0.5273 -0.3551, -0.0611 -0.5351 -0.3415, -0.0539 -0.5441 -0.3259, -0.2915 -0.535 -0.3418, -0.2876 -0.5348 -0.3421, -0.2822 -0.5339 -0.3436, -0.2775 -0.5325 -0.3461, -0.2737 -0.5305 -0.3495, -0.2711 -0.5282 -0.3535, -0.2696 -0.5256 -0.358, -0.2694 -0.5228 -0.3628, -0.2707 -0.5201 -0.3676, -0.2732 -0.5176 -0.3719, -0.2769 -0.5155 -0.3754, -0.2812 -0.514 -0.3781, -0.2862 -0.5131 -0.3797, -0.2915 -0.5128 -0.3802, -0.2964 -0.513 -0.3798, -0.3017 -0.514 -0.3781, -0.3062 -0.5155 -0.3754, -0.3099 -0.5176 -0.3718, -0.3123 -0.5199 -0.3678, -0.3136 -0.5226 -0.3632, -0.3135 -0.5253 -0.3584, -0.3121 -0.5281 -0.3537, -0.3093 -0.5305 -0.3495, -0.3063 -0.5321 -0.3467, -0.3018 -0.5337 -0.344, -0.2968 -0.5346 -0.3423, -0.2968 -0.5346 -0.3423
            ]
        }
        coordIndex [
            0,1,2,-1,3,4,5,-1,6,7,8,-1,9,10,11,-1,12,13,2,-1,2,13,14,-1,2,14,0,-1,5,4,15,-1,16,17,18,-1,18,17,19,-1,18,19,20,-1,20,19,21,-1,20,21,8,-1,8,21,22,-1,8,22,6,-1,23,1,24,-1,24,1,25,-1,24,25,26,-1,27,28,19,-1,19,28,29,-1,19,29,21,-1,21,29,30,-1,21,30,31,-1,32,33,34,-1,34,33,35,-1,34,35,36,-1,36,35,37,-1,36,37,38,-1,38,37,39,-1,9,11,40,-1,40,11,41,-1,40,41,42,-1,42,41,43,-1,42,43,44,-1,4,45,15,-1,15,45,46,-1,15,46,47,-1,47,46,48,-1,47,48,9,-1,9,48,49,-1,9,49,10,-1,50,2,51,-1,51,2,1,-1,51,1,52,-1,52,1,23,-1,25,53,26,-1,26,53,54,-1,26,54,55,-1,55,54,56,-1,55,56,57,-1,57,56,58,-1,57,58,59,-1,59,58,21,-1,59,21,60,-1,60,21,31,-1,61,62,63,-1,63,62,64,-1,63,64,65,-1,65,64,66,-1,65,66,67,-1,67,66,68,-1,67,68,69,-1,69,68,70,-1,69,70,71,-1,37,72,39,-1,39,72,73,-1,39,73,74,-1,74,73,75,-1,74,75,76,-1,76,75,77,-1,76,77,78,-1,78,77,79,-1,78,79,80,-1,80,79,81,-1,80,81,82,-1,82,81,83,-1,82,83,61,-1,61,83,84,-1,61,84,62,-1,85,86,87,-1,87,86,88,-1,87,88,34,-1,34,88,89,-1,34,89,32,-1,90,91,92,-1,92,91,93,-1,92,93,94,-1,94,93,95,-1,94,95,96,-1,96,95,97,-1,96,97,98,-1,98,97,99,-1,98,99,12,-1,12,99,100,-1,12,100,13,-1,50,101,2,-1,2,101,102,-1,2,102,103,-1,103,102,104,-1,103,104,105,-1,105,104,106,-1,105,106,107,-1,107,106,108,-1,107,108,109,-1,109,108,110,-1,109,110,111,-1,111,110,112,-1,111,112,113,-1,113,112,114,-1,113,114,115,-1,115,114,116,-1,115,116,117,-1,117,116,118,-1,117,118,19,-1,19,118,119,-1,19,119,27,-1,44,43,120,-1,120,43,121,-1,120,121,122,-1,122,121,123,-1,122,123,124,-1,124,123,125,-1,124,125,126,-1,126,125,127,-1,126,127,85,-1,85,127,128,-1,85,128,86,-1,5,129,3,-1,3,129,130,-1,3,130,131,-1,131,130,132,-1,131,132,133,-1,133,132,134,-1,133,134,90,-1,90,134,135,-1,90,135,91,-1,136,137,138,-1,70,139,71,-1,71,139,136,-1,71,136,140,-1,140,136,138,-1,141,142,136,-1,136,142,143,-1,136,143,137,-1,144,145,146,-1,145,147,146,-1,146,147,148,-1,146,148,149,-1,141,136,146,-1,146,136,150,-1,146,150,144,-1,151,39,152,-1,152,39,74,-1,152,74,153,-1,153,74,76,-1,153,76,154,-1,154,76,78,-1,154,78,155,-1,151,156,39,-1,39,156,157,-1,39,157,38,-1,38,157,158,-1,38,158,36,-1,36,158,159,-1,36,159,34,-1,34,159,160,-1,34,160,87,-1,87,160,161,-1,87,161,85,-1,85,161,126,-1,126,161,162,-1,162,163,126,-1,126,163,164,-1,126,164,124,-1,124,164,165,-1,124,165,122,-1,122,165,166,-1,122,166,120,-1,120,166,167,-1,120,167,44,-1,44,167,42,-1,42,167,168,-1,42,168,169,-1,42,169,170,-1,42,170,40,-1,40,170,171,-1,40,171,9,-1,9,171,172,-1,9,172,47,-1,47,172,173,-1,47,173,15,-1,15,173,174,-1,15,174,5,-1,5,174,175,-1,5,175,129,-1,129,175,176,-1,129,176,130,-1,130,176,177,-1,130,177,132,-1,135,134,178,-1,178,134,132,-1,178,132,177,-1,178,179,135,-1,135,179,180,-1,135,180,91,-1,91,180,181,-1,181,182,91,-1,91,182,183,-1,91,183,93,-1,93,183,184,-1,93,184,95,-1,95,184,185,-1,95,185,97,-1,97,185,186,-1,97,186,99,-1,99,186,187,-1,99,187,100,-1,100,187,188,-1,100,188,13,-1,13,188,189,-1,13,189,14,-1,14,189,190,-1,14,190,0,-1,190,191,0,-1,0,191,192,-1,0,192,1,-1,1,192,193,-1,1,193,25,-1,25,193,194,-1,25,194,53,-1,194,195,53,-1,53,195,196,-1,53,196,54,-1,54,196,197,-1,54,197,56,-1,198,20,8,-1,56,197,199,-1,200,21,199,-1,199,21,58,-1,199,58,56,-1,200,201,21,-1,21,201,202,-1,21,202,22,-1,22,202,203,-1,22,203,6,-1,6,203,204,-1,6,204,7,-1,7,204,205,-1,7,205,8,-1,8,205,206,-1,8,206,198,-1,18,20,207,-1,207,20,198,-1,16,18,208,-1,208,18,207,-1,17,16,209,-1,209,16,208,-1,19,17,210,-1,210,17,209,-1,19,210,211,-1,19,211,117,-1,117,211,212,-1,117,212,115,-1,115,212,213,-1,115,213,113,-1,113,213,214,-1,113,214,111,-1,111,214,215,-1,111,215,109,-1,109,215,216,-1,109,216,107,-1,107,216,217,-1,107,217,105,-1,105,217,218,-1,105,218,103,-1,103,218,219,-1,103,219,2,-1,2,219,220,-1,2,220,12,-1,12,220,221,-1,12,221,98,-1,98,221,222,-1,98,222,96,-1,96,222,223,-1,96,223,94,-1,94,223,224,-1,94,224,92,-1,90,92,224,-1,224,225,90,-1,90,225,226,-1,90,226,227,-1,228,131,227,-1,227,131,133,-1,227,133,90,-1,228,229,131,-1,131,229,230,-1,131,230,3,-1,3,230,231,-1,3,231,4,-1,4,231,232,-1,4,232,45,-1,45,232,233,-1,45,233,46,-1,46,233,234,-1,46,234,48,-1,48,234,235,-1,48,235,49,-1,49,235,236,-1,49,236,10,-1,10,236,237,-1,10,237,11,-1,11,237,238,-1,11,238,41,-1,41,238,239,-1,41,239,43,-1,43,239,240,-1,43,240,121,-1,121,240,241,-1,121,241,123,-1,123,241,242,-1,123,242,125,-1,125,242,243,-1,125,243,127,-1,127,243,244,-1,127,244,128,-1,128,244,245,-1,128,245,86,-1,86,245,246,-1,86,246,88,-1,88,246,247,-1,88,247,89,-1,89,247,32,-1,32,247,248,-1,32,248,249,-1,33,32,250,-1,250,32,249,-1,33,250,251,-1,33,251,35,-1,35,251,252,-1,35,252,37,-1,37,252,253,-1,37,253,72,-1,72,253,254,-1,72,254,73,-1,73,254,255,-1,73,255,75,-1,255,256,75,-1,75,256,257,-1,75,257,77,-1,77,257,258,-1,77,258,79,-1,79,258,259,-1,79,259,81,-1,81,259,260,-1,81,260,83,-1,83,260,261,-1,83,261,84,-1,84,261,262,-1,84,262,62,-1,62,262,263,-1,62,263,64,-1,64,263,264,-1,64,264,66,-1,66,264,265,-1,66,265,68,-1,70,68,266,-1,266,68,265,-1,70,266,267,-1,70,267,139,-1,139,267,268,-1,139,268,136,-1,136,268,269,-1,136,269,150,-1,150,269,270,-1,150,270,144,-1,144,270,271,-1,144,271,145,-1,145,271,272,-1,145,272,147,-1,147,272,273,-1,147,273,148,-1,148,273,274,-1,148,274,149,-1,149,274,275,-1,149,275,146,-1,146,275,276,-1,146,276,141,-1,141,276,277,-1,141,277,142,-1,142,277,278,-1,142,278,143,-1,143,278,279,-1,143,279,137,-1,137,279,280,-1,137,280,138,-1,138,280,281,-1,138,281,140,-1,140,281,282,-1,140,282,71,-1,71,282,283,-1,71,283,69,-1,67,69,284,-1,284,69,283,-1,67,284,285,-1,67,285,65,-1,65,285,286,-1,65,286,63,-1,63,286,287,-1,63,287,61,-1,61,287,288,-1,61,288,82,-1,82,288,289,-1,82,289,80,-1,80,289,155,-1,80,155,78,-1,112,290,291,-1,112,291,114,-1,114,291,292,-1,114,292,116,-1,116,292,293,-1,116,293,118,-1,118,293,294,-1,118,294,119,-1,119,294,295,-1,119,295,27,-1,27,295,296,-1,27,296,28,-1,28,296,297,-1,28,297,29,-1,29,297,298,-1,29,298,30,-1,30,298,299,-1,30,299,31,-1,31,299,300,-1,31,300,60,-1,60,300,301,-1,60,301,59,-1,59,301,302,-1,59,302,57,-1,57,302,303,-1,57,303,55,-1,55,303,304,-1,55,304,26,-1,26,304,305,-1,26,305,24,-1,24,305,306,-1,24,306,23,-1,23,306,307,-1,23,307,52,-1,52,307,308,-1,52,308,51,-1,51,308,309,-1,51,309,50,-1,50,309,310,-1,50,310,101,-1,101,310,311,-1,101,311,102,-1,102,311,312,-1,102,312,104,-1,104,312,313,-1,104,313,106,-1,106,313,314,-1,106,314,108,-1,108,314,315,-1,108,315,110,-1,110,315,290,-1,110,290,112,-1,
        ]
    }
}
Shape{
    appearance Appearance {
        material  Material 	{
            diffuseColor 1.0 1.0 0.0
            specularColor 0.5019607843137255 0.5019607843137255 0.0
            ambientIntensity 0.2
            transparency 0
            shininess 0.5
        }
    }
    geometry IndexedFaceSet {
        ccw TRUE
        solid FALSE
        coord DEF co Coordinate {
            point [
                -0.2862 -0.5131 -0.3797, -0.2876 -0.5348 -0.3421, -0.2915 -0.5128 -0.3802, -0.2915 -0.535 -0.3418, -0.2968 -0.5346 -0.3423, -0.3018 -0.5337 -0.344, -0.3063 -0.5321 -0.3467, -0.3093 -0.5305 -0.3495, -0.2769 -0.5155 -0.3754, -0.2737 -0.5305 -0.3495, -0.2775 -0.5325 -0.3461, -0.3123 -0.5199 -0.3678, -0.3099 -0.5176 -0.3718, -0.3062 -0.5155 -0.3754, -0.2812 -0.514 -0.3781, -0.2822 -0.5339 -0.3436, -0.3017 -0.514 -0.3781, -0.2964 -0.513 -0.3798, -0.3121 -0.5281 -0.3537, -0.3135 -0.5253 -0.3584, -0.3136 -0.5226 -0.3632, -0.2707 -0.5201 -0.3676, -0.2694 -0.5228 -0.3628, -0.2732 -0.5176 -0.3719, -0.2696 -0.5256 -0.358, -0.2711 -0.5282 -0.3535, -0.2711 -0.5282 -0.3535
            ]
        }
        coordIndex [
            0,1,2,-1,2,1,3,-1,2,3,4,-1,4,5,2,-1,2,5,6,-1,2,6,7,-1,8,9,10,-1,11,12,7,-1,7,12,13,-1,0,14,1,-1,1,14,8,-1,1,8,15,-1,15,8,10,-1,13,16,7,-1,7,16,17,-1,7,17,2,-1,18,19,7,-1,7,19,20,-1,7,20,11,-1,21,22,23,-1,23,22,24,-1,23,24,8,-1,8,24,25,-1,8,25,9,-1,
        ]
    }
}