#VRML V2.0 utf8
# 3D model generated by easyeda2kicad.py (https://github.com/uPesy/easyeda2kicad.py)

Shape{
    appearance Appearance {
        material  Material 	{
            diffuseColor 0.10980392156862745 0.10980392156862745 0.10980392156862745
            specularColor 0.0784313725490196 0.0784313725490196 0.0784313725490196
            ambientIntensity 0.2
            transparency 0
            shininess 0.5
        }
    }
    geometry IndexedFaceSet {
        ccw TRUE
        solid FALSE
        coord DEF co Coordinate {
            point [
                0.0642 -0.0 -0.0, 0.0428 -0.0 -0.0, 0.0351 0.5686 -0.0, -0.0043 -0.0355 0.0, -0.0043 -0.0086 0.0, 0.0236 -0.0355 -0.0, 0.0274 -0.0086 -0.0, 0.0236 -0.0442 -0.0, -0.0148 -0.0 0.0, -0.4037 0.4037 0.0, -0.3475 0.4529 0.0, -0.0391 -0.0698 0.0, -0.0486 -0.0711 0.0, -0.0525 -0.0699 0.0, 0.0255 -0.0701 -0.0, -0.0043 -0.0701 0.0, -0.0043 -0.0442 0.0, -0.0148 -0.0787 0.0, -0.0302 -0.0127 0.0, -0.0302 -0.0041 0.0, -0.0407 -0.0002 0.0, -0.0393 -0.0791 0.0, -0.0302 -0.0766 0.0, -0.0302 -0.066 0.0, 0.0351 -0.0792 -0.0, 0.0255 -0.0787 -0.0, 0.0274 -0.0 -0.0, -0.0399 -0.0088 0.0, -0.0504 -0.0077 0.0, -0.2854 0.4944 0.0, -0.2185 0.5274 0.0, -0.1478 0.5514 0.0, -0.0702 -0.0617 0.0, -0.073 -0.0584 0.0, -0.0592 -0.0097 0.0, -0.0751 -0.0543 0.0, -0.0768 -0.0482 0.0, -0.0782 -0.0385 0.0, -0.0763 -0.029 0.0, -0.0648 -0.0118 0.0, -0.374 0.0 0.0, -0.1358 -0.0 0.0, -0.378 -0.0306 0.0, -0.1358 -0.0787 0.0, -0.0729 -0.0061 0.0, -0.0955 -0.0 0.0, -0.058 -0.0006 0.0, -0.0519 0.001 0.0, -0.4529 0.3475 0.0, -0.0416 -0.0792 0.0, -0.0655 -0.065 0.0, -0.0736 -0.0207 0.0, -0.0709 -0.0165 0.0, -0.0685 -0.0141 0.0, -0.1252 -0.0086 0.0, -0.0888 -0.0379 0.0, -0.1252 -0.0787 0.0, -0.0878 -0.0424 0.0, -0.0823 -0.0604 0.0, -0.0786 -0.01 0.0, -0.0821 -0.0138 0.0, -0.0955 -0.0086 0.0, -0.0847 -0.0188 0.0, -0.0869 -0.0262 0.0, -0.378 0.0306 0.0, -0.3898 0.0591 0.0, -0.4086 0.0835 0.0, -0.4331 0.1023 0.0, -0.4616 0.1141 0.0, -0.4944 0.2854 0.0, -0.4921 0.1181 0.0, -0.5274 0.2185 0.0, -0.5227 0.1141 0.0, -0.5514 0.1478 0.0, -0.5512 0.1023 0.0, -0.563 0.0945 -0.0, -0.0783 -0.0671 0.0, -0.0743 -0.071 0.0, -0.069 -0.0742 0.0, -0.0612 -0.077 0.0, -0.0509 -0.0792 0.0, -0.5514 -0.1478 0.0, -0.563 -0.0945 0.0, -0.5512 -0.1023 0.0, -0.1478 -0.5514 0.0, -0.4331 -0.1023 0.0, -0.0745 -0.566 0.0, -0.4086 -0.0835 0.0, -0.4053 -0.0792 0.0, 0.0351 -0.5686 -0.0, 0.0 -0.5709 -0.0, -0.0487 -0.0797 0.0, -0.3898 -0.0591 0.0, -0.5274 -0.2185 0.0, -0.5227 -0.1141 0.0, -0.4944 -0.2854 0.0, -0.4921 -0.1181 0.0, -0.4529 -0.3475 0.0, -0.4616 -0.1141 0.0, -0.4037 -0.4037 0.0, -0.2185 -0.5274 0.0, -0.2854 -0.4944 0.0, -0.3475 -0.4529 0.0, 0.2185 -0.5274 -0.0, 0.1478 -0.5514 -0.0, 0.4331 -0.1023 -0.0, 0.4086 -0.0835 -0.0, 0.4529 -0.3475 -0.0, 0.4037 -0.4037 -0.0, 0.4616 -0.1141 -0.0, 0.3475 -0.4529 -0.0, 0.2854 -0.4944 -0.0, 0.4944 -0.2854 -0.0, 0.4921 -0.1181 -0.0, 0.5274 -0.2185 -0.0, 0.5227 -0.1141 -0.0, 0.5514 -0.1478 -0.0, 0.5512 -0.1023 -0.0, 0.563 -0.0945 0.0, -0.0745 0.566 0.0, 0.0 0.5709 -0.0, 0.1635 -0.0221 -0.0, 0.131 -0.0221 -0.0, 0.1715 -0.0 -0.0, 0.1235 -0.0 -0.0, 0.0745 0.566 -0.0, 0.1478 0.5514 -0.0, 0.1119 -0.0 -0.0, 0.2185 0.5274 -0.0, 0.2854 0.4944 -0.0, 0.3475 0.4529 -0.0, 0.4037 0.4037 -0.0, 0.5274 0.2185 -0.0, 0.5227 0.1141 -0.0, 0.4921 0.1181 -0.0, 0.4529 0.3475 -0.0, 0.4944 0.2854 -0.0, 0.183 -0.0 -0.0, 0.1523 -0.0787 -0.0, 0.0428 -0.0787 -0.0, 0.065 -0.0787 -0.0, 0.1417 -0.0787 -0.0, 0.0705 -0.0776 -0.0, 0.0874 -0.0727 -0.0, 0.0937 -0.0689 -0.0, 0.0976 -0.0651 -0.0, 0.1007 -0.06 -0.0, 0.0988 -0.018 -0.0, 0.0945 -0.0115 -0.0, 0.0904 -0.0077 -0.0, 0.0849 -0.0047 -0.0, 0.5512 0.1023 -0.0, 0.5514 0.1478 -0.0, 0.563 0.0945 -0.0, 0.1035 -0.0524 -0.0, 0.1062 -0.0404 -0.0, 0.105 -0.0357 -0.0, 0.0769 -0.0022 -0.0, 0.3898 0.0591 -0.0, 0.378 0.0306 -0.0, 0.374 -0.0 -0.0, 0.4616 0.1141 -0.0, 0.4331 0.1023 -0.0, 0.4086 0.0835 -0.0, 0.378 -0.0306 -0.0, 0.3898 -0.0591 -0.0, 0.4053 -0.0792 -0.0, 0.0745 -0.566 -0.0, -0.6179 0.1155 0.0591, -0.6085 0.163 0.0591, -0.6065 0.1625 0.0438, -0.5348 0.3311 0.0591, -0.4998 0.3835 0.0591, -0.4982 0.3822 0.0438, -0.3794 0.5024 0.0591, -0.315 0.5455 0.0591, -0.314 0.5438 0.0438, -0.2802 0.5627 0.0591, -0.2411 0.582 0.0591, -0.2403 0.5801 0.0438, -0.058 0.6261 0.0591, -0.0 0.6299 0.0591, -0.0 0.6279 0.0438, 0.1722 0.6053 0.0591, 0.2411 0.582 0.0591, 0.2403 0.5801 0.0438, 0.3794 0.5024 0.0591, 0.3835 0.4998 0.0591, 0.3822 0.4982 0.0438, 0.4646 0.4236 0.0591, 0.4998 0.3835 0.0591, 0.4982 0.3822 0.0438, 0.5866 0.2273 0.0591, 0.6085 0.163 0.0591, 0.6065 0.1625 0.0438, 0.5866 -0.2273 0.0591, 0.582 -0.2411 0.0591, 0.5801 -0.2403 0.0438, 0.5348 -0.3311 0.0591, 0.4998 -0.3835 0.0591, 0.4982 -0.3822 0.0438, 0.3794 -0.5024 0.0591, 0.315 -0.5455 0.0591, 0.314 -0.5438 0.0438, 0.2802 -0.5627 0.0591, 0.2411 -0.582 0.0591, 0.2403 -0.5801 0.0438, 0.058 -0.6261 0.0591, 0.0 -0.6299 0.0591, 0.0 -0.6279 0.0438, -0.1722 -0.6053 0.0591, -0.2411 -0.582 0.0591, -0.2403 -0.5801 0.0438, -0.3794 -0.5024 0.0591, -0.3835 -0.4998 0.0591, -0.3822 -0.4982 0.0438, -0.4646 -0.4236 0.0591, -0.4998 -0.3835 0.0591, -0.4982 -0.3822 0.0438, 0.5747 -0.238 0.0295, 0.6008 -0.161 0.0295, -0.622 0.0 0.0295, -0.6126 0.0 0.0173, -0.6074 -0.08 0.0173, -0.5953 -0.0784 0.0079, -0.5799 -0.1554 0.0079, -0.0 0.5862 0.002, 0.0765 -0.5811 0.002, -0.5662 -0.1517 0.002, 0.5809 -0.0775 0.0022, 0.5817 -0.0766 0.0024, 0.5953 -0.0784 0.0079, -0.5809 0.0775 0.0022, -0.5817 0.0766 0.0024, -0.5953 0.0784 0.0079, -0.5756 -0.0835 0.001, -0.5809 -0.0775 0.0022, -0.5944 -0.0591 0.0063, -0.5858 -0.0719 0.0033, -0.6092 0.0156 0.0143, -0.6102 0.0 0.015, -0.6092 -0.0154 0.0143, -0.6062 -0.0306 0.0123, -0.598 -0.0504 0.0081, -0.598 0.0504 0.0081, -0.6074 0.08 0.0173, -0.6062 0.0306 0.0123, -0.5859 0.0718 0.0033, -0.5944 0.0591 0.0063, -0.5662 0.1517 0.002, 0.5756 0.0835 0.001, 0.5662 0.1517 0.002, 0.5809 0.0775 0.0022, 0.5799 0.1554 0.0079, 0.5817 0.0766 0.0024, 0.5953 0.0784 0.0079, 0.5858 0.0719 0.0033, 0.5944 0.0591 0.0063, 0.6126 0.0 0.0173, 0.6092 0.0154 0.0143, 0.6074 0.08 0.0173, 0.6062 0.0306 0.0123, 0.598 0.0504 0.0081, 0.6074 -0.08 0.0173, 0.598 -0.0504 0.0081, 0.6062 -0.0306 0.0123, 0.6092 -0.0156 0.0143, 0.6102 -0.0 0.015, 0.5859 -0.0718 0.0033, 0.5944 -0.0591 0.0063, 0.5662 -0.1517 0.002, -0.5817 -0.0766 0.0024, -0.5415 -0.2243 0.002, 0.5415 -0.2243 0.002, 0.5547 -0.2298 0.0079, 0.5799 -0.1554 0.0079, 0.566 -0.2344 0.0173, 0.5917 -0.1586 0.0173, 0.5756 -0.0835 0.001, 0.5917 0.1586 0.0173, 0.6167 -0.0812 0.0295, 0.622 0.0 0.0295, 0.6167 0.0812 0.0295, 0.6008 0.161 0.0295, -0.6167 0.0812 0.0295, -0.6225 0.082 0.0438, -0.6008 -0.161 0.0295, -0.6065 -0.1625 0.0438, -0.6225 -0.082 0.0438, -0.5801 -0.2403 0.0438, -0.5747 -0.238 0.0295, -0.566 -0.2344 0.0173, -0.5438 -0.314 0.0438, -0.5387 -0.311 0.0295, -0.5305 -0.3063 0.0173, -0.52 -0.3002 0.0079, -0.4935 -0.3787 0.0295, -0.486 -0.3729 0.0173, -0.4763 -0.3655 0.0079, -0.465 -0.3568 0.002, -0.2931 -0.5076 0.002, -0.2243 -0.5415 0.002, -0.3002 -0.52 0.0079, -0.2298 -0.5547 0.0079, -0.3063 -0.5305 0.0173, -0.2344 -0.566 0.0173, -0.311 -0.5387 0.0295, -0.238 -0.5747 0.0295, -0.314 -0.5438 0.0438, -0.0765 -0.5811 0.002, 0.0 -0.5862 0.002, -0.0784 -0.5953 0.0079, 0.0 -0.6004 0.0079, -0.08 -0.6074 0.0173, 0.0 -0.6126 0.0173, -0.0812 -0.6167 0.0295, 0.0 -0.622 0.0295, -0.082 -0.6225 0.0438, 0.1517 -0.5662 0.002, 0.2243 -0.5415 0.002, 0.1554 -0.5799 0.0079, 0.2298 -0.5547 0.0079, 0.1586 -0.5917 0.0173, 0.2344 -0.566 0.0173, 0.161 -0.6008 0.0295, 0.238 -0.5747 0.0295, 0.1625 -0.6065 0.0438, 0.4145 -0.4145 0.002, 0.465 -0.3568 0.002, 0.4245 -0.4245 0.0079, 0.4763 -0.3655 0.0079, 0.4332 -0.4332 0.0173, 0.486 -0.3729 0.0173, 0.4398 -0.4398 0.0295, 0.4935 -0.3787 0.0295, 0.444 -0.444 0.0438, 0.6065 -0.1625 0.0438, 0.6225 -0.082 0.0438, 0.6279 0.0 0.0438, 0.6225 0.082 0.0438, 0.5076 0.2931 0.002, 0.465 0.3568 0.002, 0.52 0.3002 0.0079, 0.4763 0.3655 0.0079, 0.5305 0.3063 0.0173, 0.486 0.3729 0.0173, 0.5387 0.311 0.0295, 0.4935 0.3787 0.0295, 0.5438 0.314 0.0438, 0.2931 0.5076 0.002, 0.2243 0.5415 0.002, 0.3002 0.52 0.0079, 0.2298 0.5547 0.0079, 0.3063 0.5305 0.0173, 0.2344 0.566 0.0173, 0.311 0.5387 0.0295, 0.238 0.5747 0.0295, 0.314 0.5438 0.0438, 0.082 0.6225 0.0438, -0.0 0.622 0.0295, 0.0812 0.6167 0.0295, -0.0 0.6126 0.0173, 0.08 0.6074 0.0173, -0.0 0.6004 0.0079, 0.0784 0.5953 0.0079, 0.0765 0.5811 0.002, -0.1517 0.5662 0.002, -0.2243 0.5415 0.002, -0.1554 0.5799 0.0079, -0.2298 0.5547 0.0079, -0.1586 0.5917 0.0173, -0.2344 0.566 0.0173, -0.161 0.6008 0.0295, -0.238 0.5747 0.0295, -0.1625 0.6065 0.0438, -0.4145 0.4145 0.002, -0.465 0.3568 0.002, -0.4245 0.4245 0.0079, -0.4763 0.3655 0.0079, -0.4332 0.4332 0.0173, -0.486 0.3729 0.0173, -0.4398 0.4398 0.0295, -0.4935 0.3787 0.0295, -0.444 0.444 0.0438, -0.5415 0.2243 0.002, -0.5547 0.2298 0.0079, -0.5799 0.1554 0.0079, -0.566 0.2344 0.0173, -0.5917 0.1586 0.0173, -0.5747 0.238 0.0295, -0.6008 0.161 0.0295, -0.5801 0.2403 0.0438, -0.6245 0.0822 0.0591, -0.6279 0.0 0.0438, -0.6167 -0.0812 0.0295, -0.5917 -0.1586 0.0173, -0.5547 -0.2298 0.0079, -0.5076 -0.2931 0.002, -0.6179 -0.1155 0.0591, -0.6245 -0.0822 0.0591, -0.6299 -0.0 0.0591, -0.6085 -0.163 0.0591, -0.5866 -0.2273 0.0591, -0.582 -0.2411 0.0591, -0.5455 -0.315 0.0591, -0.5348 -0.3311 0.0591, -0.4454 -0.4454 0.0591, -0.444 -0.444 0.0438, -0.4398 -0.4398 0.0295, -0.4332 -0.4332 0.0173, -0.4245 -0.4245 0.0079, -0.4145 -0.4145 0.002, -0.3568 -0.465 0.002, -0.3655 -0.4763 0.0079, -0.3729 -0.486 0.0173, -0.3787 -0.4935 0.0295, -0.315 -0.5455 0.0591, -0.2802 -0.5627 0.0591, -0.163 -0.6085 0.0591, -0.1625 -0.6065 0.0438, -0.161 -0.6008 0.0295, -0.1586 -0.5917 0.0173, -0.1554 -0.5799 0.0079, -0.1517 -0.5662 0.002, -0.0822 -0.6245 0.0591, -0.058 -0.6261 0.0591, 0.0822 -0.6245 0.0591, 0.082 -0.6225 0.0438, 0.0812 -0.6167 0.0295, 0.08 -0.6074 0.0173, 0.0784 -0.5953 0.0079, 0.163 -0.6085 0.0591, 0.1722 -0.6053 0.0591, 0.311 -0.5387 0.0295, 0.3063 -0.5305 0.0173, 0.3002 -0.52 0.0079, 0.2931 -0.5076 0.002, 0.3835 -0.4998 0.0591, 0.3822 -0.4982 0.0438, 0.3787 -0.4935 0.0295, 0.3729 -0.486 0.0173, 0.3655 -0.4763 0.0079, 0.3568 -0.465 0.002, 0.4454 -0.4454 0.0591, 0.4646 -0.4236 0.0591, 0.5455 -0.315 0.0591, 0.5438 -0.314 0.0438, 0.5387 -0.311 0.0295, 0.5305 -0.3063 0.0173, 0.52 -0.3002 0.0079, 0.5076 -0.2931 0.002, 0.6085 -0.163 0.0591, 0.6179 -0.1155 0.0591, 0.6245 -0.0822 0.0591, 0.6299 0.0 0.0591, 0.6245 0.0822 0.0591, 0.6179 0.1155 0.0591, 0.582 0.2411 0.0591, 0.5801 0.2403 0.0438, 0.5747 0.238 0.0295, 0.566 0.2344 0.0173, 0.5547 0.2298 0.0079, 0.5415 0.2243 0.002, 0.5455 0.315 0.0591, 0.5348 0.3311 0.0591, 0.4454 0.4454 0.0591, 0.444 0.444 0.0438, 0.4398 0.4398 0.0295, 0.4332 0.4332 0.0173, 0.4245 0.4245 0.0079, 0.4145 0.4145 0.002, 0.3568 0.465 0.002, 0.3655 0.4763 0.0079, 0.3729 0.486 0.0173, 0.3787 0.4935 0.0295, 0.315 0.5455 0.0591, 0.2802 0.5627 0.0591, 0.163 0.6085 0.0591, 0.1625 0.6065 0.0438, 0.161 0.6008 0.0295, 0.1586 0.5917 0.0173, 0.1554 0.5799 0.0079, 0.1517 0.5662 0.002, 0.0822 0.6245 0.0591, 0.058 0.6261 0.0591, -0.0822 0.6245 0.0591, -0.082 0.6225 0.0438, -0.0812 0.6167 0.0295, -0.08 0.6074 0.0173, -0.0784 0.5953 0.0079, -0.0765 0.5811 0.002, -0.163 0.6085 0.0591, -0.1722 0.6053 0.0591, -0.311 0.5387 0.0295, -0.3063 0.5305 0.0173, -0.3002 0.52 0.0079, -0.2931 0.5076 0.002, -0.3835 0.4998 0.0591, -0.3822 0.4982 0.0438, -0.3787 0.4935 0.0295, -0.3729 0.486 0.0173, -0.3655 0.4763 0.0079, -0.3568 0.465 0.002, -0.4454 0.4454 0.0591, -0.4646 0.4236 0.0591, -0.5455 0.315 0.0591, -0.5438 0.314 0.0438, -0.5387 0.311 0.0295, -0.5305 0.3063 0.0173, -0.52 0.3002 0.0079, -0.5076 0.2931 0.002, -0.582 0.2411 0.0591, -0.5866 0.2273 0.0591, -0.5756 0.0835 0.001, -0.5249 -0.2706 2.7559, -0.5551 -0.3739 2.7559, -0.4642 -0.3651 2.7559, -0.507 -0.4369 2.7559, -0.3867 -0.4463 2.7559, 0.4274 -0.4075 2.7559, 0.532 -0.4061 2.7559, 0.4968 -0.3193 2.7559, 0.5763 -0.3404 2.7559, 0.5482 -0.2195 2.7559, 0.1392 -0.5739 2.7559, 0.2144 -0.634 2.7559, 0.2453 -0.5372 2.7559, 0.2878 -0.6042 2.7559, 0.3426 -0.481 2.7559, -0.084 -0.5845 2.7559, -0.0198 -0.669 2.7559, 0.0281 -0.5899 2.7559, 0.0594 -0.6666 2.7559, 0.1379 -0.6549 2.7559, -0.4518 -0.4938 2.7559, -0.3902 -0.5438 2.7559, -0.2953 -0.5114 2.7559, -0.3231 -0.5861 2.7559, -0.1932 -0.5581 2.7559, -0.5666 -0.1664 2.7559, -0.6274 -0.233 2.7559, -0.5954 -0.3056 2.7559, -0.5879 -0.0561 2.7559, -0.6646 -0.0792 2.7559, -0.6506 -0.1572 2.7559, 0.3573 -0.5659 2.7559, 0.4217 -0.5197 2.7559, 0.4802 -0.4662 2.7559, -0.2515 -0.6202 2.7559, -0.1764 -0.6456 2.7559, -0.0988 -0.662 2.7559, -0.5249 0.2706 2.7559, -0.4642 0.3651 2.7559, -0.5551 0.3739 2.7559, -0.5954 0.3056 2.7559, -0.6274 0.233 2.7559, -0.5666 0.1664 2.7559, -0.6506 0.1572 2.7559, -0.5879 0.0561 2.7559, -0.6646 0.0792 2.7559, -0.6693 -0.0 2.7559, -0.3867 0.4463 2.7559, -0.4518 0.4938 2.7559, -0.507 0.4369 2.7559, 0.5482 0.2195 2.7559, 0.5799 0.1118 2.7559, 0.6459 0.1753 2.7559, -0.084 0.5845 2.7559, -0.1764 0.6456 2.7559, -0.1932 0.5581 2.7559, -0.2515 0.6202 2.7559, -0.2953 0.5114 2.7559, -0.3231 0.5861 2.7559, -0.3902 0.5438 2.7559, 0.0281 0.5899 2.7559, -0.0198 0.669 2.7559, -0.0988 0.662 2.7559, 0.4274 0.4075 2.7559, 0.4968 0.3193 2.7559, 0.532 0.4061 2.7559, 0.2453 0.5372 2.7559, 0.2144 0.634 2.7559, 0.1392 0.5739 2.7559, 0.1379 0.6549 2.7559, 0.0594 0.6666 2.7559, 0.6125 -0.2698 2.7559, 0.6297 -0.2268 2.7559, 0.5799 -0.1118 2.7559, 0.6531 -0.1465 2.7559, 0.5906 -0.0 2.7559, 0.6681 -0.0393 2.7559, 0.6657 0.0689 2.7559, 0.4802 0.4662 2.7559, 0.4217 0.5197 2.7559, 0.3426 0.481 2.7559, 0.3573 0.5659 2.7559, 0.2878 0.6042 2.7559, 0.619 0.2545 2.7559, 0.6125 0.2698 2.7559, 0.5763 0.3404 2.7559, 0.7527 -0.2298 2.6421, 0.753 -0.23 2.6378, 0.7533 -0.2294 2.6378, 0.6538 -0.2292 2.7535, 0.6499 -0.2288 2.7539, 0.6306 -0.2778 2.7542, 0.6893 0.2628 2.7337, 0.6933 0.2631 2.7306, 0.6789 0.2991 2.731, 0.7114 0.3134 2.6854, 0.7309 0.2641 2.6853, 0.7323 0.2641 2.6828, 0.7405 0.2624 2.6576, 0.7191 0.3167 2.6576, 0.7403 0.2625 2.6591, 0.7392 0.2628 2.6624, 0.7184 0.2643 2.7058, 0.7209 0.2644 2.7028, 0.7306 0.2642 2.6859, 0.7147 0.2642 2.71, 0.6978 0.3074 2.7104, 0.7052 0.2638 2.7212, 0.7039 0.2638 2.7222, 0.6392 0.2573 2.754, 0.6395 0.2573 2.754, 0.6306 0.2778 2.7542, 0.6418 0.2576 2.7538, 0.6639 0.2604 2.7475, 0.6668 0.2607 2.746, 0.6561 0.289 2.7459, 0.6676 0.2608 2.7456, 0.6865 0.2627 2.7359, 0.5933 0.3504 2.7542, 0.5477 0.4181 2.7542, 0.4944 0.48 2.7542, 0.4342 0.5351 2.7542, 0.3678 0.5827 2.7542, 0.2963 0.6221 2.7542, 0.2207 0.6528 2.7542, 0.1419 0.6743 2.7542, 0.0612 0.6864 2.7542, -0.0204 0.6888 2.7542, -0.1017 0.6815 2.7542, -0.1816 0.6647 2.7542, -0.259 0.6386 2.7542, -0.3327 0.6034 2.7542, -0.4017 0.5599 2.7542, -0.4651 0.5084 2.7542, -0.522 0.4498 2.7542, -0.5715 0.385 2.7542, -0.613 0.3147 2.7542, -0.646 0.2399 2.7542, -0.6698 0.1619 2.7542, -0.6842 0.0815 2.7542, -0.6891 0.0 2.7542, -0.6842 -0.0815 2.7542, -0.6698 -0.1619 2.7542, -0.646 -0.2399 2.7542, -0.613 -0.3147 2.7542, -0.5715 -0.385 2.7542, -0.522 -0.4498 2.7542, -0.4651 -0.5084 2.7542, -0.4017 -0.5599 2.7542, -0.3327 -0.6034 2.7542, -0.259 -0.6386 2.7542, -0.1816 -0.6647 2.7542, -0.1017 -0.6815 2.7542, -0.0204 -0.6888 2.7542, 0.0612 -0.6864 2.7542, 0.1419 -0.6743 2.7542, 0.2207 -0.6528 2.7542, 0.2963 -0.6221 2.7542, 0.3678 -0.5827 2.7542, 0.4342 -0.5351 2.7542, 0.4944 -0.48 2.7542, 0.5477 -0.4181 2.7542, 0.5933 -0.3504 2.7542, 0.6988 -0.2327 2.7349, 0.6786 -0.2314 2.7459, 0.6561 -0.289 2.7459, 0.6646 -0.2302 2.7502, 0.7153 -0.2333 2.7217, 0.7041 -0.2329 2.7307, 0.6789 -0.2991 2.731, 0.7037 -0.2329 2.731, 0.7311 -0.2335 2.7034, 0.7254 -0.2334 2.71, 0.6978 -0.3074 2.7104, 0.7251 -0.2334 2.7104, 0.7435 -0.2331 2.681, 0.7412 -0.2332 2.6852, 0.7114 -0.3134 2.6854, 0.7407 -0.2332 2.6862, 0.7397 -0.2332 2.6879, 0.7377 -0.2333 2.6914, 0.734 -0.2334 2.6983, 0.7191 -0.3167 2.6576, 0.7506 -0.2316 2.6576, 0.7503 -0.2319 2.6599, 0.7495 -0.232 2.6623, 0.7445 -0.2329 2.678, 0.7436 -0.2553 2.6378, 0.7206 -0.3174 2.6378, 0.6914 -0.3742 2.6378, 0.6766 -0.3996 2.6576, 0.678 -0.4004 2.6378, 0.6245 -0.4768 2.6576, 0.6259 -0.4778 2.6378, 0.6211 -0.4834 2.6378, 0.5638 -0.5473 2.6576, 0.565 -0.5485 2.6378, 0.3159 -0.7201 2.6378, 0.3386 -0.7109 2.6378, 0.3379 -0.7094 2.6576, 0.4203 -0.6658 2.6378, 0.4194 -0.6644 2.6576, 0.4303 -0.6587 2.6378, 0.4951 -0.6101 2.6576, 0.4961 -0.6114 2.6378, 0.5324 -0.5783 2.6378, 0.2522 -0.7459 2.6378, 0.2516 -0.7443 2.6576, 0.193 -0.7621 2.6378, 0.1618 -0.7689 2.6576, 0.1622 -0.7705 2.6378, 0.0698 -0.7826 2.6576, 0.0699 -0.7843 2.6378, 0.065 -0.7844 2.6378, -0.0233 -0.7854 2.6576, -0.0233 -0.7871 2.6378, -0.3159 -0.7202 2.6378, -0.2959 -0.7297 2.6378, -0.2953 -0.7281 2.6576, -0.2075 -0.7596 2.6378, -0.2071 -0.7579 2.6576, -0.1931 -0.7626 2.6378, -0.116 -0.7771 2.6576, -0.1163 -0.7788 2.6378, -0.0649 -0.7833 2.6378, -0.3802 -0.6896 2.6378, -0.3793 -0.6881 2.6576, -0.43 -0.6581 2.6378, -0.4581 -0.6384 2.6576, -0.459 -0.6398 2.6378, -0.5304 -0.5797 2.6576, -0.5315 -0.581 2.6378, -0.5332 -0.5792 2.6378, -0.5952 -0.5129 2.6576, -0.5965 -0.514 2.6378, -0.7439 -0.2554 2.6378, -0.7381 -0.2742 2.6378, -0.7366 -0.2736 2.6576, -0.7005 -0.3596 2.6378, -0.699 -0.3588 2.6576, -0.6918 -0.3743 2.6378, -0.6517 -0.4389 2.6576, -0.6531 -0.4399 2.6378, -0.6203 -0.4828 2.6378, -0.7654 -0.1849 2.6378, -0.7638 -0.1846 2.6576, -0.7754 -0.1294 2.6378, -0.7802 -0.0929 2.6576, -0.7819 -0.0931 2.6378, -0.7857 0.0 2.6576, -0.7874 0.0 2.6378, -0.7802 0.0929 2.6576, -0.7819 0.0931 2.6378, -0.6918 0.3743 2.6378, -0.7005 0.3596 2.6378, -0.699 0.3588 2.6576, -0.7381 0.2742 2.6378, -0.7366 0.2736 2.6576, -0.7439 0.2554 2.6378, -0.7638 0.1846 2.6576, -0.7654 0.1849 2.6378, -0.7754 0.1294 2.6378, -0.6531 0.4399 2.6378, -0.6517 0.4389 2.6576, -0.6203 0.4828 2.6378, -0.5952 0.5129 2.6576, -0.5965 0.514 2.6378, -0.5332 0.5792 2.6378, -0.5304 0.5797 2.6576, -0.5315 0.581 2.6378, -0.4581 0.6384 2.6576, -0.459 0.6398 2.6378, -0.1931 0.7626 2.6378, -0.2075 0.7596 2.6378, -0.2071 0.7579 2.6576, -0.2959 0.7297 2.6378, -0.2953 0.7281 2.6576, -0.3159 0.7202 2.6378, -0.3793 0.6881 2.6576, -0.3802 0.6896 2.6378, -0.43 0.6581 2.6378, -0.1163 0.7788 2.6378, -0.116 0.7771 2.6576, -0.0649 0.7833 2.6378, -0.0233 0.7854 2.6576, -0.0233 0.7871 2.6378, 0.065 0.7844 2.6378, 0.0698 0.7826 2.6576, 0.0699 0.7843 2.6378, 0.1618 0.7689 2.6576, 0.1622 0.7705 2.6378, 0.4303 0.6587 2.6378, 0.4203 0.6658 2.6378, 0.4194 0.6644 2.6576, 0.3386 0.7109 2.6378, 0.3379 0.7094 2.6576, 0.3159 0.7201 2.6378, 0.2516 0.7443 2.6576, 0.2522 0.7459 2.6378, 0.193 0.7621 2.6378, 0.4961 0.6114 2.6378, 0.4951 0.6101 2.6576, 0.5324 0.5783 2.6378, 0.5638 0.5473 2.6576, 0.565 0.5485 2.6378, 0.6211 0.4834 2.6378, 0.6245 0.4768 2.6576, 0.6259 0.4778 2.6378, 0.6766 0.3996 2.6576, 0.678 0.4004 2.6378, 0.7432 0.26 2.6378, 0.7206 0.3174 2.6378, 0.6914 0.3742 2.6378, 0.6693 -0.3953 2.6854, 0.6179 -0.4717 2.6854, 0.5578 -0.5415 2.6854, 0.4898 -0.6036 2.6854, 0.415 -0.6573 2.6854, 0.3343 -0.7018 2.6854, 0.249 -0.7364 2.6854, 0.1601 -0.7607 2.6854, 0.069 -0.7743 2.6854, -0.023 -0.777 2.6854, -0.1148 -0.7688 2.6854, -0.2049 -0.7499 2.6854, -0.2922 -0.7204 2.6854, -0.3753 -0.6808 2.6854, -0.4532 -0.6316 2.6854, -0.5247 -0.5736 2.6854, -0.5889 -0.5075 2.6854, -0.6448 -0.4343 2.6854, -0.6916 -0.355 2.6854, -0.7287 -0.2707 2.6854, -0.7556 -0.1826 2.6854, -0.7719 -0.0919 2.6854, -0.7774 0.0 2.6854, -0.7719 0.0919 2.6854, -0.7556 0.1826 2.6854, -0.7287 0.2707 2.6854, -0.6916 0.355 2.6854, -0.6448 0.4343 2.6854, -0.5889 0.5075 2.6854, -0.5247 0.5736 2.6854, -0.4532 0.6316 2.6854, -0.3753 0.6808 2.6854, -0.2922 0.7204 2.6854, -0.2049 0.7499 2.6854, -0.1148 0.7688 2.6854, -0.023 0.777 2.6854, 0.069 0.7743 2.6854, 0.1601 0.7607 2.6854, 0.249 0.7364 2.6854, 0.3343 0.7018 2.6854, 0.415 0.6573 2.6854, 0.4898 0.6036 2.6854, 0.5578 0.5415 2.6854, 0.6179 0.4717 2.6854, 0.6693 0.3953 2.6854, 0.6565 -0.3877 2.7104, 0.606 -0.4627 2.7104, 0.5471 -0.5311 2.7104, 0.4804 -0.5921 2.7104, 0.407 -0.6447 2.7104, 0.3279 -0.6883 2.7104, 0.2442 -0.7223 2.7104, 0.157 -0.7461 2.7104, 0.0677 -0.7594 2.7104, -0.0226 -0.7621 2.7104, -0.1126 -0.7541 2.7104, -0.201 -0.7355 2.7104, -0.2866 -0.7066 2.7104, -0.3681 -0.6677 2.7104, -0.4445 -0.6195 2.7104, -0.5146 -0.5626 2.7104, -0.5776 -0.4977 2.7104, -0.6324 -0.4259 2.7104, -0.6783 -0.3482 2.7104, -0.7147 -0.2655 2.7104, -0.7411 -0.1791 2.7104, -0.7571 -0.0902 2.7104, -0.7625 0.0 2.7104, -0.7571 0.0902 2.7104, -0.7411 0.1791 2.7104, -0.7147 0.2655 2.7104, -0.6783 0.3482 2.7104, -0.6324 0.4259 2.7104, -0.5776 0.4977 2.7104, -0.5146 0.5626 2.7104, -0.4445 0.6195 2.7104, -0.3681 0.6677 2.7104, -0.2866 0.7066 2.7104, -0.201 0.7355 2.7104, -0.1126 0.7541 2.7104, -0.0226 0.7621 2.7104, 0.0677 0.7594 2.7104, 0.157 0.7461 2.7104, 0.2442 0.7223 2.7104, 0.3279 0.6883 2.7104, 0.407 0.6447 2.7104, 0.4804 0.5921 2.7104, 0.5471 0.5311 2.7104, 0.606 0.4627 2.7104, 0.6565 0.3877 2.7104, 0.6388 -0.3773 2.731, 0.5897 -0.4502 2.731, 0.5323 -0.5168 2.731, 0.4675 -0.5761 2.731, 0.396 -0.6273 2.731, 0.3191 -0.6698 2.731, 0.2376 -0.7028 2.731, 0.1528 -0.726 2.731, 0.0659 -0.739 2.731, -0.022 -0.7416 2.731, -0.1095 -0.7338 2.731, -0.1956 -0.7157 2.731, -0.2788 -0.6875 2.731, -0.3582 -0.6497 2.731, -0.4325 -0.6028 2.731, -0.5008 -0.5474 2.731, -0.562 -0.4843 2.731, -0.6153 -0.4145 2.731, -0.66 -0.3388 2.731, -0.6955 -0.2583 2.731, -0.7211 -0.1743 2.731, -0.7367 -0.0877 2.731, -0.7419 0.0 2.731, -0.7367 0.0877 2.731, -0.7211 0.1743 2.731, -0.6955 0.2583 2.731, -0.66 0.3388 2.731, -0.6153 0.4145 2.731, -0.562 0.4843 2.731, -0.5008 0.5474 2.731, -0.4325 0.6028 2.731, -0.3582 0.6497 2.731, -0.2788 0.6875 2.731, -0.1956 0.7157 2.731, -0.1095 0.7338 2.731, -0.022 0.7416 2.731, 0.0659 0.739 2.731, 0.1528 0.726 2.731, 0.2376 0.7028 2.731, 0.3191 0.6698 2.731, 0.396 0.6273 2.731, 0.4675 0.5761 2.731, 0.5323 0.5168 2.731, 0.5897 0.4502 2.731, 0.6388 0.3773 2.731, 0.6173 -0.3646 2.7459, 0.5699 -0.435 2.7459, 0.5144 -0.4994 2.7459, 0.4517 -0.5567 2.7459, 0.3827 -0.6062 2.7459, 0.3083 -0.6472 2.7459, 0.2296 -0.6792 2.7459, 0.1477 -0.7016 2.7459, 0.0637 -0.7141 2.7459, -0.0212 -0.7166 2.7459, -0.1059 -0.7091 2.7459, -0.189 -0.6916 2.7459, -0.2694 -0.6644 2.7459, -0.3461 -0.6278 2.7459, -0.418 -0.5825 2.7459, -0.4839 -0.529 2.7459, -0.5431 -0.468 2.7459, -0.5946 -0.4005 2.7459, -0.6378 -0.3274 2.7459, -0.6721 -0.2496 2.7459, -0.6969 -0.1684 2.7459, -0.7119 -0.0848 2.7459, -0.7169 0.0 2.7459, -0.7119 0.0848 2.7459, -0.6969 0.1684 2.7459, -0.6721 0.2496 2.7459, -0.6378 0.3274 2.7459, -0.5946 0.4005 2.7459, -0.5431 0.468 2.7459, -0.4839 0.529 2.7459, -0.418 0.5825 2.7459, -0.3461 0.6278 2.7459, -0.2694 0.6644 2.7459, -0.189 0.6916 2.7459, -0.1059 0.7091 2.7459, -0.0212 0.7166 2.7459, 0.0637 0.7141 2.7459, 0.1477 0.7016 2.7459, 0.2296 0.6792 2.7459, 0.3083 0.6472 2.7459, 0.3827 0.6062 2.7459, 0.4517 0.5567 2.7459, 0.5144 0.4994 2.7459, 0.5699 0.435 2.7459, 0.6173 0.3646 2.7459, 0.7488 0.2434 2.3995, 0.7485 0.2445 2.4354, 0.7486 0.244 2.4256, 0.7492 0.2424 2.3637, 0.7503 0.2389 2.2311, 0.7514 0.2353 1.9586, 0.7443 0.2555 0.689, 0.7521 0.233 1.1762, 0.7526 0.2315 1.3617, 0.7526 0.2316 1.4338, 0.7524 0.2321 1.7232, 0.7518 0.234 1.0432, 0.7511 0.2365 0.9362, 0.7509 0.237 0.911, 0.7504 0.2386 0.8427, 0.7487 0.2437 0.7398, 0.7479 0.2463 0.689, 0.7473 0.248 2.5135, 0.7473 0.2482 2.5153, 0.7447 0.2557 2.5924, 0.7206 0.3174 0.689, 0.7527 -0.2311 1.3325, 0.7528 -0.231 1.3601, 0.7441 -0.2554 0.689, 0.7496 -0.241 0.689, 0.7517 -0.2344 0.8873, 0.7518 -0.2341 0.8972, 0.7526 -0.2316 1.2508, 0.753 -0.2303 1.4701, 0.7533 -0.2291 1.6741, 0.7554 -0.2223 2.0679, 0.7554 -0.2222 2.0772, 0.7558 -0.221 2.1455, 0.7562 -0.2195 2.252, 0.7566 -0.218 2.3557, 0.7565 -0.2183 2.4037, 0.7564 -0.2188 2.4846, 0.7558 -0.2208 2.5163, 0.7546 -0.2248 2.5771, 0.755 -0.2236 2.5604, 0.6914 0.3742 0.689, 0.678 0.4004 0.689, 0.6259 0.4778 0.689, 0.6211 0.4834 0.689, 0.565 0.5485 0.689, 0.5324 0.5783 0.689, 0.4961 0.6114 0.689, 0.4303 0.6587 0.689, 0.4203 0.6658 0.689, 0.3386 0.7109 0.689, 0.3159 0.7201 0.689, 0.2522 0.7459 0.689, 0.193 0.7621 0.689, 0.1622 0.7705 0.689, 0.0699 0.7843 0.689, 0.065 0.7844 0.689, -0.0233 0.7871 0.689, -0.0649 0.7833 0.689, -0.1163 0.7788 0.689, -0.1931 0.7626 0.689, -0.2075 0.7596 0.689, -0.2959 0.7297 0.689, -0.3159 0.7202 0.689, -0.3802 0.6896 0.689, -0.43 0.6581 0.689, -0.459 0.6398 0.689, -0.5315 0.581 0.689, -0.5332 0.5792 0.689, -0.5965 0.514 0.689, -0.6203 0.4828 0.689, -0.6531 0.4399 0.689, -0.6918 0.3743 0.689, -0.7005 0.3596 0.689, -0.7381 0.2742 0.689, -0.7439 0.2554 0.689, -0.7654 0.1849 0.689, -0.7754 0.1294 0.689, -0.7819 0.0931 0.689, -0.7874 0.0 0.689, -0.7819 -0.0931 0.689, -0.7754 -0.1294 0.689, -0.7654 -0.1849 0.689, -0.7439 -0.2554 0.689, -0.7381 -0.2742 0.689, -0.7005 -0.3596 0.689, -0.6918 -0.3743 0.689, -0.6531 -0.4399 0.689, -0.6203 -0.4828 0.689, -0.5965 -0.514 0.689, -0.5332 -0.5792 0.689, -0.5315 -0.581 0.689, -0.459 -0.6398 0.689, -0.43 -0.6581 0.689, -0.3802 -0.6896 0.689, -0.3159 -0.7202 0.689, -0.2959 -0.7297 0.689, -0.2075 -0.7596 0.689, -0.1931 -0.7626 0.689, -0.1163 -0.7788 0.689, -0.0649 -0.7833 0.689, -0.0233 -0.7871 0.689, 0.065 -0.7844 0.689, 0.0699 -0.7843 0.689, 0.1622 -0.7705 0.689, 0.193 -0.7621 0.689, 0.2522 -0.7459 0.689, 0.3159 -0.7201 0.689, 0.3386 -0.7109 0.689, 0.4203 -0.6658 0.689, 0.4303 -0.6587 0.689, 0.4961 -0.6114 0.689, 0.5324 -0.5783 0.689, 0.565 -0.5485 0.689, 0.6211 -0.4834 0.689, 0.6259 -0.4778 0.689, 0.678 -0.4004 0.689, 0.6914 -0.3742 0.689, 0.7206 -0.3174 0.689, 0.7196 -0.317 0.6758, 0.746 0.247 0.6758, 0.6776 0.2985 0.6169, 0.7002 0.2389 0.6167, 0.6827 0.2345 0.6113, 0.7169 0.2428 0.627, 0.7159 0.2426 0.626, 0.6928 0.3052 0.6269, 0.7005 0.239 0.6169, 0.7304 0.2455 0.6407, 0.7294 0.2454 0.6391, 0.7054 0.3107 0.6406, 0.7238 0.2442 0.6337, 0.7407 0.247 0.6584, 0.7403 0.247 0.6573, 0.7145 0.3147 0.6572, 0.739 0.2469 0.654, 0.7196 0.317 0.6758, 0.7451 0.2473 0.6701, 0.677 0.3999 0.6758, 0.625 0.4771 0.6758, 0.5642 0.5477 0.6758, 0.4954 0.6106 0.6758, 0.4197 0.6649 0.6758, 0.3382 0.7099 0.6758, 0.0698 0.7832 0.6758, 0.162 0.7694 0.6758, 0.2518 0.7449 0.6758, -0.0233 0.7859 0.6758, -0.1161 0.7777 0.6758, -0.2955 0.7286 0.6758, -0.2073 0.7585 0.6758, -0.3796 0.6886 0.6758, -0.4584 0.6388 0.6758, -0.5307 0.5802 0.6758, -0.5956 0.5133 0.6758, -0.7371 0.2738 0.6758, -0.6995 0.359 0.6758, -0.6522 0.4393 0.6758, -0.7643 0.1847 0.6758, -0.7808 0.093 0.6758, -0.7863 0.0 0.6758, -0.7808 -0.093 0.6758, -0.6995 -0.359 0.6758, -0.7371 -0.2738 0.6758, -0.7643 -0.1847 0.6758, -0.6522 -0.4393 0.6758, -0.5956 -0.5133 0.6758, -0.5307 -0.5802 0.6758, -0.4584 -0.6388 0.6758, -0.2073 -0.7585 0.6758, -0.2955 -0.7286 0.6758, -0.3796 -0.6886 0.6758, -0.1161 -0.7777 0.6758, -0.0233 -0.7859 0.6758, 0.0698 -0.7832 0.6758, 0.162 -0.7694 0.6758, 0.4197 -0.6649 0.6758, 0.3382 -0.7099 0.6758, 0.2518 -0.7449 0.6758, 0.4954 -0.6106 0.6758, 0.5642 -0.5477 0.6758, 0.625 -0.4771 0.6758, 0.677 -0.3999 0.6758, 0.7456 -0.241 0.6647, 0.7468 -0.2411 0.6702, 0.748 -0.2411 0.6759, 0.7492 -0.2412 0.6814, 0.7372 -0.2395 0.6467, 0.7409 -0.2402 0.6546, 0.7145 -0.3147 0.6572, 0.7422 -0.2404 0.6575, 0.7249 -0.2368 0.6317, 0.7251 -0.2369 0.6318, 0.7054 -0.3107 0.6406, 0.7325 -0.2385 0.6409, 0.7092 -0.2331 0.62, 0.7191 -0.2355 0.6273, 0.6928 -0.3052 0.6269, 0.6911 -0.2288 0.6127, 0.6981 -0.2305 0.6155, 0.6776 -0.2985 0.6169, 0.703 -0.2316 0.6175, 0.6606 -0.291 0.6113, 0.6851 -0.2273 0.6119, 0.6485 -0.2857 0.6102, 0.6723 -0.2241 0.6102, 0.6215 -0.3671 0.6113, 0.6102 -0.3604 0.6102, 0.5738 -0.438 0.6113, 0.5633 -0.43 0.6102, 0.5179 -0.5028 0.6113, 0.5085 -0.4936 0.6102, 0.4548 -0.5605 0.6113, 0.4465 -0.5503 0.6102, 0.3853 -0.6104 0.6113, 0.3783 -0.5992 0.6102, 0.3104 -0.6517 0.6113, 0.3048 -0.6398 0.6102, 0.2312 -0.6838 0.6113, 0.227 -0.6713 0.6102, 0.1487 -0.7064 0.6113, 0.146 -0.6935 0.6102, 0.0641 -0.719 0.6113, 0.0629 -0.7059 0.6102, -0.0214 -0.7215 0.6113, -0.021 -0.7084 0.6102, -0.1066 -0.7139 0.6113, -0.1046 -0.7009 0.6102, -0.1903 -0.6963 0.6113, -0.1868 -0.6836 0.6102, -0.2713 -0.6689 0.6113, -0.2663 -0.6567 0.6102, -0.3485 -0.6321 0.6113, -0.3421 -0.6206 0.6102, -0.4208 -0.5865 0.6113, -0.4131 -0.5758 0.6102, -0.4872 -0.5326 0.6113, -0.4783 -0.5229 0.6102, -0.5468 -0.4712 0.6113, -0.5368 -0.4626 0.6102, -0.5987 -0.4033 0.6113, -0.5878 -0.3959 0.6102, -0.6422 -0.3296 0.6113, -0.6305 -0.3236 0.6102, -0.6767 -0.2513 0.6113, -0.6643 -0.2468 0.6102, -0.7017 -0.1696 0.6113, -0.6888 -0.1665 0.6102, -0.7168 -0.0854 0.6113, -0.7037 -0.0838 0.6102, -0.7219 0.0 0.6113, -0.7087 0.0 0.6102, -0.7168 0.0854 0.6113, -0.7037 0.0838 0.6102, -0.7017 0.1696 0.6113, -0.6888 0.1665 0.6102, -0.6767 0.2513 0.6113, -0.6643 0.2468 0.6102, -0.6422 0.3296 0.6113, -0.6305 0.3236 0.6102, -0.5987 0.4033 0.6113, -0.5878 0.3959 0.6102, -0.5468 0.4712 0.6113, -0.5368 0.4626 0.6102, -0.4872 0.5326 0.6113, -0.4783 0.5229 0.6102, -0.4208 0.5865 0.6113, -0.4131 0.5758 0.6102, -0.3485 0.6321 0.6113, -0.3421 0.6206 0.6102, -0.2713 0.6689 0.6113, -0.2663 0.6567 0.6102, -0.1903 0.6963 0.6113, -0.1868 0.6836 0.6102, -0.1066 0.7139 0.6113, -0.1046 0.7009 0.6102, -0.0214 0.7215 0.6113, -0.021 0.7084 0.6102, 0.0641 0.719 0.6113, 0.0629 0.7059 0.6102, 0.1487 0.7064 0.6113, 0.146 0.6935 0.6102, 0.2312 0.6838 0.6113, 0.227 0.6713 0.6102, 0.3104 0.6517 0.6113, 0.3048 0.6398 0.6102, 0.3853 0.6104 0.6113, 0.3783 0.5992 0.6102, 0.4548 0.5605 0.6113, 0.4465 0.5503 0.6102, 0.5179 0.5028 0.6113, 0.5085 0.4936 0.6102, 0.5738 0.438 0.6113, 0.5633 0.43 0.6102, 0.6215 0.3671 0.6113, 0.6102 0.3604 0.6102, 0.6606 0.291 0.6113, 0.6485 0.2857 0.6102, 0.6375 -0.3765 0.6169, 0.5885 -0.4493 0.6169, 0.5313 -0.5157 0.6169, 0.4665 -0.575 0.6169, 0.3953 -0.6261 0.6169, 0.3184 -0.6684 0.6169, 0.2371 -0.7014 0.6169, 0.1525 -0.7245 0.6169, 0.0657 -0.7375 0.6169, -0.0219 -0.7401 0.6169, -0.1093 -0.7323 0.6169, -0.1952 -0.7142 0.6169, -0.2783 -0.6861 0.6169, -0.3575 -0.6484 0.6169, -0.4316 -0.6016 0.6169, -0.4998 -0.5463 0.6169, -0.5609 -0.4834 0.6169, -0.6141 -0.4136 0.6169, -0.6587 -0.3381 0.6169, -0.6941 -0.2578 0.6169, -0.7197 -0.1739 0.6169, -0.7352 -0.0876 0.6169, -0.7404 0.0 0.6169, -0.7352 0.0876 0.6169, -0.7197 0.1739 0.6169, -0.6941 0.2578 0.6169, -0.6587 0.3381 0.6169, -0.6141 0.4136 0.6169, -0.5609 0.4834 0.6169, -0.4998 0.5463 0.6169, -0.4316 0.6016 0.6169, -0.3575 0.6484 0.6169, -0.2783 0.6861 0.6169, -0.1952 0.7142 0.6169, -0.1093 0.7323 0.6169, -0.0219 0.7401 0.6169, 0.0657 0.7375 0.6169, 0.1525 0.7245 0.6169, 0.2371 0.7014 0.6169, 0.3184 0.6684 0.6169, 0.3953 0.6261 0.6169, 0.4665 0.575 0.6169, 0.5313 0.5157 0.6169, 0.5885 0.4493 0.6169, 0.6375 0.3765 0.6169, 0.6827 0.2345 0.6113, 0.6699 0.2312 0.6102, 0.6519 -0.385 0.6269, 0.6018 -0.4594 0.6269, 0.5432 -0.5273 0.6269, 0.477 -0.5879 0.6269, 0.4041 -0.6402 0.6269, 0.3256 -0.6835 0.6269, 0.2425 -0.7172 0.6269, 0.1559 -0.7408 0.6269, 0.0672 -0.7541 0.6269, -0.0224 -0.7567 0.6269, -0.1118 -0.7488 0.6269, -0.1996 -0.7303 0.6269, -0.2845 -0.7016 0.6269, -0.3655 -0.663 0.6269, -0.4414 -0.6151 0.6269, -0.511 -0.5586 0.6269, -0.5735 -0.4942 0.6269, -0.6279 -0.4229 0.6269, -0.6735 -0.3457 0.6269, -0.7097 -0.2636 0.6269, -0.7359 -0.1778 0.6269, -0.7517 -0.0895 0.6269, -0.7571 0.0 0.6269, -0.7517 0.0895 0.6269, -0.7359 0.1778 0.6269, -0.7097 0.2636 0.6269, -0.6735 0.3457 0.6269, -0.6279 0.4229 0.6269, -0.5735 0.4942 0.6269, -0.511 0.5586 0.6269, -0.4414 0.6151 0.6269, -0.3655 0.663 0.6269, -0.2845 0.7016 0.6269, -0.1996 0.7303 0.6269, -0.1118 0.7488 0.6269, -0.0224 0.7567 0.6269, 0.0672 0.7541 0.6269, 0.1559 0.7408 0.6269, 0.2425 0.7172 0.6269, 0.3256 0.6835 0.6269, 0.4041 0.6402 0.6269, 0.477 0.5879 0.6269, 0.5432 0.5273 0.6269, 0.6018 0.4594 0.6269, 0.6519 0.385 0.6269, 0.6637 -0.392 0.6406, 0.6126 -0.4677 0.6406, 0.553 -0.5369 0.6406, 0.4857 -0.5985 0.6406, 0.4115 -0.6518 0.6406, 0.3315 -0.6958 0.6406, 0.2469 -0.7302 0.6406, 0.1588 -0.7542 0.6406, 0.0684 -0.7677 0.6406, -0.0228 -0.7704 0.6406, -0.1138 -0.7623 0.6406, -0.2032 -0.7435 0.6406, -0.2897 -0.7143 0.6406, -0.3721 -0.675 0.6406, -0.4493 -0.6262 0.6406, -0.5203 -0.5687 0.6406, -0.5839 -0.5032 0.6406, -0.6393 -0.4306 0.6406, -0.6857 -0.352 0.6406, -0.7225 -0.2684 0.6406, -0.7492 -0.181 0.6406, -0.7654 -0.0912 0.6406, -0.7708 0.0 0.6406, -0.7654 0.0912 0.6406, -0.7492 0.181 0.6406, -0.7225 0.2684 0.6406, -0.6857 0.352 0.6406, -0.6393 0.4306 0.6406, -0.5839 0.5032 0.6406, -0.5203 0.5687 0.6406, -0.4493 0.6262 0.6406, -0.3721 0.675 0.6406, -0.2897 0.7143 0.6406, -0.2032 0.7435 0.6406, -0.1138 0.7623 0.6406, -0.0228 0.7704 0.6406, 0.0684 0.7677 0.6406, 0.1588 0.7542 0.6406, 0.2469 0.7302 0.6406, 0.3315 0.6958 0.6406, 0.4115 0.6518 0.6406, 0.4857 0.5985 0.6406, 0.553 0.5369 0.6406, 0.6126 0.4677 0.6406, 0.6637 0.392 0.6406, 0.6722 -0.397 0.6572, 0.6206 -0.4737 0.6572, 0.5602 -0.5438 0.6572, 0.4919 -0.6062 0.6572, 0.4168 -0.6602 0.6572, 0.3358 -0.7048 0.6572, 0.25 -0.7396 0.6572, 0.1608 -0.764 0.6572, 0.0693 -0.7776 0.6572, -0.0231 -0.7804 0.6572, -0.1153 -0.7722 0.6572, -0.2058 -0.7531 0.6572, -0.2934 -0.7235 0.6572, -0.3769 -0.6837 0.6572, -0.4551 -0.6343 0.6572, -0.527 -0.576 0.6572, -0.5914 -0.5097 0.6572, -0.6475 -0.4361 0.6572, -0.6946 -0.3565 0.6572, -0.7319 -0.2718 0.6572, -0.7589 -0.1834 0.6572, -0.7752 -0.0923 0.6572, -0.7807 0.0 0.6572, -0.7752 0.0923 0.6572, -0.7589 0.1834 0.6572, -0.7319 0.2718 0.6572, -0.6946 0.3565 0.6572, -0.6475 0.4361 0.6572, -0.5914 0.5097 0.6572, -0.527 0.576 0.6572, -0.4551 0.6343 0.6572, -0.3769 0.6837 0.6572, -0.2934 0.7235 0.6572, -0.2058 0.7531 0.6572, -0.1153 0.7722 0.6572, -0.0231 0.7804 0.6572, 0.0693 0.7776 0.6572, 0.1608 0.764 0.6572, 0.25 0.7396 0.6572, 0.3358 0.7048 0.6572, 0.4168 0.6602 0.6572, 0.4919 0.6062 0.6572, 0.5602 0.5438 0.6572, 0.6206 0.4737 0.6572, 0.6722 0.397 0.6572, 0.6492 0.2244 0.6102, 0.6316 0.2216 0.6102, 0.6223 0.2463 0.6102, -0.1568 0.6507 0.6102, -0.2701 0.6124 0.6102, -0.667 0.0552 0.6102, -0.6466 0.173 0.6102, -0.6055 0.2852 0.6102, 0.3083 0.5941 0.6102, 0.409 0.5297 0.6102, 0.4967 0.4485 0.6102, -0.4673 0.4791 0.6102, -0.3747 0.5546 0.6102, 0.0899 -0.6632 0.6102, -0.0295 -0.6686 0.6102, -0.148 -0.6527 0.6102, 0.5686 0.353 0.6102, -0.5451 0.3884 0.6102, -0.6441 -0.1817 0.6102, -0.6662 -0.0643 0.6102, -0.3671 -0.5596 0.6102, -0.4608 -0.4854 0.6102, -0.5398 -0.3957 0.6102, 0.0809 0.6644 0.6102, 0.1977 0.6394 0.6102, -0.0386 0.6682 0.6102, -0.6015 -0.2934 0.6102, -0.2617 -0.616 0.6102, 0.5028 -0.4418 0.6102, 0.4162 -0.5241 0.6102, 0.3163 -0.5898 0.6102, 0.6256 -0.2378 0.6102, 0.6341 -0.2141 0.6102, 0.6512 -0.219 0.6102, 0.2064 -0.6367 0.6102, 0.5733 -0.3453 0.6102, 0.6301 0.2257 0.4714, 0.63 0.2259 0.4134, 0.6223 0.2463 0.4134, 0.6304 0.2248 0.5119, 0.6301 0.2256 0.489, 0.6256 -0.2378 0.4134, 0.6345 -0.213 0.4134, 0.6339 -0.2147 0.5119, 0.6338 -0.2151 0.5376, 0.6338 -0.2149 0.5543, 0.5733 -0.3453 0.4134, 0.5028 -0.4418 0.4134, 0.4162 -0.5241 0.4134, 0.3163 -0.5898 0.4134, 0.2064 -0.6367 0.4134, 0.0899 -0.6632 0.4134, -0.0295 -0.6686 0.4134, -0.148 -0.6527 0.4134, -0.2617 -0.616 0.4134, -0.3671 -0.5596 0.4134, -0.4608 -0.4854 0.4134, -0.5398 -0.3957 0.4134, -0.6015 -0.2934 0.4134, -0.6441 -0.1817 0.4134, -0.6662 -0.0643 0.4134, -0.667 0.0552 0.4134, -0.6466 0.173 0.4134, -0.6055 0.2852 0.4134, -0.5451 0.3884 0.4134, -0.4673 0.4791 0.4134, -0.3747 0.5546 0.4134, -0.2701 0.6124 0.4134, -0.1568 0.6507 0.4134, -0.0386 0.6682 0.4134, 0.0809 0.6644 0.4134, 0.1977 0.6394 0.4134, 0.3083 0.5941 0.4134, 0.409 0.5297 0.4134, 0.4967 0.4485 0.4134, 0.5686 0.353 0.4134, 0.6474 0.2298 0.4134, 0.6676 0.2377 0.4134, 0.6601 0.2579 0.4134, -0.2183 -0.6742 0.4134, -0.1371 -0.6953 0.4134, -0.3704 -0.6041 0.4134, -0.2965 -0.6437 0.4134, 0.6516 -0.2177 0.4134, 0.4845 -0.5172 0.4134, 0.5422 -0.4563 0.4134, -0.5575 -0.4375 0.4134, -0.5019 -0.5003 0.4134, -0.4392 -0.5561 0.4134, -0.3145 0.6351 0.4134, -0.3873 0.5935 0.4134, -0.054 -0.7066 0.4134, 0.0298 -0.708 0.4134, 0.1133 -0.6995 0.4134, 0.6728 -0.2226 0.4134, 0.5923 -0.3891 0.4134, 0.6341 -0.3164 0.4134, 0.6671 -0.2392 0.4134, 0.1952 -0.6813 0.4134, 0.2743 -0.6534 0.4134, 0.3496 -0.6164 0.4134, 0.42 -0.5708 0.4134, -0.6748 -0.2163 0.4134, -0.6446 -0.2945 0.4134, -0.6052 -0.3686 0.4134, -0.6526 0.2763 0.4134, -0.6807 0.1972 0.4134, 0.1759 0.6865 0.4134, 0.0936 0.7025 0.4134, 0.5811 0.4056 0.4134, 0.5291 0.4714 0.4134, -0.6992 0.1154 0.4134, -0.7079 0.032 0.4134, -0.7068 -0.0519 0.4134, -0.6957 -0.135 0.4134, -0.4547 0.5436 0.4134, -0.5157 0.486 0.4134, -0.5696 0.4217 0.4134, -0.6154 0.3514 0.4134, 0.0099 0.7086 0.4134, -0.0739 0.7048 0.4134, -0.1566 0.6911 0.4134, -0.2372 0.6678 0.4134, 0.4697 0.5306 0.4134, 0.4037 0.5824 0.4134, 0.3321 0.626 0.4134, 0.2558 0.6609 0.4134, 0.625 0.3341 0.4134, 0.7426 0.2601 0.3444, 0.7433 0.2599 0.3346, 0.7402 0.2681 0.3346, 0.7417 0.26 0.3478, 0.7324 0.2861 0.3478, 0.7403 0.2598 0.3534, 0.7272 0.2841 0.3664, 0.736 0.259 0.3662, 0.7383 0.2596 0.3616, 0.7265 0.2566 0.3827, 0.7293 0.2574 0.3794, 0.7179 0.2805 0.383, 0.7347 0.2587 0.3689, 0.7134 0.2527 0.3965, 0.7164 0.2537 0.3944, 0.7051 0.2755 0.3968, 0.72 0.2547 0.3902, 0.6976 0.2477 0.4063, 0.7017 0.249 0.4047, 0.6896 0.2695 0.4067, 0.7022 0.2491 0.4044, 0.6801 0.2418 0.4118, 0.6852 0.2436 0.4112, 0.6724 0.2627 0.4123, 0.687 0.2441 0.4105, 0.6912 -0.2273 0.4105, 0.6855 -0.2259 0.412, 0.6795 -0.2437 0.4123, 0.6827 -0.2252 0.4127, 0.6366 0.3403 0.4123, 0.5919 0.4131 0.4123, 0.539 0.4802 0.4123, 0.4785 0.5405 0.4123, 0.4112 0.5933 0.4123, 0.3383 0.6377 0.4123, 0.2606 0.6732 0.4123, 0.1792 0.6993 0.4123, 0.0953 0.7155 0.4123, 0.0101 0.7218 0.4123, -0.0753 0.7179 0.4123, -0.1596 0.704 0.4123, -0.2416 0.6802 0.4123, -0.3203 0.6469 0.4123, -0.3945 0.6045 0.4123, -0.4632 0.5537 0.4123, -0.5253 0.4951 0.4123, -0.5802 0.4295 0.4123, -0.6268 0.358 0.4123, -0.6647 0.2814 0.4123, -0.6933 0.2009 0.4123, -0.7122 0.1176 0.4123, -0.7211 0.0326 0.4123, -0.7199 -0.0529 0.4123, -0.7086 -0.1376 0.4123, -0.6874 -0.2203 0.4123, -0.6566 -0.3 0.4123, -0.6165 -0.3755 0.4123, -0.5678 -0.4457 0.4123, -0.5112 -0.5097 0.4123, -0.4474 -0.5665 0.4123, -0.3773 -0.6154 0.4123, -0.302 -0.6557 0.4123, -0.2224 -0.6867 0.4123, -0.1397 -0.7082 0.4123, -0.055 -0.7198 0.4123, 0.0304 -0.7212 0.4123, 0.1154 -0.7126 0.4123, 0.1988 -0.6939 0.4123, 0.2794 -0.6656 0.4123, 0.3561 -0.6279 0.4123, 0.4278 -0.5814 0.4123, 0.4935 -0.5268 0.4123, 0.5523 -0.4648 0.4123, 0.6033 -0.3963 0.4123, 0.6459 -0.3222 0.4123, 0.7065 -0.2312 0.4048, 0.7035 -0.2305 0.4064, 0.697 -0.2499 0.4067, 0.7006 -0.2298 0.408, 0.7285 -0.2364 0.3885, 0.7195 -0.2343 0.3964, 0.7126 -0.2556 0.3968, 0.7154 -0.2334 0.4001, 0.7405 -0.2387 0.3719, 0.7329 -0.2373 0.3828, 0.7255 -0.2602 0.383, 0.7296 -0.2366 0.3875, 0.7431 -0.239 0.3653, 0.7427 -0.239 0.3662, 0.7349 -0.2635 0.3664, 0.7485 -0.2393 0.3478, 0.7476 -0.2395 0.3538, 0.7401 -0.2654 0.3478, 0.7503 -0.2388 0.3346, 0.7484 -0.2445 0.3346, 0.7412 -0.2658 0.3346, 0.7036 -0.351 0.3478, 0.7046 -0.3515 0.3346, 0.6016 -0.5063 0.3478, 0.6275 -0.4734 0.3346, 0.6572 -0.4317 0.3478, 0.6581 -0.4323 0.3346, 0.6974 -0.364 0.3346, 0.4399 -0.6515 0.3346, 0.4666 -0.6342 0.3346, 0.466 -0.6333 0.3478, 0.5383 -0.5747 0.3346, 0.5375 -0.5738 0.3478, 0.5418 -0.571 0.3346, 0.6024 -0.507 0.3346, 0.3884 -0.6849 0.3346, 0.3879 -0.684 0.3478, 0.3268 -0.7152 0.3346, 0.3043 -0.725 0.3478, 0.3048 -0.726 0.3346, 0.2165 -0.7559 0.3478, 0.2168 -0.757 0.3346, 0.0331 -0.7856 0.3478, 0.0769 -0.7823 0.3346, 0.1257 -0.7762 0.3478, 0.1259 -0.7773 0.3346, 0.2048 -0.7596 0.3346, -0.1812 -0.765 0.3346, -0.1524 -0.7725 0.3346, -0.1522 -0.7714 0.3478, -0.06 -0.7851 0.3346, -0.0599 -0.784 0.3478, -0.0529 -0.7852 0.3346, 0.0332 -0.7867 0.3346, -0.2426 -0.7491 0.3346, -0.2422 -0.748 0.3478, -0.3047 -0.7249 0.3346, -0.3289 -0.7142 0.3478, -0.3294 -0.7152 0.3346, -0.411 -0.6703 0.3478, -0.4116 -0.6713 0.3346, -0.5568 -0.5552 0.3478, -0.5233 -0.5865 0.3346, -0.4873 -0.6171 0.3478, -0.488 -0.6179 0.3346, -0.42 -0.6654 0.3346, -0.6855 -0.3851 0.3346, -0.6725 -0.4096 0.3346, -0.6715 -0.409 0.3478, -0.6194 -0.4862 0.3346, -0.6185 -0.4855 0.3478, -0.6133 -0.493 0.3346, -0.5576 -0.5559 0.3346, -0.7162 -0.3272 0.3346, -0.7152 -0.3268 0.3478, -0.7395 -0.267 0.3346, -0.7488 -0.24 0.3478, -0.7498 -0.2403 0.3346, -0.7719 -0.1498 0.3478, -0.773 -0.15 0.3346, -0.7855 0.0355 0.3478, -0.7859 -0.0125 0.3346, -0.7842 -0.0576 0.3478, -0.7853 -0.0577 0.3346, -0.7741 -0.1418 0.3346, -0.7477 0.2433 0.3346, -0.7563 0.2191 0.3346, -0.7552 0.2188 0.3478, -0.7769 0.1282 0.3346, -0.7758 0.128 0.3478, -0.7781 0.1171 0.3346, -0.7866 0.0355 0.3346, -0.7251 0.3069 0.3346, -0.7241 0.3065 0.3478, -0.6973 0.363 0.3346, -0.6828 0.3899 0.3478, -0.6838 0.3905 0.3346, -0.6319 0.4679 0.3478, -0.6328 0.4685 0.3346, -0.6288 0.4733 0.3346, -0.5722 0.5393 0.3478, -0.573 0.54 0.3346, -0.5417 0.5696 0.3346, -0.5045 0.6031 0.3478, -0.5052 0.6039 0.3346, -0.4409 0.6516 0.3346, -0.4297 0.6585 0.3478, -0.4303 0.6594 0.3346, -0.3489 0.7046 0.3478, -0.3494 0.7056 0.3346, -0.082 0.782 0.3478, -0.174 0.7679 0.3346, -0.1738 0.7668 0.3478, -0.2054 0.7588 0.3346, -0.2632 0.7409 0.3478, -0.2636 0.742 0.3346, -0.3276 0.7149 0.3346, 0.011 0.7862 0.3478, -0.0779 0.7833 0.3346, -0.0821 0.7831 0.3346, 0.1038 0.7794 0.3478, 0.052 0.7843 0.3346, 0.011 0.7873 0.3346, 0.3039 0.7253 0.3346, 0.2842 0.7343 0.3346, 0.2838 0.7333 0.3478, 0.1955 0.7628 0.3346, 0.1952 0.7617 0.3478, 0.1805 0.7657 0.3346, 0.104 0.7805 0.3346, 0.369 0.6956 0.3346, 0.3685 0.6946 0.3478, 0.419 0.6652 0.3346, 0.448 0.6462 0.3478, 0.4486 0.6471 0.3346, 0.5212 0.5888 0.3478, 0.5219 0.5896 0.3346, 0.5235 0.588 0.3346, 0.5871 0.523 0.3478, 0.5879 0.5238 0.3346, 0.7334 0.2866 0.3346, 0.6944 0.3712 0.3346, 0.6934 0.3707 0.3478, 0.6854 0.3859 0.3346, 0.6448 0.45 0.3478, 0.6457 0.4507 0.3346, 0.6121 0.4931 0.3346, 0.6986 -0.3485 0.3664, 0.6525 -0.4286 0.3664, 0.5973 -0.5027 0.3664, 0.5337 -0.5698 0.3664, 0.4627 -0.6289 0.3664, 0.3851 -0.6791 0.3664, 0.3022 -0.7199 0.3664, 0.215 -0.7505 0.3664, 0.1248 -0.7707 0.3664, 0.0329 -0.78 0.3664, -0.0595 -0.7784 0.3664, -0.1511 -0.766 0.3664, -0.2405 -0.7427 0.3664, -0.3266 -0.7091 0.3664, -0.4081 -0.6656 0.3664, -0.4839 -0.6127 0.3664, -0.5529 -0.5512 0.3664, -0.6141 -0.482 0.3664, -0.6668 -0.4061 0.3664, -0.7101 -0.3245 0.3664, -0.7435 -0.2383 0.3664, -0.7664 -0.1488 0.3664, -0.7786 -0.0572 0.3664, -0.7799 0.0352 0.3664, -0.7703 0.1271 0.3664, -0.7499 0.2173 0.3664, -0.7189 0.3043 0.3664, -0.678 0.3872 0.3664, -0.6275 0.4646 0.3664, -0.5682 0.5354 0.3664, -0.5009 0.5988 0.3664, -0.4267 0.6538 0.3664, -0.3464 0.6996 0.3664, -0.2613 0.7357 0.3664, -0.1726 0.7614 0.3664, -0.0814 0.7765 0.3664, 0.0109 0.7806 0.3664, 0.1031 0.7739 0.3664, 0.1938 0.7563 0.3664, 0.2818 0.7281 0.3664, 0.3659 0.6897 0.3664, 0.4448 0.6416 0.3664, 0.5175 0.5846 0.3664, 0.5829 0.5193 0.3664, 0.6402 0.4468 0.3664, 0.6885 0.3681 0.3664, 0.6897 -0.3441 0.383, 0.6442 -0.4232 0.383, 0.5897 -0.4963 0.383, 0.5269 -0.5625 0.383, 0.4568 -0.6208 0.383, 0.3802 -0.6705 0.383, 0.2983 -0.7107 0.383, 0.2123 -0.741 0.383, 0.1232 -0.7609 0.383, 0.0325 -0.7701 0.383, -0.0588 -0.7685 0.383, -0.1491 -0.7562 0.383, -0.2375 -0.7333 0.383, -0.3224 -0.7001 0.383, -0.4029 -0.6571 0.383, -0.4777 -0.6049 0.383, -0.5458 -0.5442 0.383, -0.6063 -0.4759 0.383, -0.6583 -0.4009 0.383, -0.7011 -0.3203 0.383, -0.734 -0.2352 0.383, -0.7566 -0.1469 0.383, -0.7687 -0.0564 0.383, -0.77 0.0348 0.383, -0.7605 0.1255 0.383, -0.7403 0.2145 0.383, -0.7098 0.3005 0.383, -0.6693 0.3822 0.383, -0.6195 0.4586 0.383, -0.5609 0.5286 0.383, -0.4945 0.5912 0.383, -0.4212 0.6455 0.383, -0.342 0.6907 0.383, -0.258 0.7263 0.383, -0.1704 0.7517 0.383, -0.0804 0.7666 0.383, 0.0108 0.7707 0.383, 0.1018 0.764 0.383, 0.1913 0.7466 0.383, 0.2782 0.7188 0.383, 0.3612 0.6809 0.383, 0.4391 0.6335 0.383, 0.5109 0.5771 0.383, 0.5755 0.5127 0.383, 0.6321 0.4411 0.383, 0.6797 0.3634 0.383, 0.6774 -0.338 0.3968, 0.6328 -0.4156 0.3968, 0.5792 -0.4875 0.3968, 0.5176 -0.5525 0.3968, 0.4486 -0.6098 0.3968, 0.3735 -0.6585 0.3968, 0.293 -0.6981 0.3968, 0.2085 -0.7278 0.3968, 0.121 -0.7473 0.3968, 0.0319 -0.7564 0.3968, -0.0577 -0.7549 0.3968, -0.1465 -0.7428 0.3968, -0.2332 -0.7202 0.3968, -0.3167 -0.6876 0.3968, -0.3957 -0.6454 0.3968, -0.4692 -0.5941 0.3968, -0.5361 -0.5345 0.3968, -0.5955 -0.4674 0.3968, -0.6466 -0.3938 0.3968, -0.6886 -0.3146 0.3968, -0.7209 -0.2311 0.3968, -0.7432 -0.1443 0.3968, -0.755 -0.0554 0.3968, -0.7563 0.0342 0.3968, -0.747 0.1233 0.3968, -0.7272 0.2107 0.3968, -0.6972 0.2951 0.3968, -0.6574 0.3754 0.3968, -0.6084 0.4505 0.3968, -0.551 0.5192 0.3968, -0.4858 0.5807 0.3968, -0.4137 0.634 0.3968, -0.3359 0.6785 0.3968, -0.2534 0.7134 0.3968, -0.1673 0.7383 0.3968, -0.0789 0.7529 0.3968, 0.0106 0.757 0.3968, 0.1 0.7504 0.3968, 0.1879 0.7334 0.3968, 0.2733 0.706 0.3968, 0.3548 0.6688 0.3968, 0.4313 0.6222 0.3968, 0.5018 0.5669 0.3968, 0.5653 0.5036 0.3968, 0.6208 0.4333 0.3968, 0.6677 0.3569 0.3968, 0.6625 -0.3305 0.4067, 0.6188 -0.4065 0.4067, 0.5665 -0.4768 0.4067, 0.5062 -0.5404 0.4067, 0.4388 -0.5964 0.4067, 0.3652 -0.6441 0.4067, 0.2866 -0.6827 0.4067, 0.2039 -0.7118 0.4067, 0.1184 -0.7309 0.4067, 0.0312 -0.7398 0.4067, -0.0564 -0.7383 0.4067, -0.1433 -0.7264 0.4067, -0.2281 -0.7044 0.4067, -0.3097 -0.6725 0.4067, -0.387 -0.6312 0.4067, -0.4589 -0.5811 0.4067, -0.5243 -0.5228 0.4067, -0.5824 -0.4572 0.4067, -0.6324 -0.3851 0.4067, -0.6734 -0.3077 0.4067, -0.7051 -0.226 0.4067, -0.7269 -0.1411 0.4067, -0.7384 -0.0542 0.4067, -0.7397 0.0334 0.4067, -0.7305 0.1206 0.4067, -0.7112 0.206 0.4067, -0.6818 0.2886 0.4067, -0.643 0.3672 0.4067, -0.5951 0.4406 0.4067, -0.5388 0.5078 0.4067, -0.4751 0.5679 0.4067, -0.4046 0.6201 0.4067, -0.3285 0.6635 0.4067, -0.2478 0.6977 0.4067, -0.1637 0.7221 0.4067, -0.0772 0.7364 0.4067, 0.0104 0.7403 0.4067, 0.0978 0.7339 0.4067, 0.1838 0.7172 0.4067, 0.2673 0.6905 0.4067, 0.347 0.6541 0.4067, 0.4218 0.6085 0.4067, 0.4908 0.5544 0.4067, 0.5528 0.4925 0.4067, 0.6072 0.4238 0.4067, 0.653 0.3491 0.4067, 0.7427 0.2617 0.1969, 0.7402 0.2682 0.1969, 0.7327 0.2883 0.1969, 0.6935 0.3729 0.1969, 0.6855 0.3859 0.1969, 0.6446 0.4523 0.1969, 0.6121 0.4931 0.1969, 0.5866 0.5253 0.1969, 0.5234 0.588 0.1969, 0.5204 0.5909 0.1969, 0.4469 0.6483 0.1969, 0.419 0.6652 0.1969, 0.3672 0.6965 0.1969, 0.3039 0.7253 0.1969, 0.2823 0.7351 0.1969, 0.1934 0.7633 0.1969, 0.1805 0.7657 0.1969, 0.1019 0.7808 0.1969, 0.052 0.7843 0.1969, 0.0089 0.7874 0.1969, -0.0779 0.7832 0.1969, -0.0842 0.7829 0.1969, -0.1762 0.7674 0.1969, -0.2054 0.7589 0.1969, -0.2656 0.7412 0.1969, -0.3276 0.7148 0.1969, -0.3514 0.7047 0.1969, -0.4322 0.6582 0.1969, -0.441 0.6516 0.1969, -0.5069 0.6025 0.1969, -0.5416 0.5696 0.1969, -0.5746 0.5384 0.1969, -0.6287 0.4733 0.1969, -0.6342 0.4667 0.1969, -0.6849 0.3885 0.1969, -0.6974 0.3631 0.1969, -0.726 0.3048 0.1969, -0.7476 0.2433 0.1969, -0.7569 0.2169 0.1969, -0.7773 0.1259 0.1969, -0.7782 0.1171 0.1969, -0.7867 0.0332 0.1969, -0.7859 -0.0125 0.1969, -0.7851 -0.0601 0.1969, -0.774 -0.1418 0.1969, -0.7725 -0.1524 0.1969, -0.7491 -0.2426 0.1969, -0.7396 -0.267 0.1969, -0.7152 -0.3295 0.1969, -0.6854 -0.385 0.1969, -0.6712 -0.4117 0.1969, -0.6178 -0.4881 0.1969, -0.6134 -0.4931 0.1969, -0.5558 -0.5577 0.1969, -0.5233 -0.5865 0.1969, -0.486 -0.6195 0.1969, -0.42 -0.6653 0.1969, -0.4094 -0.6726 0.1969, -0.327 -0.7163 0.1969, -0.3047 -0.7249 0.1969, -0.2401 -0.7499 0.1969, -0.1812 -0.765 0.1969, -0.1498 -0.773 0.1969, -0.0574 -0.7853 0.1969, -0.0529 -0.7854 0.1969, 0.0358 -0.7866 0.1969, 0.0769 -0.7823 0.1969, 0.1285 -0.7768 0.1969, 0.2048 -0.7595 0.1969, 0.2195 -0.7562 0.1969, 0.3073 -0.725 0.1969, 0.3268 -0.7153 0.1969, 0.3908 -0.6836 0.1969, 0.4399 -0.6515 0.1969, 0.4689 -0.6326 0.1969, 0.5403 -0.5728 0.1969, 0.5419 -0.5711 0.1969, 0.6042 -0.5049 0.1969, 0.6275 -0.4734 0.1969, 0.6597 -0.4299 0.1969, 0.6973 -0.3639 0.1969, 0.7059 -0.349 0.1969, 0.7421 -0.2631 0.1969, 0.7484 -0.2445 0.1969, 0.7512 -0.2361 0.1969, 0.709 -0.2267 0.1161, 0.7144 -0.2279 0.1195, 0.7064 -0.2504 0.1192, 0.6565 0.2583 0.0998, 0.6614 0.245 0.1004, 0.6537 0.243 0.0988, 0.6839 0.2507 0.1073, 0.675 0.2485 0.1033, 0.6781 0.2668 0.1068, 0.6743 0.2483 0.103, 0.7042 0.2557 0.1197, 0.6964 0.2538 0.1138, 0.6974 0.2744 0.1192, 0.6936 0.2531 0.1117, 0.7211 0.2595 0.1365, 0.7118 0.2575 0.1259, 0.7134 0.2807 0.1364, 0.7107 0.2572 0.1246, 0.7334 0.2618 0.1565, 0.7316 0.2614 0.1533, 0.7249 0.2853 0.1572, 0.7234 0.26 0.1392, 0.7392 0.2623 0.1731, 0.7314 0.2878 0.1804, 0.7398 0.2624 0.1749, 0.7405 0.2622 0.1804, 0.6923 0.3722 0.1804, 0.5856 0.5243 0.1804, 0.6434 0.4515 0.1804, 0.4461 0.6471 0.1804, 0.5195 0.5899 0.1804, 0.3665 0.6953 0.1804, 0.2818 0.7338 0.1804, 0.1931 0.7619 0.1804, 0.0089 0.786 0.1804, 0.1017 0.7794 0.1804, -0.1758 0.7661 0.1804, -0.0841 0.7815 0.1804, -0.2651 0.7399 0.1804, -0.3507 0.7034 0.1804, -0.4314 0.657 0.1804, -0.5736 0.5374 0.1804, -0.506 0.6014 0.1804, -0.6837 0.3878 0.1804, -0.6331 0.4659 0.1804, -0.7247 0.3043 0.1804, -0.7556 0.2165 0.1804, -0.7759 0.1257 0.1804, -0.7853 0.0331 0.1804, -0.7478 -0.2422 0.1804, -0.7711 -0.1521 0.1804, -0.7837 -0.0599 0.1804, -0.7139 -0.3289 0.1804, -0.67 -0.411 0.1804, -0.6168 -0.4873 0.1804, -0.5548 -0.5567 0.1804, -0.3265 -0.715 0.1804, -0.4087 -0.6714 0.1804, -0.4852 -0.6184 0.1804, -0.2397 -0.7486 0.1804, -0.1495 -0.7717 0.1804, -0.0573 -0.7839 0.1804, 0.0358 -0.7852 0.1804, 0.3067 -0.7237 0.1804, 0.2191 -0.7549 0.1804, 0.1283 -0.7755 0.1804, 0.3901 -0.6824 0.1804, 0.468 -0.6315 0.1804, 0.5394 -0.5717 0.1804, 0.6032 -0.504 0.1804, 0.7408 -0.2626 0.1804, 0.7046 -0.3483 0.1804, 0.6585 -0.4292 0.1804, 0.7479 -0.2357 0.1717, 0.7479 -0.2357 0.1718, 0.7492 -0.2359 0.1804, 0.751 -0.2362 0.1923, 0.7404 -0.2341 0.1518, 0.7404 -0.2341 0.1519, 0.7343 -0.2603 0.1572, 0.7424 -0.2345 0.1573, 0.7226 -0.2298 0.1278, 0.7226 -0.2561 0.1364, 0.7296 -0.2315 0.1349, 0.7306 -0.2317 0.1364, 0.6967 -0.2238 0.1082, 0.6763 -0.2189 0.1009, 0.693 -0.2229 0.1069, 0.6868 -0.2435 0.1068, 0.6936 -0.223 0.1071, 0.671 -0.2176 0.1003, 0.6748 -0.2185 0.1007, 0.6649 -0.2357 0.0998, 0.6494 -0.2302 0.0984, 0.655 -0.2138 0.0984, 0.6324 -0.3126 0.0998, 0.6176 -0.3053 0.0984, 0.591 -0.3852 0.0998, 0.5772 -0.3762 0.0984, 0.5414 -0.4523 0.0998, 0.5287 -0.4418 0.0984, 0.4841 -0.5131 0.0998, 0.4728 -0.5012 0.0984, 0.4201 -0.5668 0.0998, 0.4102 -0.5535 0.0984, 0.3501 -0.6124 0.0998, 0.342 -0.5981 0.0984, 0.2753 -0.6495 0.0998, 0.2689 -0.6343 0.0984, 0.1966 -0.6775 0.0998, 0.192 -0.6617 0.0984, 0.1152 -0.696 0.0998, 0.1125 -0.6797 0.0984, 0.0321 -0.7047 0.0998, 0.0314 -0.6883 0.0984, -0.0514 -0.7036 0.0998, -0.0502 -0.6871 0.0984, -0.1342 -0.6926 0.0998, -0.1311 -0.6764 0.0984, -0.2151 -0.6719 0.0998, -0.2101 -0.6562 0.0984, -0.293 -0.6417 0.0998, -0.2862 -0.6267 0.0984, -0.3668 -0.6026 0.0998, -0.3582 -0.5885 0.0984, -0.4354 -0.555 0.0998, -0.4253 -0.5421 0.0984, -0.498 -0.4997 0.0998, -0.4863 -0.488 0.0984, -0.5536 -0.4373 0.0998, -0.5406 -0.4271 0.0984, -0.6014 -0.3688 0.0998, -0.5873 -0.3602 0.0984, -0.6407 -0.2952 0.0998, -0.6258 -0.2883 0.0984, -0.6711 -0.2174 0.0998, -0.6554 -0.2123 0.0984, -0.6921 -0.1366 0.0998, -0.6759 -0.1334 0.0984, -0.7034 -0.0538 0.0998, -0.687 -0.0525 0.0984, -0.7048 0.0297 0.0998, -0.6884 0.029 0.0984, -0.6964 0.1128 0.0998, -0.6801 0.1102 0.0984, -0.6782 0.1943 0.0998, -0.6623 0.1898 0.0984, -0.6505 0.2731 0.0998, -0.6353 0.2667 0.0984, -0.6136 0.3481 0.0998, -0.5993 0.3399 0.0984, -0.5682 0.4181 0.0998, -0.5549 0.4084 0.0984, -0.5148 0.4824 0.0998, -0.5028 0.4711 0.0984, -0.4542 0.5398 0.0998, -0.4436 0.5272 0.0984, -0.3872 0.5897 0.0998, -0.3782 0.5759 0.0984, -0.3148 0.6313 0.0998, -0.3074 0.6166 0.0984, -0.238 0.6641 0.0998, -0.2324 0.6486 0.0984, -0.1578 0.6876 0.0998, -0.1541 0.6715 0.0984, -0.0755 0.7014 0.0998, -0.0737 0.685 0.0984, 0.008 0.7054 0.0998, 0.0078 0.6889 0.0984, 0.0913 0.6995 0.0998, 0.0891 0.6832 0.0984, 0.1733 0.6838 0.0998, 0.1693 0.6679 0.0984, 0.2529 0.6586 0.0998, 0.247 0.6432 0.0984, 0.329 0.6241 0.0998, 0.3213 0.6095 0.0984, 0.4004 0.5808 0.0998, 0.3911 0.5672 0.0984, 0.4663 0.5294 0.0998, 0.4554 0.517 0.0984, 0.5256 0.4706 0.0998, 0.5133 0.4596 0.0984, 0.5775 0.4052 0.0998, 0.564 0.3957 0.0984, 0.6213 0.3341 0.0998, 0.6068 0.3263 0.0984, 0.6411 0.2523 0.0984, 0.6455 0.2409 0.0984, 0.6532 -0.3229 0.1068, 0.6105 -0.3979 0.1068, 0.5592 -0.4672 0.1068, 0.5 -0.53 0.1068, 0.4339 -0.5854 0.1068, 0.3617 -0.6326 0.1068, 0.2844 -0.6709 0.1068, 0.2031 -0.6998 0.1068, 0.119 -0.7189 0.1068, 0.0332 -0.7279 0.1068, -0.0531 -0.7267 0.1068, -0.1386 -0.7154 0.1068, -0.2222 -0.694 0.1068, -0.3026 -0.6628 0.1068, -0.3789 -0.6224 0.1068, -0.4498 -0.5733 0.1068, -0.5144 -0.5161 0.1068, -0.5718 -0.4517 0.1068, -0.6211 -0.381 0.1068, -0.6618 -0.3049 0.1068, -0.6932 -0.2245 0.1068, -0.7149 -0.1411 0.1068, -0.7266 -0.0556 0.1068, -0.728 0.0307 0.1068, -0.7193 0.1165 0.1068, -0.7005 0.2007 0.1068, -0.6719 0.2821 0.1068, -0.6338 0.3595 0.1068, -0.5869 0.4319 0.1068, -0.5317 0.4982 0.1068, -0.4691 0.5576 0.1068, -0.3999 0.6091 0.1068, -0.3252 0.6521 0.1068, -0.2458 0.686 0.1068, -0.163 0.7102 0.1068, -0.0779 0.7245 0.1068, 0.0082 0.7286 0.1068, 0.0943 0.7225 0.1068, 0.179 0.7063 0.1068, 0.2612 0.6802 0.1068, 0.3398 0.6446 0.1068, 0.4136 0.5999 0.1068, 0.4816 0.5468 0.1068, 0.5429 0.4861 0.1068, 0.5965 0.4185 0.1068, 0.6418 0.3451 0.1068, 0.6719 -0.3321 0.1192, 0.6279 -0.4092 0.1192, 0.5751 -0.4806 0.1192, 0.5143 -0.5452 0.1192, 0.4463 -0.6021 0.1192, 0.372 -0.6506 0.1192, 0.2925 -0.69 0.1192, 0.2089 -0.7198 0.1192, 0.1224 -0.7394 0.1192, 0.0341 -0.7487 0.1192, -0.0546 -0.7475 0.1192, -0.1426 -0.7358 0.1192, -0.2285 -0.7138 0.1192, -0.3113 -0.6818 0.1192, -0.3897 -0.6402 0.1192, -0.4626 -0.5897 0.1192, -0.5291 -0.5309 0.1192, -0.5881 -0.4646 0.1192, -0.6389 -0.3919 0.1192, -0.6807 -0.3136 0.1192, -0.713 -0.231 0.1192, -0.7353 -0.1451 0.1192, -0.7473 -0.0572 0.1192, -0.7488 0.0316 0.1192, -0.7398 0.1198 0.1192, -0.7205 0.2064 0.1192, -0.691 0.2901 0.1192, -0.6519 0.3698 0.1192, -0.6036 0.4442 0.1192, -0.5469 0.5124 0.1192, -0.4825 0.5735 0.1192, -0.4114 0.6265 0.1192, -0.3344 0.6707 0.1192, -0.2528 0.7055 0.1192, -0.1677 0.7305 0.1192, -0.0802 0.7452 0.1192, 0.0085 0.7494 0.1192, 0.097 0.7432 0.1192, 0.1841 0.7265 0.1192, 0.2687 0.6997 0.1192, 0.3495 0.663 0.1192, 0.4254 0.617 0.1192, 0.4954 0.5624 0.1192, 0.5584 0.5 0.1192, 0.6135 0.4305 0.1192, 0.6601 0.3549 0.1192, 0.6872 -0.3397 0.1364, 0.6423 -0.4186 0.1364, 0.5883 -0.4915 0.1364, 0.5261 -0.5576 0.1364, 0.4565 -0.6159 0.1364, 0.3805 -0.6655 0.1364, 0.2992 -0.7058 0.1364, 0.2137 -0.7362 0.1364, 0.1251 -0.7563 0.1364, 0.0349 -0.7658 0.1364, -0.0559 -0.7646 0.1364, -0.1458 -0.7526 0.1364, -0.2338 -0.7301 0.1364, -0.3184 -0.6974 0.1364, -0.3986 -0.6548 0.1364, -0.4732 -0.6031 0.1364, -0.5412 -0.543 0.1364, -0.6015 -0.4752 0.1364, -0.6535 -0.4008 0.1364, -0.6963 -0.3208 0.1364, -0.7293 -0.2362 0.1364, -0.7521 -0.1484 0.1364, -0.7644 -0.0585 0.1364, -0.7659 0.0323 0.1364, -0.7567 0.1226 0.1364, -0.737 0.2111 0.1364, -0.7068 0.2968 0.1364, -0.6668 0.3782 0.1364, -0.6174 0.4544 0.1364, -0.5594 0.5242 0.1364, -0.4935 0.5866 0.1364, -0.4208 0.6408 0.1364, -0.3421 0.6861 0.1364, -0.2586 0.7217 0.1364, -0.1715 0.7472 0.1364, -0.082 0.7622 0.1364, 0.0087 0.7666 0.1364, 0.0992 0.7602 0.1364, 0.1883 0.7431 0.1364, 0.2748 0.7157 0.1364, 0.3575 0.6782 0.1364, 0.4351 0.6312 0.1364, 0.5067 0.5753 0.1364, 0.5711 0.5114 0.1364, 0.6276 0.4403 0.1364, 0.6752 0.3631 0.1364, 0.6984 -0.3453 0.1572, 0.6527 -0.4254 0.1572, 0.5978 -0.4995 0.1572, 0.5346 -0.5667 0.1572, 0.4639 -0.6259 0.1572, 0.3867 -0.6763 0.1572, 0.304 -0.7173 0.1572, 0.2171 -0.7482 0.1572, 0.1272 -0.7686 0.1572, 0.0355 -0.7782 0.1572, -0.0568 -0.777 0.1572, -0.1482 -0.7648 0.1572, -0.2375 -0.7419 0.1572, -0.3236 -0.7087 0.1572, -0.4051 -0.6655 0.1572, -0.4809 -0.6129 0.1572, -0.5499 -0.5518 0.1572, -0.6113 -0.4829 0.1572, -0.6641 -0.4073 0.1572, -0.7076 -0.326 0.1572, -0.7411 -0.2401 0.1572, -0.7643 -0.1508 0.1572, -0.7768 -0.0594 0.1572, -0.7784 0.0328 0.1572, -0.769 0.1246 0.1572, -0.7489 0.2146 0.1572, -0.7183 0.3016 0.1572, -0.6776 0.3844 0.1572, -0.6275 0.4617 0.1572, -0.5685 0.5327 0.1572, -0.5016 0.5961 0.1572, -0.4276 0.6512 0.1572, -0.3476 0.6972 0.1572, -0.2628 0.7334 0.1572, -0.1743 0.7593 0.1572, -0.0833 0.7746 0.1572, 0.0088 0.779 0.1572, 0.1008 0.7725 0.1572, 0.1914 0.7552 0.1572, 0.2793 0.7273 0.1572, 0.3633 0.6891 0.1572, 0.4422 0.6414 0.1572, 0.5149 0.5846 0.1572, 0.5804 0.5197 0.1572, 0.6377 0.4474 0.1572, 0.6861 0.3689 0.1572, -0.5356 -0.3316 0.0984, -0.5874 -0.2276 0.0984, -0.6192 -0.1157 0.0984, -0.6299 0.0 0.0984, -0.4655 -0.4244 0.0984, 0.1724 0.6059 0.0984, 0.0581 0.6272 0.0984, -0.2808 -0.5639 0.0984, -0.3796 -0.5027 0.0984, -0.1724 -0.6059 0.0984, 0.0581 -0.6272 0.0984, -0.0581 -0.6272 0.0984, 0.2808 -0.5639 0.0984, 0.1724 -0.6059 0.0984, 0.6299 0.0 0.0984, 0.6192 0.1157 0.0984, 0.6824 0.0949 0.0984, 0.4655 -0.4244 0.0984, 0.3796 -0.5027 0.0984, 0.5874 -0.2276 0.0984, 0.5356 -0.3316 0.0984, -0.5356 0.3316 0.0984, -0.5874 0.2276 0.0984, 0.6192 -0.1157 0.0984, 0.6696 0.1622 0.0984, 0.5874 0.2276 0.0984, 0.2808 0.5639 0.0984, 0.3796 0.5027 0.0984, -0.1724 0.6059 0.0984, -0.0581 0.6272 0.0984, -0.3796 0.5027 0.0984, -0.2808 0.5639 0.0984, -0.6192 0.1157 0.0984, 0.6885 0.0268 0.0984, 0.6877 -0.0417 0.0984, 0.6802 -0.1097 0.0984, 0.5356 0.3316 0.0984, 0.4655 0.4244 0.0984, -0.4655 0.4244 0.0984, -0.4655 0.4244 0.0984
            ]
        }
        coordIndex [
            0,1,2,-1,3,4,5,-1,5,4,6,-1,5,6,7,-1,8,9,10,-1,11,12,13,-1,14,15,16,-1,17,18,8,-1,8,18,19,-1,8,19,9,-1,9,19,20,-1,21,22,17,-1,17,22,23,-1,17,23,18,-1,24,25,14,-1,16,7,14,-1,14,7,6,-1,14,6,24,-1,24,6,26,-1,23,11,18,-1,18,11,13,-1,18,13,27,-1,27,13,28,-1,10,29,8,-1,8,29,30,-1,8,30,31,-1,32,33,34,-1,34,33,35,-1,34,35,36,-1,36,37,34,-1,34,37,38,-1,34,38,39,-1,40,41,42,-1,42,41,43,-1,44,45,46,-1,46,45,47,-1,41,48,45,-1,45,48,9,-1,45,9,47,-1,47,9,20,-1,25,24,17,-1,17,24,49,-1,17,49,21,-1,28,13,34,-1,34,13,50,-1,34,50,32,-1,51,52,38,-1,38,52,53,-1,38,53,39,-1,54,55,56,-1,56,55,57,-1,56,57,58,-1,44,59,45,-1,45,59,60,-1,45,60,61,-1,61,60,62,-1,61,62,54,-1,54,62,63,-1,54,63,55,-1,40,64,41,-1,41,64,65,-1,41,65,48,-1,48,65,66,-1,66,67,48,-1,48,67,68,-1,48,68,69,-1,69,68,70,-1,69,70,71,-1,71,70,72,-1,71,72,73,-1,73,72,74,-1,73,74,75,-1,58,76,56,-1,56,76,77,-1,56,77,78,-1,78,79,56,-1,56,79,80,-1,56,80,43,-1,81,82,83,-1,84,85,86,-1,86,85,87,-1,86,87,88,-1,24,89,49,-1,49,89,90,-1,49,90,91,-1,91,90,86,-1,91,86,80,-1,80,86,88,-1,80,88,43,-1,43,88,92,-1,43,92,42,-1,81,83,93,-1,93,83,94,-1,93,94,95,-1,95,94,96,-1,95,96,97,-1,97,96,98,-1,97,98,99,-1,84,100,85,-1,85,100,101,-1,85,101,98,-1,98,101,102,-1,98,102,99,-1,103,104,105,-1,105,104,106,-1,107,108,109,-1,109,108,110,-1,109,110,105,-1,105,110,111,-1,105,111,103,-1,107,109,112,-1,112,109,113,-1,112,113,114,-1,114,113,115,-1,114,115,116,-1,116,115,117,-1,116,117,118,-1,31,119,8,-1,8,119,120,-1,8,120,26,-1,26,120,2,-1,26,2,24,-1,24,2,1,-1,121,122,123,-1,123,122,124,-1,125,126,127,-1,127,126,128,-1,128,129,127,-1,127,129,130,-1,127,130,124,-1,124,130,131,-1,124,131,123,-1,132,133,134,-1,131,135,123,-1,123,135,136,-1,123,136,137,-1,137,136,132,-1,137,132,138,-1,1,139,24,-1,24,139,140,-1,24,140,141,-1,141,140,142,-1,141,142,143,-1,143,144,141,-1,141,144,145,-1,141,145,146,-1,147,148,127,-1,127,148,149,-1,127,149,150,-1,133,132,151,-1,151,132,152,-1,151,152,153,-1,146,154,141,-1,141,154,155,-1,141,155,127,-1,127,155,156,-1,127,156,147,-1,2,125,0,-1,0,125,127,-1,0,127,157,-1,157,127,150,-1,158,159,138,-1,138,159,160,-1,134,161,132,-1,132,161,162,-1,132,162,138,-1,138,162,163,-1,138,163,158,-1,160,164,138,-1,138,164,165,-1,138,165,166,-1,104,167,106,-1,106,167,89,-1,106,89,166,-1,166,89,24,-1,166,24,138,-1,138,24,141,-1,168,169,170,-1,171,172,173,-1,174,175,176,-1,177,178,179,-1,180,181,182,-1,183,184,185,-1,186,187,188,-1,189,190,191,-1,192,193,194,-1,195,196,197,-1,198,199,200,-1,201,202,203,-1,204,205,206,-1,207,208,209,-1,210,211,212,-1,213,214,215,-1,216,217,218,-1,197,219,220,-1,221,222,223,-1,223,224,225,-1,2,120,226,-1,89,167,227,-1,228,81,93,-1,229,230,231,-1,232,233,234,-1,82,81,235,-1,235,81,228,-1,235,228,236,-1,224,237,238,-1,239,240,222,-1,222,240,241,-1,222,241,223,-1,223,241,242,-1,223,242,224,-1,224,242,243,-1,224,243,237,-1,234,244,245,-1,245,244,246,-1,233,247,234,-1,234,247,248,-1,234,248,244,-1,249,73,75,-1,153,152,250,-1,250,152,251,-1,250,251,252,-1,252,251,253,-1,254,255,256,-1,256,255,257,-1,258,259,260,-1,260,259,261,-1,260,261,255,-1,255,261,262,-1,255,262,257,-1,263,231,264,-1,264,265,263,-1,263,265,266,-1,263,266,258,-1,258,266,267,-1,258,267,259,-1,230,268,231,-1,231,268,269,-1,231,269,264,-1,270,116,118,-1,238,271,224,-1,224,271,236,-1,224,236,225,-1,225,236,228,-1,225,228,272,-1,272,228,93,-1,272,93,95,-1,2,226,125,-1,114,116,273,-1,273,116,270,-1,273,270,274,-1,274,270,275,-1,274,275,276,-1,276,275,277,-1,276,277,219,-1,118,278,270,-1,270,278,229,-1,270,229,275,-1,275,229,231,-1,275,231,277,-1,277,231,263,-1,254,252,255,-1,255,252,253,-1,255,253,260,-1,260,253,279,-1,219,277,220,-1,220,277,263,-1,220,263,280,-1,280,263,258,-1,280,258,281,-1,281,258,260,-1,281,260,282,-1,282,260,279,-1,282,279,283,-1,246,239,245,-1,245,239,222,-1,245,222,284,-1,284,222,221,-1,284,221,285,-1,286,287,288,-1,289,287,290,-1,290,287,286,-1,290,286,291,-1,292,289,293,-1,293,289,290,-1,293,290,294,-1,294,290,291,-1,294,291,295,-1,218,292,296,-1,296,292,293,-1,296,293,297,-1,297,293,294,-1,297,294,298,-1,298,294,295,-1,298,295,299,-1,101,100,300,-1,300,100,301,-1,300,301,302,-1,302,301,303,-1,302,303,304,-1,304,303,305,-1,304,305,306,-1,306,305,307,-1,306,307,308,-1,308,307,212,-1,86,90,309,-1,309,90,310,-1,309,310,311,-1,311,310,312,-1,311,312,313,-1,313,312,314,-1,313,314,315,-1,315,314,316,-1,315,316,317,-1,317,316,209,-1,104,103,318,-1,318,103,319,-1,318,319,320,-1,320,319,321,-1,320,321,322,-1,322,321,323,-1,322,323,324,-1,324,323,325,-1,324,325,326,-1,326,325,206,-1,108,107,327,-1,327,107,328,-1,327,328,329,-1,329,328,330,-1,329,330,331,-1,331,330,332,-1,331,332,333,-1,333,332,334,-1,333,334,335,-1,335,334,200,-1,197,220,336,-1,336,220,280,-1,336,280,337,-1,337,280,281,-1,337,281,338,-1,338,281,282,-1,338,282,339,-1,339,282,283,-1,339,283,194,-1,136,135,340,-1,340,135,341,-1,340,341,342,-1,342,341,343,-1,342,343,344,-1,344,343,345,-1,344,345,346,-1,346,345,347,-1,346,347,348,-1,348,347,191,-1,129,128,349,-1,349,128,350,-1,349,350,351,-1,351,350,352,-1,351,352,353,-1,353,352,354,-1,353,354,355,-1,355,354,356,-1,355,356,357,-1,357,356,185,-1,182,358,359,-1,359,358,360,-1,359,360,361,-1,361,360,362,-1,361,362,363,-1,363,362,364,-1,363,364,226,-1,226,364,365,-1,226,365,125,-1,31,30,366,-1,366,30,367,-1,366,367,368,-1,368,367,369,-1,368,369,370,-1,370,369,371,-1,370,371,372,-1,372,371,373,-1,372,373,374,-1,374,373,179,-1,9,48,375,-1,375,48,376,-1,375,376,377,-1,377,376,378,-1,377,378,379,-1,379,378,380,-1,379,380,381,-1,381,380,382,-1,381,382,383,-1,383,382,173,-1,71,73,384,-1,384,73,249,-1,384,249,385,-1,385,249,386,-1,385,386,387,-1,387,386,388,-1,387,388,389,-1,389,388,390,-1,389,390,391,-1,391,390,170,-1,392,285,393,-1,393,285,221,-1,393,221,394,-1,394,221,223,-1,394,223,395,-1,395,223,225,-1,395,225,396,-1,396,225,272,-1,396,272,397,-1,397,272,95,-1,397,95,97,-1,398,399,288,-1,288,399,400,-1,398,288,401,-1,401,288,287,-1,401,287,402,-1,402,287,289,-1,402,289,403,-1,403,289,292,-1,403,292,404,-1,218,217,292,-1,292,217,405,-1,292,405,404,-1,406,216,407,-1,407,216,218,-1,407,218,408,-1,408,218,296,-1,408,296,409,-1,409,296,297,-1,409,297,410,-1,410,297,298,-1,410,298,411,-1,411,298,299,-1,411,299,99,-1,99,299,97,-1,99,102,411,-1,411,102,412,-1,411,412,410,-1,410,412,413,-1,410,413,409,-1,409,413,414,-1,409,414,408,-1,408,414,415,-1,408,415,407,-1,407,415,215,-1,407,215,406,-1,406,215,214,-1,416,213,308,-1,308,213,215,-1,308,215,306,-1,306,215,415,-1,306,415,304,-1,304,415,414,-1,304,414,302,-1,302,414,413,-1,302,413,300,-1,300,413,412,-1,300,412,101,-1,101,412,102,-1,212,211,308,-1,308,211,417,-1,308,417,416,-1,418,210,419,-1,419,210,212,-1,419,212,420,-1,420,212,307,-1,420,307,421,-1,421,307,305,-1,421,305,422,-1,422,305,303,-1,422,303,423,-1,423,303,301,-1,423,301,84,-1,84,301,100,-1,84,86,423,-1,423,86,309,-1,423,309,422,-1,422,309,311,-1,422,311,421,-1,421,311,313,-1,421,313,420,-1,420,313,315,-1,420,315,419,-1,419,315,317,-1,419,317,418,-1,418,317,424,-1,209,208,317,-1,317,208,425,-1,317,425,424,-1,426,207,427,-1,427,207,209,-1,427,209,428,-1,428,209,316,-1,428,316,429,-1,429,316,314,-1,429,314,430,-1,430,314,312,-1,430,312,227,-1,227,312,310,-1,227,310,89,-1,89,310,90,-1,167,104,227,-1,227,104,318,-1,227,318,430,-1,430,318,320,-1,430,320,429,-1,429,320,322,-1,429,322,428,-1,428,322,324,-1,428,324,427,-1,427,324,326,-1,427,326,426,-1,426,326,431,-1,206,205,326,-1,326,205,432,-1,326,432,431,-1,202,204,203,-1,203,204,206,-1,203,206,433,-1,433,206,325,-1,433,325,434,-1,434,325,323,-1,434,323,435,-1,435,323,321,-1,435,321,436,-1,436,321,319,-1,436,319,111,-1,111,319,103,-1,437,201,438,-1,438,201,203,-1,438,203,439,-1,439,203,433,-1,439,433,440,-1,440,433,434,-1,440,434,441,-1,441,434,435,-1,441,435,442,-1,442,435,436,-1,442,436,110,-1,110,436,111,-1,110,108,442,-1,442,108,327,-1,442,327,441,-1,441,327,329,-1,441,329,440,-1,440,329,331,-1,440,331,439,-1,439,331,333,-1,439,333,438,-1,438,333,335,-1,438,335,437,-1,437,335,443,-1,200,199,335,-1,335,199,444,-1,335,444,443,-1,445,198,446,-1,446,198,200,-1,446,200,447,-1,447,200,334,-1,447,334,448,-1,448,334,332,-1,448,332,449,-1,449,332,330,-1,449,330,450,-1,450,330,328,-1,450,328,112,-1,112,328,107,-1,112,114,450,-1,450,114,273,-1,450,273,449,-1,449,273,274,-1,449,274,448,-1,448,274,276,-1,448,276,447,-1,447,276,219,-1,447,219,446,-1,446,219,197,-1,446,197,445,-1,445,197,196,-1,195,197,451,-1,451,197,336,-1,451,336,452,-1,452,336,337,-1,452,337,453,-1,453,337,338,-1,453,338,454,-1,454,338,339,-1,454,339,455,-1,194,193,339,-1,339,193,456,-1,339,456,455,-1,457,192,458,-1,458,192,194,-1,458,194,459,-1,459,194,283,-1,459,283,460,-1,460,283,279,-1,460,279,461,-1,461,279,253,-1,461,253,462,-1,462,253,251,-1,462,251,132,-1,132,251,152,-1,132,136,462,-1,462,136,340,-1,462,340,461,-1,461,340,342,-1,461,342,460,-1,460,342,344,-1,460,344,459,-1,459,344,346,-1,459,346,458,-1,458,346,348,-1,458,348,457,-1,457,348,463,-1,191,190,348,-1,348,190,464,-1,348,464,463,-1,465,189,466,-1,466,189,191,-1,466,191,467,-1,467,191,347,-1,467,347,468,-1,468,347,345,-1,468,345,469,-1,469,345,343,-1,469,343,470,-1,470,343,341,-1,470,341,131,-1,131,341,135,-1,131,130,470,-1,470,130,471,-1,470,471,469,-1,469,471,472,-1,469,472,468,-1,468,472,473,-1,468,473,467,-1,467,473,474,-1,467,474,466,-1,466,474,188,-1,466,188,465,-1,465,188,187,-1,475,186,357,-1,357,186,188,-1,357,188,355,-1,355,188,474,-1,355,474,353,-1,353,474,473,-1,353,473,351,-1,351,473,472,-1,351,472,349,-1,349,472,471,-1,349,471,129,-1,129,471,130,-1,185,184,357,-1,357,184,476,-1,357,476,475,-1,477,183,478,-1,478,183,185,-1,478,185,479,-1,479,185,356,-1,479,356,480,-1,480,356,354,-1,480,354,481,-1,481,354,352,-1,481,352,482,-1,482,352,350,-1,482,350,126,-1,126,350,128,-1,126,125,482,-1,482,125,365,-1,482,365,481,-1,481,365,364,-1,481,364,480,-1,480,364,362,-1,480,362,479,-1,479,362,360,-1,479,360,478,-1,478,360,358,-1,478,358,477,-1,477,358,483,-1,182,181,358,-1,358,181,484,-1,358,484,483,-1,485,180,486,-1,486,180,182,-1,486,182,487,-1,487,182,359,-1,487,359,488,-1,488,359,361,-1,488,361,489,-1,489,361,363,-1,489,363,490,-1,490,363,226,-1,490,226,119,-1,119,226,120,-1,119,31,490,-1,490,31,366,-1,490,366,489,-1,489,366,368,-1,489,368,488,-1,488,368,370,-1,488,370,487,-1,487,370,372,-1,487,372,486,-1,486,372,374,-1,486,374,485,-1,485,374,491,-1,179,178,374,-1,374,178,492,-1,374,492,491,-1,175,177,176,-1,176,177,179,-1,176,179,493,-1,493,179,373,-1,493,373,494,-1,494,373,371,-1,494,371,495,-1,495,371,369,-1,495,369,496,-1,496,369,367,-1,496,367,29,-1,29,367,30,-1,497,174,498,-1,498,174,176,-1,498,176,499,-1,499,176,493,-1,499,493,500,-1,500,493,494,-1,500,494,501,-1,501,494,495,-1,501,495,502,-1,502,495,496,-1,502,496,10,-1,10,496,29,-1,10,9,502,-1,502,9,375,-1,502,375,501,-1,501,375,377,-1,501,377,500,-1,500,377,379,-1,500,379,499,-1,499,379,381,-1,499,381,498,-1,498,381,383,-1,498,383,497,-1,497,383,503,-1,173,172,383,-1,383,172,504,-1,383,504,503,-1,505,171,506,-1,506,171,173,-1,506,173,507,-1,507,173,382,-1,507,382,508,-1,508,382,380,-1,508,380,509,-1,509,380,378,-1,509,378,510,-1,510,378,376,-1,510,376,69,-1,69,376,48,-1,69,71,510,-1,510,71,384,-1,510,384,509,-1,509,384,385,-1,509,385,508,-1,508,385,387,-1,508,387,507,-1,507,387,389,-1,507,389,506,-1,506,389,391,-1,506,391,505,-1,505,391,511,-1,170,169,391,-1,391,169,512,-1,391,512,511,-1,392,168,285,-1,285,168,170,-1,285,170,284,-1,284,170,390,-1,284,390,245,-1,245,390,388,-1,245,388,234,-1,234,388,386,-1,234,386,232,-1,232,386,249,-1,232,249,513,-1,513,249,75,-1,97,299,397,-1,397,299,295,-1,397,295,396,-1,396,295,291,-1,396,291,395,-1,395,291,286,-1,395,286,394,-1,394,286,288,-1,394,288,393,-1,393,288,400,-1,393,400,392,-1,514,515,516,-1,516,515,517,-1,516,517,518,-1,519,520,521,-1,521,520,522,-1,521,522,523,-1,524,525,526,-1,526,525,527,-1,526,527,528,-1,529,530,531,-1,531,530,532,-1,531,532,524,-1,524,532,533,-1,524,533,525,-1,517,534,518,-1,518,534,535,-1,518,535,536,-1,536,535,537,-1,536,537,538,-1,539,540,514,-1,514,540,541,-1,514,541,515,-1,542,543,539,-1,539,543,544,-1,539,544,540,-1,527,545,528,-1,528,545,546,-1,528,546,519,-1,519,546,547,-1,519,547,520,-1,537,548,538,-1,538,548,549,-1,538,549,529,-1,529,549,550,-1,529,550,530,-1,551,552,553,-1,553,554,551,-1,551,554,555,-1,551,555,556,-1,556,555,557,-1,556,557,558,-1,558,557,559,-1,558,559,542,-1,542,559,560,-1,542,560,543,-1,561,562,552,-1,552,562,563,-1,552,563,553,-1,564,565,566,-1,567,568,569,-1,569,568,570,-1,569,570,571,-1,571,570,572,-1,571,572,561,-1,561,572,573,-1,561,573,562,-1,574,575,567,-1,567,575,576,-1,567,576,568,-1,577,578,579,-1,580,581,582,-1,582,581,583,-1,582,583,574,-1,574,583,584,-1,574,584,575,-1,522,585,523,-1,523,585,586,-1,523,586,587,-1,587,586,588,-1,587,588,589,-1,589,588,590,-1,589,590,565,-1,565,590,591,-1,565,591,566,-1,579,592,577,-1,577,592,593,-1,577,593,594,-1,594,593,595,-1,594,595,580,-1,580,595,596,-1,580,596,581,-1,566,597,564,-1,564,597,598,-1,564,598,578,-1,578,598,599,-1,578,599,579,-1,600,601,602,-1,603,604,605,-1,606,607,608,-1,609,610,611,-1,612,613,614,-1,614,613,615,-1,616,617,609,-1,609,617,618,-1,609,618,610,-1,619,620,621,-1,621,620,622,-1,623,624,625,-1,625,624,626,-1,627,628,629,-1,629,628,630,-1,629,630,631,-1,598,597,623,-1,623,625,598,-1,598,625,632,-1,598,632,599,-1,599,632,633,-1,599,633,579,-1,579,633,634,-1,579,634,592,-1,592,634,635,-1,592,635,593,-1,593,635,636,-1,593,636,595,-1,595,636,637,-1,595,637,596,-1,596,637,638,-1,596,638,581,-1,581,638,639,-1,581,639,583,-1,583,639,640,-1,583,640,584,-1,584,640,641,-1,584,641,575,-1,575,641,642,-1,575,642,576,-1,576,642,643,-1,576,643,568,-1,568,643,644,-1,568,644,570,-1,570,644,645,-1,570,645,572,-1,572,645,646,-1,572,646,573,-1,573,646,647,-1,573,647,562,-1,562,647,648,-1,562,648,563,-1,563,648,649,-1,563,649,553,-1,553,649,650,-1,553,650,554,-1,554,650,651,-1,554,651,555,-1,555,651,652,-1,555,652,557,-1,557,652,653,-1,557,653,559,-1,559,653,654,-1,559,654,560,-1,560,654,655,-1,560,655,543,-1,543,655,656,-1,543,656,544,-1,544,656,657,-1,544,657,540,-1,540,657,658,-1,540,658,541,-1,541,658,659,-1,541,659,515,-1,515,659,660,-1,515,660,517,-1,517,660,661,-1,517,661,534,-1,534,661,662,-1,534,662,535,-1,535,662,663,-1,535,663,537,-1,537,663,664,-1,537,664,548,-1,548,664,665,-1,548,665,549,-1,549,665,666,-1,549,666,550,-1,550,666,667,-1,550,667,530,-1,530,667,668,-1,530,668,532,-1,532,668,669,-1,532,669,533,-1,533,669,670,-1,533,670,525,-1,525,670,671,-1,525,671,527,-1,527,671,672,-1,527,672,545,-1,545,672,673,-1,545,673,546,-1,546,673,674,-1,546,674,547,-1,547,674,675,-1,547,675,520,-1,520,675,676,-1,520,676,522,-1,522,676,605,-1,522,605,585,-1,585,605,604,-1,585,604,586,-1,677,678,679,-1,679,678,680,-1,679,680,603,-1,681,682,683,-1,683,682,684,-1,683,684,677,-1,685,686,687,-1,687,686,688,-1,687,688,681,-1,689,690,691,-1,691,690,692,-1,691,692,693,-1,693,694,691,-1,691,694,695,-1,691,695,685,-1,696,697,698,-1,698,699,696,-1,696,699,700,-1,696,700,689,-1,601,600,701,-1,701,600,697,-1,701,697,702,-1,702,697,696,-1,702,696,703,-1,703,696,704,-1,703,704,705,-1,705,704,706,-1,705,706,707,-1,707,706,708,-1,708,706,709,-1,708,709,710,-1,711,712,713,-1,713,712,714,-1,713,714,715,-1,715,714,716,-1,715,716,717,-1,717,716,718,-1,717,718,709,-1,709,718,719,-1,709,719,710,-1,711,713,720,-1,720,713,721,-1,720,721,722,-1,722,721,723,-1,722,723,724,-1,724,723,725,-1,724,725,726,-1,726,725,727,-1,727,725,728,-1,727,728,729,-1,730,731,732,-1,732,731,733,-1,732,733,734,-1,734,733,735,-1,734,735,736,-1,736,735,737,-1,736,737,728,-1,728,737,738,-1,728,738,729,-1,730,732,739,-1,739,732,740,-1,739,740,741,-1,741,740,742,-1,741,742,743,-1,743,742,744,-1,743,744,745,-1,745,744,746,-1,746,744,747,-1,746,747,748,-1,749,750,751,-1,751,750,752,-1,751,752,753,-1,753,752,754,-1,753,754,755,-1,755,754,756,-1,755,756,747,-1,747,756,757,-1,747,757,748,-1,749,751,758,-1,758,751,759,-1,758,759,760,-1,760,759,761,-1,760,761,762,-1,762,761,763,-1,762,763,764,-1,764,763,765,-1,764,765,766,-1,767,768,769,-1,769,768,770,-1,769,770,771,-1,771,770,772,-1,771,772,773,-1,773,772,774,-1,773,774,765,-1,765,774,775,-1,765,775,766,-1,767,769,776,-1,776,769,777,-1,776,777,778,-1,778,777,779,-1,778,779,780,-1,780,779,781,-1,781,779,782,-1,781,782,783,-1,783,782,784,-1,783,784,785,-1,786,787,788,-1,788,787,789,-1,788,789,790,-1,790,789,791,-1,790,791,792,-1,792,791,793,-1,792,793,784,-1,784,793,794,-1,784,794,785,-1,786,788,795,-1,795,788,796,-1,795,796,797,-1,797,796,798,-1,797,798,799,-1,799,798,800,-1,800,798,801,-1,800,801,802,-1,802,801,803,-1,802,803,804,-1,805,806,807,-1,807,806,808,-1,807,808,809,-1,809,808,810,-1,809,810,811,-1,811,810,812,-1,811,812,803,-1,803,812,813,-1,803,813,804,-1,805,807,814,-1,814,807,815,-1,814,815,816,-1,816,815,817,-1,816,817,818,-1,818,817,819,-1,819,817,820,-1,819,820,821,-1,821,820,822,-1,821,822,823,-1,612,824,613,-1,613,824,825,-1,613,825,822,-1,822,825,826,-1,822,826,823,-1,689,691,696,-1,696,691,827,-1,696,827,704,-1,704,827,828,-1,704,828,706,-1,706,828,829,-1,706,829,709,-1,709,829,830,-1,709,830,717,-1,717,830,831,-1,717,831,715,-1,715,831,832,-1,715,832,713,-1,713,832,833,-1,713,833,721,-1,721,833,834,-1,721,834,723,-1,723,834,835,-1,723,835,725,-1,725,835,836,-1,725,836,728,-1,728,836,837,-1,728,837,736,-1,736,837,838,-1,736,838,734,-1,734,838,839,-1,734,839,732,-1,732,839,840,-1,732,840,740,-1,740,840,841,-1,740,841,742,-1,742,841,842,-1,742,842,744,-1,744,842,843,-1,744,843,747,-1,747,843,844,-1,747,844,755,-1,755,844,845,-1,755,845,753,-1,753,845,846,-1,753,846,751,-1,751,846,847,-1,751,847,759,-1,759,847,848,-1,759,848,761,-1,761,848,849,-1,761,849,763,-1,763,849,850,-1,763,850,765,-1,765,850,851,-1,765,851,773,-1,773,851,852,-1,773,852,771,-1,771,852,853,-1,771,853,769,-1,769,853,854,-1,769,854,777,-1,777,854,855,-1,777,855,779,-1,779,855,856,-1,779,856,782,-1,782,856,857,-1,782,857,784,-1,784,857,858,-1,784,858,792,-1,792,858,859,-1,792,859,790,-1,790,859,860,-1,790,860,788,-1,788,860,861,-1,788,861,796,-1,796,861,862,-1,796,862,798,-1,798,862,863,-1,798,863,801,-1,801,863,864,-1,801,864,803,-1,803,864,865,-1,803,865,811,-1,811,865,866,-1,811,866,809,-1,809,866,867,-1,809,867,807,-1,807,867,868,-1,807,868,815,-1,815,868,869,-1,815,869,817,-1,817,869,870,-1,817,870,820,-1,820,870,871,-1,820,871,822,-1,822,871,609,-1,822,609,613,-1,613,609,611,-1,613,611,615,-1,685,687,691,-1,691,687,872,-1,691,872,827,-1,827,872,873,-1,827,873,828,-1,828,873,874,-1,828,874,829,-1,829,874,875,-1,829,875,830,-1,830,875,876,-1,830,876,831,-1,831,876,877,-1,831,877,832,-1,832,877,878,-1,832,878,833,-1,833,878,879,-1,833,879,834,-1,834,879,880,-1,834,880,835,-1,835,880,881,-1,835,881,836,-1,836,881,882,-1,836,882,837,-1,837,882,883,-1,837,883,838,-1,838,883,884,-1,838,884,839,-1,839,884,885,-1,839,885,840,-1,840,885,886,-1,840,886,841,-1,841,886,887,-1,841,887,842,-1,842,887,888,-1,842,888,843,-1,843,888,889,-1,843,889,844,-1,844,889,890,-1,844,890,845,-1,845,890,891,-1,845,891,846,-1,846,891,892,-1,846,892,847,-1,847,892,893,-1,847,893,848,-1,848,893,894,-1,848,894,849,-1,849,894,895,-1,849,895,850,-1,850,895,896,-1,850,896,851,-1,851,896,897,-1,851,897,852,-1,852,897,898,-1,852,898,853,-1,853,898,899,-1,853,899,854,-1,854,899,900,-1,854,900,855,-1,855,900,901,-1,855,901,856,-1,856,901,902,-1,856,902,857,-1,857,902,903,-1,857,903,858,-1,858,903,904,-1,858,904,859,-1,859,904,905,-1,859,905,860,-1,860,905,906,-1,860,906,861,-1,861,906,907,-1,861,907,862,-1,862,907,908,-1,862,908,863,-1,863,908,909,-1,863,909,864,-1,864,909,910,-1,864,910,865,-1,865,910,911,-1,865,911,866,-1,866,911,912,-1,866,912,867,-1,867,912,913,-1,867,913,868,-1,868,913,914,-1,868,914,869,-1,869,914,915,-1,869,915,870,-1,870,915,916,-1,870,916,871,-1,871,916,620,-1,871,620,609,-1,609,620,619,-1,609,619,616,-1,681,683,687,-1,687,683,917,-1,687,917,872,-1,872,917,918,-1,872,918,873,-1,873,918,919,-1,873,919,874,-1,874,919,920,-1,874,920,875,-1,875,920,921,-1,875,921,876,-1,876,921,922,-1,876,922,877,-1,877,922,923,-1,877,923,878,-1,878,923,924,-1,878,924,879,-1,879,924,925,-1,879,925,880,-1,880,925,926,-1,880,926,881,-1,881,926,927,-1,881,927,882,-1,882,927,928,-1,882,928,883,-1,883,928,929,-1,883,929,884,-1,884,929,930,-1,884,930,885,-1,885,930,931,-1,885,931,886,-1,886,931,932,-1,886,932,887,-1,887,932,933,-1,887,933,888,-1,888,933,934,-1,888,934,889,-1,889,934,935,-1,889,935,890,-1,890,935,936,-1,890,936,891,-1,891,936,937,-1,891,937,892,-1,892,937,938,-1,892,938,893,-1,893,938,939,-1,893,939,894,-1,894,939,940,-1,894,940,895,-1,895,940,941,-1,895,941,896,-1,896,941,942,-1,896,942,897,-1,897,942,943,-1,897,943,898,-1,898,943,944,-1,898,944,899,-1,899,944,945,-1,899,945,900,-1,900,945,946,-1,900,946,901,-1,901,946,947,-1,901,947,902,-1,902,947,948,-1,902,948,903,-1,903,948,949,-1,903,949,904,-1,904,949,950,-1,904,950,905,-1,905,950,951,-1,905,951,906,-1,906,951,952,-1,906,952,907,-1,907,952,953,-1,907,953,908,-1,908,953,954,-1,908,954,909,-1,909,954,955,-1,909,955,910,-1,910,955,956,-1,910,956,911,-1,911,956,957,-1,911,957,912,-1,912,957,958,-1,912,958,913,-1,913,958,959,-1,913,959,914,-1,914,959,960,-1,914,960,915,-1,915,960,961,-1,915,961,916,-1,916,961,608,-1,916,608,620,-1,620,608,607,-1,620,607,622,-1,677,679,683,-1,683,679,962,-1,683,962,917,-1,917,962,963,-1,917,963,918,-1,918,963,964,-1,918,964,919,-1,919,964,965,-1,919,965,920,-1,920,965,966,-1,920,966,921,-1,921,966,967,-1,921,967,922,-1,922,967,968,-1,922,968,923,-1,923,968,969,-1,923,969,924,-1,924,969,970,-1,924,970,925,-1,925,970,971,-1,925,971,926,-1,926,971,972,-1,926,972,927,-1,927,972,973,-1,927,973,928,-1,928,973,974,-1,928,974,929,-1,929,974,975,-1,929,975,930,-1,930,975,976,-1,930,976,931,-1,931,976,977,-1,931,977,932,-1,932,977,978,-1,932,978,933,-1,933,978,979,-1,933,979,934,-1,934,979,980,-1,934,980,935,-1,935,980,981,-1,935,981,936,-1,936,981,982,-1,936,982,937,-1,937,982,983,-1,937,983,938,-1,938,983,984,-1,938,984,939,-1,939,984,985,-1,939,985,940,-1,940,985,986,-1,940,986,941,-1,941,986,987,-1,941,987,942,-1,942,987,988,-1,942,988,943,-1,943,988,989,-1,943,989,944,-1,944,989,990,-1,944,990,945,-1,945,990,991,-1,945,991,946,-1,946,991,992,-1,946,992,947,-1,947,992,993,-1,947,993,948,-1,948,993,994,-1,948,994,949,-1,949,994,995,-1,949,995,950,-1,950,995,996,-1,950,996,951,-1,951,996,997,-1,951,997,952,-1,952,997,998,-1,952,998,953,-1,953,998,999,-1,953,999,954,-1,954,999,1000,-1,954,1000,955,-1,955,1000,1001,-1,955,1001,956,-1,956,1001,1002,-1,956,1002,957,-1,957,1002,1003,-1,957,1003,958,-1,958,1003,1004,-1,958,1004,959,-1,959,1004,1005,-1,959,1005,960,-1,960,1005,1006,-1,960,1006,961,-1,961,1006,629,-1,961,629,608,-1,608,629,631,-1,608,631,606,-1,603,605,679,-1,679,605,676,-1,679,676,962,-1,962,676,675,-1,962,675,963,-1,963,675,674,-1,963,674,964,-1,964,674,673,-1,964,673,965,-1,965,673,672,-1,965,672,966,-1,966,672,671,-1,966,671,967,-1,967,671,670,-1,967,670,968,-1,968,670,669,-1,968,669,969,-1,969,669,668,-1,969,668,970,-1,970,668,667,-1,970,667,971,-1,971,667,666,-1,971,666,972,-1,972,666,665,-1,972,665,973,-1,973,665,664,-1,973,664,974,-1,974,664,663,-1,974,663,975,-1,975,663,662,-1,975,662,976,-1,976,662,661,-1,976,661,977,-1,977,661,660,-1,977,660,978,-1,978,660,659,-1,978,659,979,-1,979,659,658,-1,979,658,980,-1,980,658,657,-1,980,657,981,-1,981,657,656,-1,981,656,982,-1,982,656,655,-1,982,655,983,-1,983,655,654,-1,983,654,984,-1,984,654,653,-1,984,653,985,-1,985,653,652,-1,985,652,986,-1,986,652,651,-1,986,651,987,-1,987,651,650,-1,987,650,988,-1,988,650,649,-1,988,649,989,-1,989,649,648,-1,989,648,990,-1,990,648,647,-1,990,647,991,-1,991,647,646,-1,991,646,992,-1,992,646,645,-1,992,645,993,-1,993,645,644,-1,993,644,994,-1,994,644,643,-1,994,643,995,-1,995,643,642,-1,995,642,996,-1,996,642,641,-1,996,641,997,-1,997,641,640,-1,997,640,998,-1,998,640,639,-1,998,639,999,-1,999,639,638,-1,999,638,1000,-1,1000,638,637,-1,1000,637,1001,-1,1001,637,636,-1,1001,636,1002,-1,1002,636,635,-1,1002,635,1003,-1,1003,635,634,-1,1003,634,1004,-1,1004,634,633,-1,1004,633,1005,-1,1005,633,632,-1,1005,632,1006,-1,1006,632,625,-1,1006,625,629,-1,629,625,626,-1,629,626,627,-1,1007,1008,1009,-1,1010,1011,1012,-1,1008,1007,1013,-1,1014,1013,1015,-1,1015,1013,1016,-1,1009,1010,1007,-1,1007,1010,1012,-1,1007,1012,1013,-1,1013,1012,1017,-1,1013,1017,1016,-1,1014,1018,1013,-1,1013,1018,1019,-1,1013,1019,1020,-1,1020,1021,1013,-1,1013,1021,1022,-1,1013,1022,1023,-1,1024,1008,1025,-1,1025,1008,1013,-1,1025,1013,1026,-1,1026,1013,1027,-1,1028,1029,1030,-1,1030,1031,1032,-1,1032,1033,1030,-1,1030,1033,1034,-1,1030,1034,1028,-1,1035,1036,701,-1,701,1036,1037,-1,701,1037,1038,-1,1038,1039,701,-1,701,1039,1040,-1,701,1040,1041,-1,1041,1042,701,-1,701,1042,1043,-1,701,1043,1044,-1,1045,602,601,-1,1046,1045,1044,-1,1044,1045,601,-1,1044,601,701,-1,824,1026,825,-1,825,1026,1027,-1,825,1027,826,-1,826,1027,1047,-1,826,1047,823,-1,823,1047,1048,-1,823,1048,821,-1,821,1048,1049,-1,821,1049,819,-1,819,1049,1050,-1,819,1050,818,-1,818,1050,1051,-1,818,1051,816,-1,816,1051,1052,-1,816,1052,814,-1,814,1052,1053,-1,814,1053,805,-1,805,1053,1054,-1,805,1054,806,-1,806,1054,1055,-1,806,1055,808,-1,808,1055,1056,-1,808,1056,810,-1,810,1056,1057,-1,810,1057,812,-1,812,1057,1058,-1,812,1058,813,-1,813,1058,1059,-1,813,1059,804,-1,804,1059,1060,-1,804,1060,802,-1,802,1060,1061,-1,802,1061,800,-1,800,1061,1062,-1,800,1062,799,-1,799,1062,1063,-1,799,1063,797,-1,797,1063,1064,-1,797,1064,795,-1,795,1064,1065,-1,795,1065,786,-1,786,1065,1066,-1,786,1066,787,-1,787,1066,1067,-1,787,1067,789,-1,789,1067,1068,-1,789,1068,791,-1,791,1068,1069,-1,791,1069,793,-1,793,1069,1070,-1,793,1070,794,-1,794,1070,1071,-1,794,1071,785,-1,785,1071,1072,-1,785,1072,783,-1,783,1072,1073,-1,783,1073,781,-1,781,1073,1074,-1,781,1074,780,-1,780,1074,1075,-1,780,1075,778,-1,778,1075,1076,-1,778,1076,776,-1,776,1076,1077,-1,776,1077,767,-1,767,1077,1078,-1,767,1078,768,-1,768,1078,1079,-1,768,1079,770,-1,770,1079,1080,-1,770,1080,772,-1,772,1080,1081,-1,772,1081,774,-1,774,1081,1082,-1,774,1082,775,-1,775,1082,1083,-1,775,1083,766,-1,766,1083,1084,-1,766,1084,764,-1,764,1084,1085,-1,764,1085,762,-1,762,1085,1086,-1,762,1086,760,-1,760,1086,1087,-1,760,1087,758,-1,758,1087,1088,-1,758,1088,749,-1,749,1088,1089,-1,749,1089,750,-1,750,1089,1090,-1,750,1090,752,-1,752,1090,1091,-1,752,1091,754,-1,754,1091,1092,-1,754,1092,756,-1,756,1092,1093,-1,756,1093,757,-1,757,1093,1094,-1,757,1094,748,-1,748,1094,1095,-1,748,1095,746,-1,746,1095,1096,-1,746,1096,745,-1,745,1096,1097,-1,745,1097,743,-1,743,1097,1098,-1,743,1098,741,-1,741,1098,1099,-1,741,1099,739,-1,739,1099,1100,-1,739,1100,730,-1,730,1100,1101,-1,730,1101,731,-1,731,1101,1102,-1,731,1102,733,-1,733,1102,1103,-1,733,1103,735,-1,735,1103,1104,-1,735,1104,737,-1,737,1104,1105,-1,737,1105,738,-1,738,1105,1106,-1,738,1106,729,-1,729,1106,1107,-1,729,1107,727,-1,727,1107,1108,-1,727,1108,726,-1,726,1108,1109,-1,726,1109,724,-1,724,1109,1110,-1,724,1110,722,-1,722,1110,1111,-1,722,1111,720,-1,720,1111,1112,-1,720,1112,711,-1,711,1112,1113,-1,711,1113,712,-1,712,1113,1114,-1,712,1114,714,-1,714,1114,1115,-1,714,1115,716,-1,716,1115,1116,-1,716,1116,718,-1,718,1116,1117,-1,718,1117,719,-1,719,1117,1118,-1,719,1118,710,-1,710,1118,1119,-1,710,1119,708,-1,708,1119,1120,-1,708,1120,707,-1,707,1120,1121,-1,707,1121,705,-1,705,1121,1122,-1,705,1122,703,-1,703,1122,1123,-1,703,1123,702,-1,702,1123,1124,-1,702,1124,701,-1,701,1124,1030,-1,701,1030,1035,-1,1035,1030,1029,-1,1030,1124,1125,-1,1013,1023,1126,-1,1127,1128,1129,-1,1130,1131,1132,-1,1132,1131,1133,-1,1134,1135,1136,-1,1136,1135,1137,-1,1138,1139,1140,-1,1140,1139,1141,-1,1142,1126,1143,-1,1013,1126,1027,-1,1027,1126,1142,-1,1027,1142,1047,-1,1047,1142,1144,-1,1047,1144,1048,-1,1048,1144,1145,-1,1048,1145,1049,-1,1049,1145,1050,-1,1050,1145,1146,-1,1050,1146,1051,-1,1051,1146,1052,-1,1052,1146,1147,-1,1052,1147,1053,-1,1053,1147,1054,-1,1054,1147,1148,-1,1054,1148,1055,-1,1055,1148,1149,-1,1055,1149,1056,-1,1150,1060,1151,-1,1151,1060,1059,-1,1151,1059,1152,-1,1152,1059,1058,-1,1152,1058,1149,-1,1149,1058,1057,-1,1149,1057,1056,-1,1153,1062,1150,-1,1150,1062,1061,-1,1150,1061,1060,-1,1154,1064,1153,-1,1153,1064,1063,-1,1153,1063,1062,-1,1069,1068,1155,-1,1155,1068,1067,-1,1155,1067,1156,-1,1156,1067,1066,-1,1156,1066,1154,-1,1154,1066,1065,-1,1154,1065,1064,-1,1069,1155,1070,-1,1070,1155,1157,-1,1070,1157,1071,-1,1071,1157,1158,-1,1071,1158,1072,-1,1072,1158,1159,-1,1072,1159,1073,-1,1073,1159,1074,-1,1074,1159,1160,-1,1074,1160,1075,-1,1081,1080,1161,-1,1161,1080,1079,-1,1161,1079,1162,-1,1162,1079,1078,-1,1162,1078,1163,-1,1163,1078,1077,-1,1163,1077,1160,-1,1160,1077,1076,-1,1160,1076,1075,-1,1081,1161,1082,-1,1082,1161,1164,-1,1082,1164,1083,-1,1083,1164,1165,-1,1083,1165,1084,-1,1084,1165,1166,-1,1084,1166,1085,-1,1085,1166,1167,-1,1085,1167,1086,-1,1092,1091,1168,-1,1168,1091,1090,-1,1168,1090,1169,-1,1169,1090,1089,-1,1169,1089,1170,-1,1170,1089,1088,-1,1170,1088,1167,-1,1167,1088,1087,-1,1167,1087,1086,-1,1092,1168,1093,-1,1093,1168,1171,-1,1093,1171,1094,-1,1094,1171,1172,-1,1094,1172,1095,-1,1095,1172,1096,-1,1096,1172,1173,-1,1096,1173,1097,-1,1097,1173,1174,-1,1097,1174,1098,-1,1104,1103,1175,-1,1175,1103,1102,-1,1175,1102,1176,-1,1176,1102,1101,-1,1176,1101,1177,-1,1177,1101,1100,-1,1177,1100,1174,-1,1174,1100,1099,-1,1174,1099,1098,-1,1104,1175,1105,-1,1105,1175,1178,-1,1105,1178,1106,-1,1106,1178,1179,-1,1106,1179,1107,-1,1107,1179,1108,-1,1108,1179,1180,-1,1108,1180,1109,-1,1109,1180,1181,-1,1109,1181,1110,-1,1116,1115,1182,-1,1182,1115,1114,-1,1182,1114,1183,-1,1183,1114,1113,-1,1183,1113,1184,-1,1184,1113,1112,-1,1184,1112,1181,-1,1181,1112,1111,-1,1181,1111,1110,-1,1116,1182,1117,-1,1117,1182,1185,-1,1117,1185,1118,-1,1118,1185,1186,-1,1118,1186,1119,-1,1119,1186,1120,-1,1120,1186,1187,-1,1120,1187,1121,-1,1121,1187,1188,-1,1121,1188,1122,-1,1125,1124,1188,-1,1188,1124,1123,-1,1188,1123,1122,-1,1189,1190,1125,-1,1125,1190,1191,-1,1125,1191,1030,-1,1030,1191,1192,-1,1030,1192,1031,-1,1193,1194,1195,-1,1195,1194,1196,-1,1195,1196,1189,-1,1197,1198,1199,-1,1199,1198,1200,-1,1199,1200,1193,-1,1201,1202,1203,-1,1203,1202,1197,-1,1204,1205,1206,-1,1206,1205,1207,-1,1206,1207,1201,-1,1208,1209,1204,-1,1210,1211,1209,-1,1209,1208,1210,-1,1210,1208,1212,-1,1210,1212,1213,-1,1213,1212,1214,-1,1213,1214,1215,-1,1215,1214,1216,-1,1215,1216,1217,-1,1217,1216,1218,-1,1217,1218,1219,-1,1219,1218,1220,-1,1219,1220,1221,-1,1221,1220,1222,-1,1221,1222,1223,-1,1223,1222,1224,-1,1223,1224,1225,-1,1225,1224,1226,-1,1225,1226,1227,-1,1227,1226,1228,-1,1227,1228,1229,-1,1229,1228,1230,-1,1229,1230,1231,-1,1231,1230,1232,-1,1231,1232,1233,-1,1233,1232,1234,-1,1233,1234,1235,-1,1235,1234,1236,-1,1235,1236,1237,-1,1237,1236,1238,-1,1237,1238,1239,-1,1239,1238,1240,-1,1239,1240,1241,-1,1241,1240,1242,-1,1241,1242,1243,-1,1243,1242,1244,-1,1243,1244,1245,-1,1245,1244,1246,-1,1245,1246,1247,-1,1247,1246,1248,-1,1247,1248,1249,-1,1249,1248,1250,-1,1249,1250,1251,-1,1251,1250,1252,-1,1251,1252,1253,-1,1253,1252,1254,-1,1253,1254,1255,-1,1255,1254,1256,-1,1255,1256,1257,-1,1257,1256,1258,-1,1257,1258,1259,-1,1259,1258,1260,-1,1259,1260,1261,-1,1261,1260,1262,-1,1261,1262,1263,-1,1263,1262,1264,-1,1263,1264,1265,-1,1265,1264,1266,-1,1265,1266,1267,-1,1267,1266,1268,-1,1267,1268,1269,-1,1269,1268,1270,-1,1269,1270,1271,-1,1271,1270,1272,-1,1271,1272,1273,-1,1273,1272,1274,-1,1273,1274,1275,-1,1275,1274,1276,-1,1275,1276,1277,-1,1277,1276,1278,-1,1277,1278,1279,-1,1279,1278,1280,-1,1279,1280,1281,-1,1281,1280,1282,-1,1281,1282,1283,-1,1283,1282,1284,-1,1283,1284,1285,-1,1285,1284,1286,-1,1285,1286,1287,-1,1287,1286,1288,-1,1287,1288,1289,-1,1289,1288,1290,-1,1289,1290,1291,-1,1291,1290,1292,-1,1291,1292,1293,-1,1293,1292,1294,-1,1293,1294,1295,-1,1295,1294,1296,-1,1295,1296,1297,-1,1297,1296,1298,-1,1297,1298,1299,-1,1299,1298,1300,-1,1299,1300,1301,-1,1301,1300,1302,-1,1301,1302,1303,-1,1204,1206,1208,-1,1208,1206,1304,-1,1208,1304,1212,-1,1212,1304,1305,-1,1212,1305,1214,-1,1214,1305,1306,-1,1214,1306,1216,-1,1216,1306,1307,-1,1216,1307,1218,-1,1218,1307,1308,-1,1218,1308,1220,-1,1220,1308,1309,-1,1220,1309,1222,-1,1222,1309,1310,-1,1222,1310,1224,-1,1224,1310,1311,-1,1224,1311,1226,-1,1226,1311,1312,-1,1226,1312,1228,-1,1228,1312,1313,-1,1228,1313,1230,-1,1230,1313,1314,-1,1230,1314,1232,-1,1232,1314,1315,-1,1232,1315,1234,-1,1234,1315,1316,-1,1234,1316,1236,-1,1236,1316,1317,-1,1236,1317,1238,-1,1238,1317,1318,-1,1238,1318,1240,-1,1240,1318,1319,-1,1240,1319,1242,-1,1242,1319,1320,-1,1242,1320,1244,-1,1244,1320,1321,-1,1244,1321,1246,-1,1246,1321,1322,-1,1246,1322,1248,-1,1248,1322,1323,-1,1248,1323,1250,-1,1250,1323,1324,-1,1250,1324,1252,-1,1252,1324,1325,-1,1252,1325,1254,-1,1254,1325,1326,-1,1254,1326,1256,-1,1256,1326,1327,-1,1256,1327,1258,-1,1258,1327,1328,-1,1258,1328,1260,-1,1260,1328,1329,-1,1260,1329,1262,-1,1262,1329,1330,-1,1262,1330,1264,-1,1264,1330,1331,-1,1264,1331,1266,-1,1266,1331,1332,-1,1266,1332,1268,-1,1268,1332,1333,-1,1268,1333,1270,-1,1270,1333,1334,-1,1270,1334,1272,-1,1272,1334,1335,-1,1272,1335,1274,-1,1274,1335,1336,-1,1274,1336,1276,-1,1276,1336,1337,-1,1276,1337,1278,-1,1278,1337,1338,-1,1278,1338,1280,-1,1280,1338,1339,-1,1280,1339,1282,-1,1282,1339,1340,-1,1282,1340,1284,-1,1284,1340,1341,-1,1284,1341,1286,-1,1286,1341,1342,-1,1286,1342,1288,-1,1288,1342,1343,-1,1288,1343,1290,-1,1290,1343,1344,-1,1290,1344,1292,-1,1292,1344,1345,-1,1292,1345,1294,-1,1294,1345,1346,-1,1294,1346,1296,-1,1296,1346,1347,-1,1296,1347,1298,-1,1298,1347,1348,-1,1298,1348,1300,-1,1300,1348,1127,-1,1300,1127,1302,-1,1302,1127,1129,-1,1302,1129,1303,-1,1303,1129,1349,-1,1303,1349,1350,-1,1201,1203,1206,-1,1206,1203,1351,-1,1206,1351,1304,-1,1304,1351,1352,-1,1304,1352,1305,-1,1305,1352,1353,-1,1305,1353,1306,-1,1306,1353,1354,-1,1306,1354,1307,-1,1307,1354,1355,-1,1307,1355,1308,-1,1308,1355,1356,-1,1308,1356,1309,-1,1309,1356,1357,-1,1309,1357,1310,-1,1310,1357,1358,-1,1310,1358,1311,-1,1311,1358,1359,-1,1311,1359,1312,-1,1312,1359,1360,-1,1312,1360,1313,-1,1313,1360,1361,-1,1313,1361,1314,-1,1314,1361,1362,-1,1314,1362,1315,-1,1315,1362,1363,-1,1315,1363,1316,-1,1316,1363,1364,-1,1316,1364,1317,-1,1317,1364,1365,-1,1317,1365,1318,-1,1318,1365,1366,-1,1318,1366,1319,-1,1319,1366,1367,-1,1319,1367,1320,-1,1320,1367,1368,-1,1320,1368,1321,-1,1321,1368,1369,-1,1321,1369,1322,-1,1322,1369,1370,-1,1322,1370,1323,-1,1323,1370,1371,-1,1323,1371,1324,-1,1324,1371,1372,-1,1324,1372,1325,-1,1325,1372,1373,-1,1325,1373,1326,-1,1326,1373,1374,-1,1326,1374,1327,-1,1327,1374,1375,-1,1327,1375,1328,-1,1328,1375,1376,-1,1328,1376,1329,-1,1329,1376,1377,-1,1329,1377,1330,-1,1330,1377,1378,-1,1330,1378,1331,-1,1331,1378,1379,-1,1331,1379,1332,-1,1332,1379,1380,-1,1332,1380,1333,-1,1333,1380,1381,-1,1333,1381,1334,-1,1334,1381,1382,-1,1334,1382,1335,-1,1335,1382,1383,-1,1335,1383,1336,-1,1336,1383,1384,-1,1336,1384,1337,-1,1337,1384,1385,-1,1337,1385,1338,-1,1338,1385,1386,-1,1338,1386,1339,-1,1339,1386,1387,-1,1339,1387,1340,-1,1340,1387,1388,-1,1340,1388,1341,-1,1341,1388,1389,-1,1341,1389,1342,-1,1342,1389,1390,-1,1342,1390,1343,-1,1343,1390,1391,-1,1343,1391,1344,-1,1344,1391,1392,-1,1344,1392,1345,-1,1345,1392,1393,-1,1345,1393,1346,-1,1346,1393,1394,-1,1346,1394,1347,-1,1347,1394,1395,-1,1347,1395,1348,-1,1348,1395,1132,-1,1348,1132,1127,-1,1127,1132,1133,-1,1127,1133,1128,-1,1197,1199,1203,-1,1203,1199,1396,-1,1203,1396,1351,-1,1351,1396,1397,-1,1351,1397,1352,-1,1352,1397,1398,-1,1352,1398,1353,-1,1353,1398,1399,-1,1353,1399,1354,-1,1354,1399,1400,-1,1354,1400,1355,-1,1355,1400,1401,-1,1355,1401,1356,-1,1356,1401,1402,-1,1356,1402,1357,-1,1357,1402,1403,-1,1357,1403,1358,-1,1358,1403,1404,-1,1358,1404,1359,-1,1359,1404,1405,-1,1359,1405,1360,-1,1360,1405,1406,-1,1360,1406,1361,-1,1361,1406,1407,-1,1361,1407,1362,-1,1362,1407,1408,-1,1362,1408,1363,-1,1363,1408,1409,-1,1363,1409,1364,-1,1364,1409,1410,-1,1364,1410,1365,-1,1365,1410,1411,-1,1365,1411,1366,-1,1366,1411,1412,-1,1366,1412,1367,-1,1367,1412,1413,-1,1367,1413,1368,-1,1368,1413,1414,-1,1368,1414,1369,-1,1369,1414,1415,-1,1369,1415,1370,-1,1370,1415,1416,-1,1370,1416,1371,-1,1371,1416,1417,-1,1371,1417,1372,-1,1372,1417,1418,-1,1372,1418,1373,-1,1373,1418,1419,-1,1373,1419,1374,-1,1374,1419,1420,-1,1374,1420,1375,-1,1375,1420,1421,-1,1375,1421,1376,-1,1376,1421,1422,-1,1376,1422,1377,-1,1377,1422,1423,-1,1377,1423,1378,-1,1378,1423,1424,-1,1378,1424,1379,-1,1379,1424,1425,-1,1379,1425,1380,-1,1380,1425,1426,-1,1380,1426,1381,-1,1381,1426,1427,-1,1381,1427,1382,-1,1382,1427,1428,-1,1382,1428,1383,-1,1383,1428,1429,-1,1383,1429,1384,-1,1384,1429,1430,-1,1384,1430,1385,-1,1385,1430,1431,-1,1385,1431,1386,-1,1386,1431,1432,-1,1386,1432,1387,-1,1387,1432,1433,-1,1387,1433,1388,-1,1388,1433,1434,-1,1388,1434,1389,-1,1389,1434,1435,-1,1389,1435,1390,-1,1390,1435,1436,-1,1390,1436,1391,-1,1391,1436,1437,-1,1391,1437,1392,-1,1392,1437,1438,-1,1392,1438,1393,-1,1393,1438,1439,-1,1393,1439,1394,-1,1394,1439,1440,-1,1394,1440,1395,-1,1395,1440,1136,-1,1395,1136,1132,-1,1132,1136,1137,-1,1132,1137,1130,-1,1193,1195,1199,-1,1199,1195,1441,-1,1199,1441,1396,-1,1396,1441,1442,-1,1396,1442,1397,-1,1397,1442,1443,-1,1397,1443,1398,-1,1398,1443,1444,-1,1398,1444,1399,-1,1399,1444,1445,-1,1399,1445,1400,-1,1400,1445,1446,-1,1400,1446,1401,-1,1401,1446,1447,-1,1401,1447,1402,-1,1402,1447,1448,-1,1402,1448,1403,-1,1403,1448,1449,-1,1403,1449,1404,-1,1404,1449,1450,-1,1404,1450,1405,-1,1405,1450,1451,-1,1405,1451,1406,-1,1406,1451,1452,-1,1406,1452,1407,-1,1407,1452,1453,-1,1407,1453,1408,-1,1408,1453,1454,-1,1408,1454,1409,-1,1409,1454,1455,-1,1409,1455,1410,-1,1410,1455,1456,-1,1410,1456,1411,-1,1411,1456,1457,-1,1411,1457,1412,-1,1412,1457,1458,-1,1412,1458,1413,-1,1413,1458,1459,-1,1413,1459,1414,-1,1414,1459,1460,-1,1414,1460,1415,-1,1415,1460,1461,-1,1415,1461,1416,-1,1416,1461,1462,-1,1416,1462,1417,-1,1417,1462,1463,-1,1417,1463,1418,-1,1418,1463,1464,-1,1418,1464,1419,-1,1419,1464,1465,-1,1419,1465,1420,-1,1420,1465,1466,-1,1420,1466,1421,-1,1421,1466,1467,-1,1421,1467,1422,-1,1422,1467,1468,-1,1422,1468,1423,-1,1423,1468,1469,-1,1423,1469,1424,-1,1424,1469,1470,-1,1424,1470,1425,-1,1425,1470,1471,-1,1425,1471,1426,-1,1426,1471,1472,-1,1426,1472,1427,-1,1427,1472,1473,-1,1427,1473,1428,-1,1428,1473,1474,-1,1428,1474,1429,-1,1429,1474,1475,-1,1429,1475,1430,-1,1430,1475,1476,-1,1430,1476,1431,-1,1431,1476,1477,-1,1431,1477,1432,-1,1432,1477,1478,-1,1432,1478,1433,-1,1433,1478,1479,-1,1433,1479,1434,-1,1434,1479,1480,-1,1434,1480,1435,-1,1435,1480,1481,-1,1435,1481,1436,-1,1436,1481,1482,-1,1436,1482,1437,-1,1437,1482,1483,-1,1437,1483,1438,-1,1438,1483,1484,-1,1438,1484,1439,-1,1439,1484,1485,-1,1439,1485,1440,-1,1440,1485,1140,-1,1440,1140,1136,-1,1136,1140,1141,-1,1136,1141,1134,-1,1189,1125,1195,-1,1195,1125,1188,-1,1195,1188,1441,-1,1441,1188,1187,-1,1441,1187,1442,-1,1442,1187,1186,-1,1442,1186,1443,-1,1443,1186,1185,-1,1443,1185,1444,-1,1444,1185,1182,-1,1444,1182,1445,-1,1445,1182,1183,-1,1445,1183,1446,-1,1446,1183,1184,-1,1446,1184,1447,-1,1447,1184,1181,-1,1447,1181,1448,-1,1448,1181,1180,-1,1448,1180,1449,-1,1449,1180,1179,-1,1449,1179,1450,-1,1450,1179,1178,-1,1450,1178,1451,-1,1451,1178,1175,-1,1451,1175,1452,-1,1452,1175,1176,-1,1452,1176,1453,-1,1453,1176,1177,-1,1453,1177,1454,-1,1454,1177,1174,-1,1454,1174,1455,-1,1455,1174,1173,-1,1455,1173,1456,-1,1456,1173,1172,-1,1456,1172,1457,-1,1457,1172,1171,-1,1457,1171,1458,-1,1458,1171,1168,-1,1458,1168,1459,-1,1459,1168,1169,-1,1459,1169,1460,-1,1460,1169,1170,-1,1460,1170,1461,-1,1461,1170,1167,-1,1461,1167,1462,-1,1462,1167,1166,-1,1462,1166,1463,-1,1463,1166,1165,-1,1463,1165,1464,-1,1464,1165,1164,-1,1464,1164,1465,-1,1465,1164,1161,-1,1465,1161,1466,-1,1466,1161,1162,-1,1466,1162,1467,-1,1467,1162,1163,-1,1467,1163,1468,-1,1468,1163,1160,-1,1468,1160,1469,-1,1469,1160,1159,-1,1469,1159,1470,-1,1470,1159,1158,-1,1470,1158,1471,-1,1471,1158,1157,-1,1471,1157,1472,-1,1472,1157,1155,-1,1472,1155,1473,-1,1473,1155,1156,-1,1473,1156,1474,-1,1474,1156,1154,-1,1474,1154,1475,-1,1475,1154,1153,-1,1475,1153,1476,-1,1476,1153,1150,-1,1476,1150,1477,-1,1477,1150,1151,-1,1477,1151,1478,-1,1478,1151,1152,-1,1478,1152,1479,-1,1479,1152,1149,-1,1479,1149,1480,-1,1480,1149,1148,-1,1480,1148,1481,-1,1481,1148,1147,-1,1481,1147,1482,-1,1482,1147,1146,-1,1482,1146,1483,-1,1483,1146,1145,-1,1483,1145,1484,-1,1484,1145,1144,-1,1484,1144,1485,-1,1485,1144,1142,-1,1485,1142,1140,-1,1140,1142,1143,-1,1140,1143,1138,-1,1486,1487,1488,-1,1489,1490,1277,-1,1491,1259,1492,-1,1492,1259,1261,-1,1492,1261,1493,-1,1494,1293,1495,-1,1495,1293,1295,-1,1495,1295,1496,-1,1497,1271,1498,-1,1498,1271,1273,-1,1498,1273,1490,-1,1490,1273,1275,-1,1490,1275,1277,-1,1499,1229,1500,-1,1500,1229,1231,-1,1500,1231,1501,-1,1350,1486,1303,-1,1303,1486,1488,-1,1303,1488,1301,-1,1301,1488,1502,-1,1301,1502,1299,-1,1299,1502,1496,-1,1299,1496,1297,-1,1297,1496,1295,-1,1261,1263,1493,-1,1493,1263,1265,-1,1493,1265,1503,-1,1503,1265,1267,-1,1503,1267,1497,-1,1497,1267,1269,-1,1497,1269,1271,-1,1504,1253,1505,-1,1505,1253,1255,-1,1505,1255,1491,-1,1491,1255,1257,-1,1491,1257,1259,-1,1506,1241,1507,-1,1507,1241,1243,-1,1507,1243,1508,-1,1509,1287,1510,-1,1510,1287,1289,-1,1510,1289,1494,-1,1494,1289,1291,-1,1494,1291,1293,-1,1277,1279,1489,-1,1489,1279,1281,-1,1489,1281,1511,-1,1511,1281,1283,-1,1511,1283,1509,-1,1509,1283,1285,-1,1509,1285,1287,-1,1243,1245,1508,-1,1508,1245,1247,-1,1508,1247,1512,-1,1512,1247,1249,-1,1512,1249,1504,-1,1504,1249,1251,-1,1504,1251,1253,-1,1231,1233,1501,-1,1501,1233,1235,-1,1501,1235,1513,-1,1513,1235,1237,-1,1513,1237,1506,-1,1506,1237,1239,-1,1506,1239,1241,-1,1514,1217,1515,-1,1515,1217,1219,-1,1515,1219,1516,-1,1517,1518,1519,-1,1219,1221,1516,-1,1516,1221,1223,-1,1516,1223,1520,-1,1520,1223,1225,-1,1520,1225,1499,-1,1499,1225,1227,-1,1499,1227,1229,-1,1519,1211,1517,-1,1517,1211,1210,-1,1517,1210,1521,-1,1521,1210,1213,-1,1521,1213,1514,-1,1514,1213,1215,-1,1514,1215,1217,-1,1522,1523,1524,-1,1487,1525,1488,-1,1488,1525,1526,-1,1527,1528,1529,-1,1529,1530,1517,-1,1517,1530,1531,-1,1517,1531,1518,-1,1529,1517,1527,-1,1527,1517,1521,-1,1527,1521,1532,-1,1532,1521,1514,-1,1532,1514,1533,-1,1533,1514,1515,-1,1533,1515,1534,-1,1534,1515,1516,-1,1534,1516,1535,-1,1535,1516,1520,-1,1535,1520,1536,-1,1536,1520,1499,-1,1536,1499,1537,-1,1537,1499,1500,-1,1537,1500,1538,-1,1538,1500,1501,-1,1538,1501,1539,-1,1539,1501,1513,-1,1539,1513,1540,-1,1540,1513,1506,-1,1540,1506,1541,-1,1541,1506,1507,-1,1541,1507,1542,-1,1542,1507,1508,-1,1542,1508,1543,-1,1543,1508,1512,-1,1543,1512,1544,-1,1544,1512,1504,-1,1544,1504,1545,-1,1545,1504,1505,-1,1545,1505,1546,-1,1546,1505,1491,-1,1546,1491,1547,-1,1547,1491,1492,-1,1547,1492,1548,-1,1548,1492,1493,-1,1548,1493,1549,-1,1549,1493,1503,-1,1549,1503,1550,-1,1550,1503,1497,-1,1550,1497,1551,-1,1551,1497,1498,-1,1551,1498,1552,-1,1552,1498,1490,-1,1552,1490,1553,-1,1553,1490,1489,-1,1553,1489,1554,-1,1554,1489,1511,-1,1554,1511,1555,-1,1555,1511,1509,-1,1555,1509,1556,-1,1556,1509,1510,-1,1556,1510,1557,-1,1557,1510,1494,-1,1557,1494,1558,-1,1558,1494,1495,-1,1558,1495,1559,-1,1559,1495,1496,-1,1559,1496,1560,-1,1560,1496,1502,-1,1560,1502,1561,-1,1561,1502,1488,-1,1561,1488,1524,-1,1524,1488,1526,-1,1524,1526,1522,-1,1562,1563,1564,-1,1540,1565,1539,-1,1539,1565,1566,-1,1539,1566,1538,-1,1541,1567,1540,-1,1540,1567,1568,-1,1540,1568,1565,-1,1569,1528,1527,-1,1534,1570,1533,-1,1533,1570,1571,-1,1533,1571,1532,-1,1543,1572,1542,-1,1542,1572,1573,-1,1542,1573,1541,-1,1541,1573,1574,-1,1541,1574,1567,-1,1553,1575,1552,-1,1552,1575,1576,-1,1552,1576,1551,-1,1566,1577,1538,-1,1538,1577,1578,-1,1538,1578,1537,-1,1537,1578,1579,-1,1537,1579,1536,-1,1569,1527,1580,-1,1571,1581,1532,-1,1532,1581,1582,-1,1532,1582,1527,-1,1527,1582,1583,-1,1527,1583,1580,-1,1579,1584,1536,-1,1536,1584,1585,-1,1536,1585,1535,-1,1535,1585,1586,-1,1535,1586,1534,-1,1534,1586,1587,-1,1534,1587,1570,-1,1545,1588,1544,-1,1544,1588,1589,-1,1544,1589,1543,-1,1543,1589,1590,-1,1543,1590,1572,-1,1549,1591,1548,-1,1548,1591,1592,-1,1548,1592,1547,-1,1557,1593,1556,-1,1556,1593,1594,-1,1556,1594,1555,-1,1561,1595,1560,-1,1560,1595,1596,-1,1560,1596,1559,-1,1592,1597,1547,-1,1547,1597,1598,-1,1547,1598,1546,-1,1546,1598,1599,-1,1546,1599,1545,-1,1545,1599,1600,-1,1545,1600,1588,-1,1576,1601,1551,-1,1551,1601,1602,-1,1551,1602,1550,-1,1550,1602,1603,-1,1550,1603,1549,-1,1549,1603,1604,-1,1549,1604,1591,-1,1594,1605,1555,-1,1555,1605,1606,-1,1555,1606,1554,-1,1554,1606,1607,-1,1554,1607,1553,-1,1553,1607,1608,-1,1553,1608,1575,-1,1596,1609,1559,-1,1559,1609,1610,-1,1559,1610,1558,-1,1558,1610,1611,-1,1558,1611,1557,-1,1557,1611,1612,-1,1557,1612,1593,-1,1523,1562,1524,-1,1524,1562,1564,-1,1524,1564,1561,-1,1561,1564,1613,-1,1561,1613,1595,-1,1614,1615,1616,-1,1614,1616,1617,-1,1617,1616,1618,-1,1617,1618,1619,-1,1620,1621,1622,-1,1623,1624,1625,-1,1625,1624,1626,-1,1627,1628,1629,-1,1629,1628,1630,-1,1631,1632,1633,-1,1633,1632,1634,-1,1635,1636,1637,-1,1637,1636,1638,-1,1564,1563,1635,-1,1639,1640,1641,-1,1641,1640,1642,-1,1635,1637,1564,-1,1564,1637,1643,-1,1564,1643,1613,-1,1613,1643,1644,-1,1613,1644,1595,-1,1595,1644,1645,-1,1595,1645,1596,-1,1596,1645,1646,-1,1596,1646,1609,-1,1609,1646,1647,-1,1609,1647,1610,-1,1610,1647,1648,-1,1610,1648,1611,-1,1611,1648,1649,-1,1611,1649,1612,-1,1612,1649,1650,-1,1612,1650,1593,-1,1593,1650,1651,-1,1593,1651,1594,-1,1594,1651,1652,-1,1594,1652,1605,-1,1605,1652,1653,-1,1605,1653,1606,-1,1606,1653,1654,-1,1606,1654,1607,-1,1607,1654,1655,-1,1607,1655,1608,-1,1608,1655,1656,-1,1608,1656,1575,-1,1575,1656,1657,-1,1575,1657,1576,-1,1576,1657,1658,-1,1576,1658,1601,-1,1601,1658,1659,-1,1601,1659,1602,-1,1602,1659,1660,-1,1602,1660,1603,-1,1603,1660,1661,-1,1603,1661,1604,-1,1604,1661,1662,-1,1604,1662,1591,-1,1591,1662,1663,-1,1591,1663,1592,-1,1592,1663,1664,-1,1592,1664,1597,-1,1597,1664,1665,-1,1597,1665,1598,-1,1598,1665,1666,-1,1598,1666,1599,-1,1599,1666,1667,-1,1599,1667,1600,-1,1600,1667,1668,-1,1600,1668,1588,-1,1588,1668,1669,-1,1588,1669,1589,-1,1589,1669,1670,-1,1589,1670,1590,-1,1590,1670,1671,-1,1590,1671,1572,-1,1572,1671,1672,-1,1572,1672,1573,-1,1573,1672,1673,-1,1573,1673,1574,-1,1574,1673,1674,-1,1574,1674,1567,-1,1567,1674,1675,-1,1567,1675,1568,-1,1568,1675,1676,-1,1568,1676,1565,-1,1565,1676,1677,-1,1565,1677,1566,-1,1566,1677,1678,-1,1566,1678,1577,-1,1577,1678,1679,-1,1577,1679,1578,-1,1578,1679,1680,-1,1578,1680,1579,-1,1579,1680,1681,-1,1579,1681,1584,-1,1584,1681,1682,-1,1584,1682,1585,-1,1585,1682,1683,-1,1585,1683,1586,-1,1586,1683,1684,-1,1586,1684,1587,-1,1587,1684,1685,-1,1587,1685,1570,-1,1570,1685,1686,-1,1570,1686,1571,-1,1571,1686,1687,-1,1571,1687,1581,-1,1581,1687,1688,-1,1581,1688,1582,-1,1582,1688,1641,-1,1582,1641,1583,-1,1583,1641,1642,-1,1583,1642,1580,-1,1689,1690,1691,-1,1691,1690,1692,-1,1691,1692,1639,-1,1693,1694,1695,-1,1695,1694,1696,-1,1695,1696,1689,-1,1697,1698,1699,-1,1699,1698,1700,-1,1699,1700,1693,-1,1701,1702,1703,-1,1703,1702,1697,-1,1704,1705,1706,-1,1706,1705,1701,-1,1707,1704,1708,-1,1708,1704,1706,-1,1708,1706,1709,-1,1709,1706,1710,-1,1709,1710,1711,-1,1712,1713,1714,-1,1714,1713,1715,-1,1714,1715,1710,-1,1710,1715,1716,-1,1710,1716,1711,-1,1717,1718,1719,-1,1719,1718,1720,-1,1719,1720,1721,-1,1721,1720,1722,-1,1721,1722,1712,-1,1712,1722,1723,-1,1712,1723,1713,-1,1717,1719,1724,-1,1724,1719,1725,-1,1724,1725,1726,-1,1726,1725,1727,-1,1726,1727,1728,-1,1728,1727,1729,-1,1728,1729,1730,-1,1731,1732,1733,-1,1733,1732,1734,-1,1733,1734,1729,-1,1729,1734,1735,-1,1729,1735,1730,-1,1736,1737,1738,-1,1738,1737,1739,-1,1738,1739,1740,-1,1740,1739,1741,-1,1740,1741,1731,-1,1731,1741,1742,-1,1731,1742,1732,-1,1736,1738,1743,-1,1743,1738,1744,-1,1743,1744,1745,-1,1745,1744,1746,-1,1745,1746,1747,-1,1747,1746,1748,-1,1747,1748,1749,-1,1750,1751,1752,-1,1752,1751,1753,-1,1752,1753,1748,-1,1748,1753,1754,-1,1748,1754,1749,-1,1755,1756,1757,-1,1757,1756,1758,-1,1757,1758,1759,-1,1759,1758,1760,-1,1759,1760,1750,-1,1750,1760,1761,-1,1750,1761,1751,-1,1755,1757,1762,-1,1762,1757,1763,-1,1762,1763,1764,-1,1764,1763,1765,-1,1764,1765,1766,-1,1766,1765,1767,-1,1766,1767,1768,-1,1769,1770,1771,-1,1771,1770,1772,-1,1771,1772,1767,-1,1767,1772,1773,-1,1767,1773,1768,-1,1774,1775,1776,-1,1776,1775,1777,-1,1776,1777,1778,-1,1778,1777,1779,-1,1778,1779,1769,-1,1769,1779,1780,-1,1769,1780,1770,-1,1774,1776,1781,-1,1781,1776,1782,-1,1781,1782,1783,-1,1783,1782,1784,-1,1783,1784,1785,-1,1785,1784,1786,-1,1785,1786,1787,-1,1787,1786,1788,-1,1788,1786,1789,-1,1788,1789,1790,-1,1790,1789,1791,-1,1791,1789,1792,-1,1791,1792,1793,-1,1793,1792,1794,-1,1794,1792,1795,-1,1794,1795,1796,-1,1796,1795,1797,-1,1796,1797,1798,-1,1799,1800,1801,-1,1801,1800,1802,-1,1801,1802,1803,-1,1803,1802,1804,-1,1803,1804,1797,-1,1797,1804,1805,-1,1797,1805,1798,-1,1806,1807,1799,-1,1799,1807,1808,-1,1799,1808,1800,-1,1809,1810,1806,-1,1806,1810,1811,-1,1806,1811,1807,-1,1812,1813,1814,-1,1814,1813,1815,-1,1814,1815,1816,-1,1816,1815,1817,-1,1816,1817,1809,-1,1809,1817,1818,-1,1809,1818,1810,-1,1812,1814,1819,-1,1819,1814,1820,-1,1819,1820,1821,-1,1821,1820,1822,-1,1821,1822,1823,-1,1823,1822,1824,-1,1823,1824,1825,-1,1825,1824,1826,-1,1826,1824,1827,-1,1826,1827,1828,-1,1616,1829,1618,-1,1618,1829,1830,-1,1618,1830,1831,-1,1831,1830,1832,-1,1831,1832,1833,-1,1833,1832,1834,-1,1833,1834,1827,-1,1827,1834,1835,-1,1827,1835,1828,-1,1701,1703,1706,-1,1706,1703,1836,-1,1706,1836,1710,-1,1710,1836,1837,-1,1710,1837,1714,-1,1714,1837,1838,-1,1714,1838,1712,-1,1712,1838,1839,-1,1712,1839,1721,-1,1721,1839,1840,-1,1721,1840,1719,-1,1719,1840,1841,-1,1719,1841,1725,-1,1725,1841,1842,-1,1725,1842,1727,-1,1727,1842,1843,-1,1727,1843,1729,-1,1729,1843,1844,-1,1729,1844,1733,-1,1733,1844,1845,-1,1733,1845,1731,-1,1731,1845,1846,-1,1731,1846,1740,-1,1740,1846,1847,-1,1740,1847,1738,-1,1738,1847,1848,-1,1738,1848,1744,-1,1744,1848,1849,-1,1744,1849,1746,-1,1746,1849,1850,-1,1746,1850,1748,-1,1748,1850,1851,-1,1748,1851,1752,-1,1752,1851,1852,-1,1752,1852,1750,-1,1750,1852,1853,-1,1750,1853,1759,-1,1759,1853,1854,-1,1759,1854,1757,-1,1757,1854,1855,-1,1757,1855,1763,-1,1763,1855,1856,-1,1763,1856,1765,-1,1765,1856,1857,-1,1765,1857,1767,-1,1767,1857,1858,-1,1767,1858,1771,-1,1771,1858,1859,-1,1771,1859,1769,-1,1769,1859,1860,-1,1769,1860,1778,-1,1778,1860,1861,-1,1778,1861,1776,-1,1776,1861,1862,-1,1776,1862,1782,-1,1782,1862,1863,-1,1782,1863,1784,-1,1784,1863,1864,-1,1784,1864,1786,-1,1786,1864,1865,-1,1786,1865,1789,-1,1789,1865,1866,-1,1789,1866,1792,-1,1792,1866,1867,-1,1792,1867,1795,-1,1795,1867,1868,-1,1795,1868,1797,-1,1797,1868,1869,-1,1797,1869,1803,-1,1803,1869,1870,-1,1803,1870,1801,-1,1801,1870,1871,-1,1801,1871,1799,-1,1799,1871,1872,-1,1799,1872,1806,-1,1806,1872,1873,-1,1806,1873,1809,-1,1809,1873,1874,-1,1809,1874,1816,-1,1816,1874,1875,-1,1816,1875,1814,-1,1814,1875,1876,-1,1814,1876,1820,-1,1820,1876,1877,-1,1820,1877,1822,-1,1822,1877,1878,-1,1822,1878,1824,-1,1824,1878,1879,-1,1824,1879,1827,-1,1827,1879,1880,-1,1827,1880,1833,-1,1833,1880,1881,-1,1833,1881,1831,-1,1831,1881,1620,-1,1831,1620,1618,-1,1618,1620,1622,-1,1618,1622,1619,-1,1697,1699,1703,-1,1703,1699,1882,-1,1703,1882,1836,-1,1836,1882,1883,-1,1836,1883,1837,-1,1837,1883,1884,-1,1837,1884,1838,-1,1838,1884,1885,-1,1838,1885,1839,-1,1839,1885,1886,-1,1839,1886,1840,-1,1840,1886,1887,-1,1840,1887,1841,-1,1841,1887,1888,-1,1841,1888,1842,-1,1842,1888,1889,-1,1842,1889,1843,-1,1843,1889,1890,-1,1843,1890,1844,-1,1844,1890,1891,-1,1844,1891,1845,-1,1845,1891,1892,-1,1845,1892,1846,-1,1846,1892,1893,-1,1846,1893,1847,-1,1847,1893,1894,-1,1847,1894,1848,-1,1848,1894,1895,-1,1848,1895,1849,-1,1849,1895,1896,-1,1849,1896,1850,-1,1850,1896,1897,-1,1850,1897,1851,-1,1851,1897,1898,-1,1851,1898,1852,-1,1852,1898,1899,-1,1852,1899,1853,-1,1853,1899,1900,-1,1853,1900,1854,-1,1854,1900,1901,-1,1854,1901,1855,-1,1855,1901,1902,-1,1855,1902,1856,-1,1856,1902,1903,-1,1856,1903,1857,-1,1857,1903,1904,-1,1857,1904,1858,-1,1858,1904,1905,-1,1858,1905,1859,-1,1859,1905,1906,-1,1859,1906,1860,-1,1860,1906,1907,-1,1860,1907,1861,-1,1861,1907,1908,-1,1861,1908,1862,-1,1862,1908,1909,-1,1862,1909,1863,-1,1863,1909,1910,-1,1863,1910,1864,-1,1864,1910,1911,-1,1864,1911,1865,-1,1865,1911,1912,-1,1865,1912,1866,-1,1866,1912,1913,-1,1866,1913,1867,-1,1867,1913,1914,-1,1867,1914,1868,-1,1868,1914,1915,-1,1868,1915,1869,-1,1869,1915,1916,-1,1869,1916,1870,-1,1870,1916,1917,-1,1870,1917,1871,-1,1871,1917,1918,-1,1871,1918,1872,-1,1872,1918,1919,-1,1872,1919,1873,-1,1873,1919,1920,-1,1873,1920,1874,-1,1874,1920,1921,-1,1874,1921,1875,-1,1875,1921,1922,-1,1875,1922,1876,-1,1876,1922,1923,-1,1876,1923,1877,-1,1877,1923,1924,-1,1877,1924,1878,-1,1878,1924,1925,-1,1878,1925,1879,-1,1879,1925,1926,-1,1879,1926,1880,-1,1880,1926,1927,-1,1880,1927,1881,-1,1881,1927,1625,-1,1881,1625,1620,-1,1620,1625,1626,-1,1620,1626,1621,-1,1693,1695,1699,-1,1699,1695,1928,-1,1699,1928,1882,-1,1882,1928,1929,-1,1882,1929,1883,-1,1883,1929,1930,-1,1883,1930,1884,-1,1884,1930,1931,-1,1884,1931,1885,-1,1885,1931,1932,-1,1885,1932,1886,-1,1886,1932,1933,-1,1886,1933,1887,-1,1887,1933,1934,-1,1887,1934,1888,-1,1888,1934,1935,-1,1888,1935,1889,-1,1889,1935,1936,-1,1889,1936,1890,-1,1890,1936,1937,-1,1890,1937,1891,-1,1891,1937,1938,-1,1891,1938,1892,-1,1892,1938,1939,-1,1892,1939,1893,-1,1893,1939,1940,-1,1893,1940,1894,-1,1894,1940,1941,-1,1894,1941,1895,-1,1895,1941,1942,-1,1895,1942,1896,-1,1896,1942,1943,-1,1896,1943,1897,-1,1897,1943,1944,-1,1897,1944,1898,-1,1898,1944,1945,-1,1898,1945,1899,-1,1899,1945,1946,-1,1899,1946,1900,-1,1900,1946,1947,-1,1900,1947,1901,-1,1901,1947,1948,-1,1901,1948,1902,-1,1902,1948,1949,-1,1902,1949,1903,-1,1903,1949,1950,-1,1903,1950,1904,-1,1904,1950,1951,-1,1904,1951,1905,-1,1905,1951,1952,-1,1905,1952,1906,-1,1906,1952,1953,-1,1906,1953,1907,-1,1907,1953,1954,-1,1907,1954,1908,-1,1908,1954,1955,-1,1908,1955,1909,-1,1909,1955,1956,-1,1909,1956,1910,-1,1910,1956,1957,-1,1910,1957,1911,-1,1911,1957,1958,-1,1911,1958,1912,-1,1912,1958,1959,-1,1912,1959,1913,-1,1913,1959,1960,-1,1913,1960,1914,-1,1914,1960,1961,-1,1914,1961,1915,-1,1915,1961,1962,-1,1915,1962,1916,-1,1916,1962,1963,-1,1916,1963,1917,-1,1917,1963,1964,-1,1917,1964,1918,-1,1918,1964,1965,-1,1918,1965,1919,-1,1919,1965,1966,-1,1919,1966,1920,-1,1920,1966,1967,-1,1920,1967,1921,-1,1921,1967,1968,-1,1921,1968,1922,-1,1922,1968,1969,-1,1922,1969,1923,-1,1923,1969,1970,-1,1923,1970,1924,-1,1924,1970,1971,-1,1924,1971,1925,-1,1925,1971,1972,-1,1925,1972,1926,-1,1926,1972,1973,-1,1926,1973,1927,-1,1927,1973,1629,-1,1927,1629,1625,-1,1625,1629,1630,-1,1625,1630,1623,-1,1689,1691,1695,-1,1695,1691,1974,-1,1695,1974,1928,-1,1928,1974,1975,-1,1928,1975,1929,-1,1929,1975,1976,-1,1929,1976,1930,-1,1930,1976,1977,-1,1930,1977,1931,-1,1931,1977,1978,-1,1931,1978,1932,-1,1932,1978,1979,-1,1932,1979,1933,-1,1933,1979,1980,-1,1933,1980,1934,-1,1934,1980,1981,-1,1934,1981,1935,-1,1935,1981,1982,-1,1935,1982,1936,-1,1936,1982,1983,-1,1936,1983,1937,-1,1937,1983,1984,-1,1937,1984,1938,-1,1938,1984,1985,-1,1938,1985,1939,-1,1939,1985,1986,-1,1939,1986,1940,-1,1940,1986,1987,-1,1940,1987,1941,-1,1941,1987,1988,-1,1941,1988,1942,-1,1942,1988,1989,-1,1942,1989,1943,-1,1943,1989,1990,-1,1943,1990,1944,-1,1944,1990,1991,-1,1944,1991,1945,-1,1945,1991,1992,-1,1945,1992,1946,-1,1946,1992,1993,-1,1946,1993,1947,-1,1947,1993,1994,-1,1947,1994,1948,-1,1948,1994,1995,-1,1948,1995,1949,-1,1949,1995,1996,-1,1949,1996,1950,-1,1950,1996,1997,-1,1950,1997,1951,-1,1951,1997,1998,-1,1951,1998,1952,-1,1952,1998,1999,-1,1952,1999,1953,-1,1953,1999,2000,-1,1953,2000,1954,-1,1954,2000,2001,-1,1954,2001,1955,-1,1955,2001,2002,-1,1955,2002,1956,-1,1956,2002,2003,-1,1956,2003,1957,-1,1957,2003,2004,-1,1957,2004,1958,-1,1958,2004,2005,-1,1958,2005,1959,-1,1959,2005,2006,-1,1959,2006,1960,-1,1960,2006,2007,-1,1960,2007,1961,-1,1961,2007,2008,-1,1961,2008,1962,-1,1962,2008,2009,-1,1962,2009,1963,-1,1963,2009,2010,-1,1963,2010,1964,-1,1964,2010,2011,-1,1964,2011,1965,-1,1965,2011,2012,-1,1965,2012,1966,-1,1966,2012,2013,-1,1966,2013,1967,-1,1967,2013,2014,-1,1967,2014,1968,-1,1968,2014,2015,-1,1968,2015,1969,-1,1969,2015,2016,-1,1969,2016,1970,-1,1970,2016,2017,-1,1970,2017,1971,-1,1971,2017,2018,-1,1971,2018,1972,-1,1972,2018,2019,-1,1972,2019,1973,-1,1973,2019,1633,-1,1973,1633,1629,-1,1629,1633,1634,-1,1629,1634,1627,-1,1639,1641,1691,-1,1691,1641,1688,-1,1691,1688,1974,-1,1974,1688,1687,-1,1974,1687,1975,-1,1975,1687,1686,-1,1975,1686,1976,-1,1976,1686,1685,-1,1976,1685,1977,-1,1977,1685,1684,-1,1977,1684,1978,-1,1978,1684,1683,-1,1978,1683,1979,-1,1979,1683,1682,-1,1979,1682,1980,-1,1980,1682,1681,-1,1980,1681,1981,-1,1981,1681,1680,-1,1981,1680,1982,-1,1982,1680,1679,-1,1982,1679,1983,-1,1983,1679,1678,-1,1983,1678,1984,-1,1984,1678,1677,-1,1984,1677,1985,-1,1985,1677,1676,-1,1985,1676,1986,-1,1986,1676,1675,-1,1986,1675,1987,-1,1987,1675,1674,-1,1987,1674,1988,-1,1988,1674,1673,-1,1988,1673,1989,-1,1989,1673,1672,-1,1989,1672,1990,-1,1990,1672,1671,-1,1990,1671,1991,-1,1991,1671,1670,-1,1991,1670,1992,-1,1992,1670,1669,-1,1992,1669,1993,-1,1993,1669,1668,-1,1993,1668,1994,-1,1994,1668,1667,-1,1994,1667,1995,-1,1995,1667,1666,-1,1995,1666,1996,-1,1996,1666,1665,-1,1996,1665,1997,-1,1997,1665,1664,-1,1997,1664,1998,-1,1998,1664,1663,-1,1998,1663,1999,-1,1999,1663,1662,-1,1999,1662,2000,-1,2000,1662,1661,-1,2000,1661,2001,-1,2001,1661,1660,-1,2001,1660,2002,-1,2002,1660,1659,-1,2002,1659,2003,-1,2003,1659,1658,-1,2003,1658,2004,-1,2004,1658,1657,-1,2004,1657,2005,-1,2005,1657,1656,-1,2005,1656,2006,-1,2006,1656,1655,-1,2006,1655,2007,-1,2007,1655,1654,-1,2007,1654,2008,-1,2008,1654,1653,-1,2008,1653,2009,-1,2009,1653,1652,-1,2009,1652,2010,-1,2010,1652,1651,-1,2010,1651,2011,-1,2011,1651,1650,-1,2011,1650,2012,-1,2012,1650,1649,-1,2012,1649,2013,-1,2013,1649,1648,-1,2013,1648,2014,-1,2014,1648,1647,-1,2014,1647,2015,-1,2015,1647,1646,-1,2015,1646,2016,-1,2016,1646,1645,-1,2016,1645,2017,-1,2017,1645,1644,-1,2017,1644,2018,-1,2018,1644,1643,-1,2018,1643,2019,-1,2019,1643,1637,-1,2019,1637,1633,-1,1633,1637,1638,-1,1633,1638,1631,-1,1615,2020,1616,-1,1616,2020,2021,-1,1616,2021,1829,-1,1829,2021,2022,-1,1829,2022,1830,-1,1830,2022,2023,-1,1830,2023,1832,-1,1832,2023,2024,-1,1832,2024,1834,-1,1834,2024,2025,-1,1834,2025,1835,-1,1835,2025,2026,-1,1835,2026,1828,-1,1828,2026,2027,-1,1828,2027,1826,-1,1826,2027,2028,-1,1826,2028,1825,-1,1825,2028,2029,-1,1825,2029,1823,-1,1823,2029,2030,-1,1823,2030,1821,-1,1821,2030,2031,-1,1821,2031,1819,-1,1819,2031,2032,-1,1819,2032,1812,-1,1812,2032,2033,-1,1812,2033,1813,-1,1813,2033,2034,-1,1813,2034,1815,-1,1815,2034,2035,-1,1815,2035,1817,-1,1817,2035,2036,-1,1817,2036,1818,-1,1818,2036,2037,-1,1818,2037,1810,-1,1810,2037,2038,-1,1810,2038,1811,-1,1811,2038,2039,-1,1811,2039,1807,-1,1807,2039,2040,-1,1807,2040,1808,-1,1808,2040,2041,-1,1808,2041,1800,-1,1800,2041,2042,-1,1800,2042,1802,-1,1802,2042,2043,-1,1802,2043,1804,-1,1804,2043,2044,-1,1804,2044,1805,-1,1805,2044,2045,-1,1805,2045,1798,-1,1798,2045,2046,-1,1798,2046,1796,-1,1796,2046,2047,-1,1796,2047,1794,-1,1794,2047,2048,-1,1794,2048,1793,-1,1793,2048,2049,-1,1793,2049,1791,-1,1791,2049,2050,-1,1791,2050,1790,-1,1790,2050,2051,-1,1790,2051,1788,-1,1788,2051,2052,-1,1788,2052,1787,-1,1787,2052,2053,-1,1787,2053,1785,-1,1785,2053,2054,-1,1785,2054,1783,-1,1783,2054,2055,-1,1783,2055,1781,-1,1781,2055,2056,-1,1781,2056,1774,-1,1774,2056,2057,-1,1774,2057,1775,-1,1775,2057,2058,-1,1775,2058,1777,-1,1777,2058,2059,-1,1777,2059,1779,-1,1779,2059,2060,-1,1779,2060,1780,-1,1780,2060,2061,-1,1780,2061,1770,-1,1770,2061,2062,-1,1770,2062,1772,-1,1772,2062,2063,-1,1772,2063,1773,-1,1773,2063,2064,-1,1773,2064,1768,-1,1768,2064,2065,-1,1768,2065,1766,-1,1766,2065,2066,-1,1766,2066,1764,-1,1764,2066,2067,-1,1764,2067,1762,-1,1762,2067,2068,-1,1762,2068,1755,-1,1755,2068,2069,-1,1755,2069,1756,-1,1756,2069,2070,-1,1756,2070,1758,-1,1758,2070,2071,-1,1758,2071,1760,-1,1760,2071,2072,-1,1760,2072,1761,-1,1761,2072,2073,-1,1761,2073,1751,-1,1751,2073,2074,-1,1751,2074,1753,-1,1753,2074,2075,-1,1753,2075,1754,-1,1754,2075,2076,-1,1754,2076,1749,-1,1749,2076,2077,-1,1749,2077,1747,-1,1747,2077,2078,-1,1747,2078,1745,-1,1745,2078,2079,-1,1745,2079,1743,-1,1743,2079,2080,-1,1743,2080,1736,-1,1736,2080,2081,-1,1736,2081,1737,-1,1737,2081,2082,-1,1737,2082,1739,-1,1739,2082,2083,-1,1739,2083,1741,-1,1741,2083,2084,-1,1741,2084,1742,-1,1742,2084,2085,-1,1742,2085,1732,-1,1732,2085,2086,-1,1732,2086,1734,-1,1734,2086,2087,-1,1734,2087,1735,-1,1735,2087,2088,-1,1735,2088,1730,-1,1730,2088,2089,-1,1730,2089,1728,-1,1728,2089,2090,-1,1728,2090,1726,-1,1726,2090,2091,-1,1726,2091,1724,-1,1724,2091,2092,-1,1724,2092,1717,-1,1717,2092,2093,-1,1717,2093,1718,-1,1718,2093,2094,-1,1718,2094,1720,-1,1720,2094,2095,-1,1720,2095,1722,-1,1722,2095,2096,-1,1722,2096,1723,-1,1723,2096,2097,-1,1723,2097,1713,-1,1713,2097,2098,-1,1713,2098,1715,-1,1715,2098,2099,-1,1715,2099,1716,-1,1716,2099,2100,-1,1716,2100,1711,-1,1711,2100,2101,-1,1711,2101,1709,-1,1709,2101,2102,-1,1709,2102,1708,-1,1708,2102,2103,-1,1708,2103,1707,-1,1707,2103,2104,-1,2105,2106,2107,-1,2108,2109,2110,-1,2111,2112,2113,-1,2113,2112,2114,-1,2115,2116,2117,-1,2117,2116,2118,-1,2119,2120,2121,-1,2121,2120,2122,-1,2123,2124,2125,-1,2125,2124,2126,-1,2127,2128,2129,-1,2129,2128,2130,-1,2020,2130,2021,-1,2021,2130,2128,-1,2021,2128,2022,-1,2022,2128,2131,-1,2022,2131,2023,-1,2132,2026,2133,-1,2133,2026,2025,-1,2133,2025,2131,-1,2131,2025,2024,-1,2131,2024,2023,-1,2031,2030,2134,-1,2134,2030,2029,-1,2134,2029,2135,-1,2135,2029,2028,-1,2135,2028,2132,-1,2132,2028,2027,-1,2132,2027,2026,-1,2031,2134,2032,-1,2032,2134,2136,-1,2032,2136,2033,-1,2033,2136,2137,-1,2033,2137,2034,-1,2034,2137,2138,-1,2034,2138,2035,-1,2139,2038,2140,-1,2140,2038,2037,-1,2140,2037,2138,-1,2138,2037,2036,-1,2138,2036,2035,-1,2043,2042,2141,-1,2141,2042,2041,-1,2141,2041,2142,-1,2142,2041,2040,-1,2142,2040,2139,-1,2139,2040,2039,-1,2139,2039,2038,-1,2043,2141,2044,-1,2044,2141,2143,-1,2044,2143,2045,-1,2045,2143,2144,-1,2045,2144,2046,-1,2046,2144,2145,-1,2046,2145,2047,-1,2146,2050,2147,-1,2147,2050,2049,-1,2147,2049,2145,-1,2145,2049,2048,-1,2145,2048,2047,-1,2055,2054,2148,-1,2148,2054,2053,-1,2148,2053,2149,-1,2149,2053,2052,-1,2149,2052,2146,-1,2146,2052,2051,-1,2146,2051,2050,-1,2055,2148,2056,-1,2056,2148,2150,-1,2056,2150,2057,-1,2057,2150,2151,-1,2057,2151,2058,-1,2058,2151,2152,-1,2058,2152,2059,-1,2059,2152,2060,-1,2060,2152,2153,-1,2060,2153,2061,-1,2067,2066,2154,-1,2154,2066,2065,-1,2154,2065,2155,-1,2155,2065,2064,-1,2155,2064,2156,-1,2156,2064,2063,-1,2156,2063,2153,-1,2153,2063,2062,-1,2153,2062,2061,-1,2067,2154,2068,-1,2068,2154,2157,-1,2068,2157,2069,-1,2069,2157,2158,-1,2069,2158,2070,-1,2070,2158,2159,-1,2070,2159,2071,-1,2071,2159,2072,-1,2072,2159,2160,-1,2072,2160,2073,-1,2079,2078,2161,-1,2161,2078,2077,-1,2161,2077,2162,-1,2162,2077,2076,-1,2162,2076,2163,-1,2163,2076,2075,-1,2163,2075,2160,-1,2160,2075,2074,-1,2160,2074,2073,-1,2079,2161,2080,-1,2080,2161,2164,-1,2080,2164,2081,-1,2081,2164,2165,-1,2081,2165,2082,-1,2082,2165,2166,-1,2082,2166,2083,-1,2083,2166,2084,-1,2084,2166,2167,-1,2084,2167,2085,-1,2091,2090,2168,-1,2168,2090,2089,-1,2168,2089,2169,-1,2169,2089,2088,-1,2169,2088,2170,-1,2170,2088,2087,-1,2170,2087,2167,-1,2167,2087,2086,-1,2167,2086,2085,-1,2091,2168,2092,-1,2092,2168,2171,-1,2092,2171,2093,-1,2093,2171,2172,-1,2093,2172,2094,-1,2094,2172,2173,-1,2094,2173,2095,-1,2095,2173,2096,-1,2096,2173,2174,-1,2096,2174,2097,-1,2103,2102,2175,-1,2175,2102,2101,-1,2175,2101,2176,-1,2176,2101,2100,-1,2176,2100,2177,-1,2177,2100,2099,-1,2177,2099,2174,-1,2174,2099,2098,-1,2174,2098,2097,-1,2178,2179,2175,-1,2175,2179,2180,-1,2175,2180,2103,-1,2103,2180,2181,-1,2103,2181,2104,-1,2182,2183,2184,-1,2184,2183,2185,-1,2184,2185,2178,-1,2106,2186,2187,-1,2186,2188,2187,-1,2187,2188,2189,-1,2187,2189,2182,-1,2105,2107,2190,-1,2191,2192,2193,-1,2193,2192,2194,-1,2193,2194,2190,-1,2195,2196,2197,-1,2197,2196,2191,-1,2198,2199,2195,-1,2195,2197,2198,-1,2198,2197,2200,-1,2198,2200,2201,-1,2201,2200,2202,-1,2201,2202,2203,-1,2203,2202,2204,-1,2203,2204,2205,-1,2205,2204,2206,-1,2205,2206,2207,-1,2207,2206,2208,-1,2207,2208,2209,-1,2209,2208,2210,-1,2209,2210,2211,-1,2211,2210,2212,-1,2211,2212,2213,-1,2213,2212,2214,-1,2213,2214,2215,-1,2215,2214,2216,-1,2215,2216,2217,-1,2217,2216,2218,-1,2217,2218,2219,-1,2219,2218,2220,-1,2219,2220,2221,-1,2221,2220,2222,-1,2221,2222,2223,-1,2223,2222,2224,-1,2223,2224,2225,-1,2225,2224,2226,-1,2225,2226,2227,-1,2227,2226,2228,-1,2227,2228,2229,-1,2229,2228,2230,-1,2229,2230,2231,-1,2231,2230,2232,-1,2231,2232,2233,-1,2233,2232,2234,-1,2233,2234,2235,-1,2235,2234,2236,-1,2235,2236,2237,-1,2237,2236,2238,-1,2237,2238,2239,-1,2239,2238,2240,-1,2239,2240,2241,-1,2241,2240,2242,-1,2241,2242,2243,-1,2243,2242,2244,-1,2243,2244,2245,-1,2245,2244,2246,-1,2245,2246,2247,-1,2247,2246,2248,-1,2247,2248,2249,-1,2249,2248,2250,-1,2249,2250,2251,-1,2251,2250,2252,-1,2251,2252,2253,-1,2253,2252,2254,-1,2253,2254,2255,-1,2255,2254,2256,-1,2255,2256,2257,-1,2257,2256,2258,-1,2257,2258,2259,-1,2259,2258,2260,-1,2259,2260,2261,-1,2261,2260,2262,-1,2261,2262,2263,-1,2263,2262,2264,-1,2263,2264,2265,-1,2265,2264,2266,-1,2265,2266,2267,-1,2267,2266,2268,-1,2267,2268,2269,-1,2269,2268,2270,-1,2269,2270,2271,-1,2271,2270,2272,-1,2271,2272,2273,-1,2273,2272,2274,-1,2273,2274,2275,-1,2275,2274,2276,-1,2275,2276,2277,-1,2277,2276,2278,-1,2277,2278,2279,-1,2279,2278,2280,-1,2279,2280,2281,-1,2281,2280,2282,-1,2281,2282,2283,-1,2283,2282,2284,-1,2283,2284,2285,-1,2285,2284,2286,-1,2285,2286,2287,-1,2287,2286,2288,-1,2287,2288,2289,-1,2289,2288,2290,-1,2289,2290,2291,-1,2291,2290,2108,-1,2291,2108,2292,-1,2292,2108,2110,-1,2292,2110,2293,-1,2191,2193,2197,-1,2197,2193,2294,-1,2197,2294,2200,-1,2200,2294,2295,-1,2200,2295,2202,-1,2202,2295,2296,-1,2202,2296,2204,-1,2204,2296,2297,-1,2204,2297,2206,-1,2206,2297,2298,-1,2206,2298,2208,-1,2208,2298,2299,-1,2208,2299,2210,-1,2210,2299,2300,-1,2210,2300,2212,-1,2212,2300,2301,-1,2212,2301,2214,-1,2214,2301,2302,-1,2214,2302,2216,-1,2216,2302,2303,-1,2216,2303,2218,-1,2218,2303,2304,-1,2218,2304,2220,-1,2220,2304,2305,-1,2220,2305,2222,-1,2222,2305,2306,-1,2222,2306,2224,-1,2224,2306,2307,-1,2224,2307,2226,-1,2226,2307,2308,-1,2226,2308,2228,-1,2228,2308,2309,-1,2228,2309,2230,-1,2230,2309,2310,-1,2230,2310,2232,-1,2232,2310,2311,-1,2232,2311,2234,-1,2234,2311,2312,-1,2234,2312,2236,-1,2236,2312,2313,-1,2236,2313,2238,-1,2238,2313,2314,-1,2238,2314,2240,-1,2240,2314,2315,-1,2240,2315,2242,-1,2242,2315,2316,-1,2242,2316,2244,-1,2244,2316,2317,-1,2244,2317,2246,-1,2246,2317,2318,-1,2246,2318,2248,-1,2248,2318,2319,-1,2248,2319,2250,-1,2250,2319,2320,-1,2250,2320,2252,-1,2252,2320,2321,-1,2252,2321,2254,-1,2254,2321,2322,-1,2254,2322,2256,-1,2256,2322,2323,-1,2256,2323,2258,-1,2258,2323,2324,-1,2258,2324,2260,-1,2260,2324,2325,-1,2260,2325,2262,-1,2262,2325,2326,-1,2262,2326,2264,-1,2264,2326,2327,-1,2264,2327,2266,-1,2266,2327,2328,-1,2266,2328,2268,-1,2268,2328,2329,-1,2268,2329,2270,-1,2270,2329,2330,-1,2270,2330,2272,-1,2272,2330,2331,-1,2272,2331,2274,-1,2274,2331,2332,-1,2274,2332,2276,-1,2276,2332,2333,-1,2276,2333,2278,-1,2278,2333,2334,-1,2278,2334,2280,-1,2280,2334,2335,-1,2280,2335,2282,-1,2282,2335,2336,-1,2282,2336,2284,-1,2284,2336,2337,-1,2284,2337,2286,-1,2286,2337,2338,-1,2286,2338,2288,-1,2288,2338,2339,-1,2288,2339,2290,-1,2290,2339,2113,-1,2290,2113,2108,-1,2108,2113,2114,-1,2108,2114,2109,-1,2190,2107,2193,-1,2193,2107,2340,-1,2193,2340,2294,-1,2294,2340,2341,-1,2294,2341,2295,-1,2295,2341,2342,-1,2295,2342,2296,-1,2296,2342,2343,-1,2296,2343,2297,-1,2297,2343,2344,-1,2297,2344,2298,-1,2298,2344,2345,-1,2298,2345,2299,-1,2299,2345,2346,-1,2299,2346,2300,-1,2300,2346,2347,-1,2300,2347,2301,-1,2301,2347,2348,-1,2301,2348,2302,-1,2302,2348,2349,-1,2302,2349,2303,-1,2303,2349,2350,-1,2303,2350,2304,-1,2304,2350,2351,-1,2304,2351,2305,-1,2305,2351,2352,-1,2305,2352,2306,-1,2306,2352,2353,-1,2306,2353,2307,-1,2307,2353,2354,-1,2307,2354,2308,-1,2308,2354,2355,-1,2308,2355,2309,-1,2309,2355,2356,-1,2309,2356,2310,-1,2310,2356,2357,-1,2310,2357,2311,-1,2311,2357,2358,-1,2311,2358,2312,-1,2312,2358,2359,-1,2312,2359,2313,-1,2313,2359,2360,-1,2313,2360,2314,-1,2314,2360,2361,-1,2314,2361,2315,-1,2315,2361,2362,-1,2315,2362,2316,-1,2316,2362,2363,-1,2316,2363,2317,-1,2317,2363,2364,-1,2317,2364,2318,-1,2318,2364,2365,-1,2318,2365,2319,-1,2319,2365,2366,-1,2319,2366,2320,-1,2320,2366,2367,-1,2320,2367,2321,-1,2321,2367,2368,-1,2321,2368,2322,-1,2322,2368,2369,-1,2322,2369,2323,-1,2323,2369,2370,-1,2323,2370,2324,-1,2324,2370,2371,-1,2324,2371,2325,-1,2325,2371,2372,-1,2325,2372,2326,-1,2326,2372,2373,-1,2326,2373,2327,-1,2327,2373,2374,-1,2327,2374,2328,-1,2328,2374,2375,-1,2328,2375,2329,-1,2329,2375,2376,-1,2329,2376,2330,-1,2330,2376,2377,-1,2330,2377,2331,-1,2331,2377,2378,-1,2331,2378,2332,-1,2332,2378,2379,-1,2332,2379,2333,-1,2333,2379,2380,-1,2333,2380,2334,-1,2334,2380,2381,-1,2334,2381,2335,-1,2335,2381,2382,-1,2335,2382,2336,-1,2336,2382,2383,-1,2336,2383,2337,-1,2337,2383,2384,-1,2337,2384,2338,-1,2338,2384,2385,-1,2338,2385,2339,-1,2339,2385,2117,-1,2339,2117,2113,-1,2113,2117,2118,-1,2113,2118,2111,-1,2106,2187,2107,-1,2107,2187,2386,-1,2107,2386,2340,-1,2340,2386,2387,-1,2340,2387,2341,-1,2341,2387,2388,-1,2341,2388,2342,-1,2342,2388,2389,-1,2342,2389,2343,-1,2343,2389,2390,-1,2343,2390,2344,-1,2344,2390,2391,-1,2344,2391,2345,-1,2345,2391,2392,-1,2345,2392,2346,-1,2346,2392,2393,-1,2346,2393,2347,-1,2347,2393,2394,-1,2347,2394,2348,-1,2348,2394,2395,-1,2348,2395,2349,-1,2349,2395,2396,-1,2349,2396,2350,-1,2350,2396,2397,-1,2350,2397,2351,-1,2351,2397,2398,-1,2351,2398,2352,-1,2352,2398,2399,-1,2352,2399,2353,-1,2353,2399,2400,-1,2353,2400,2354,-1,2354,2400,2401,-1,2354,2401,2355,-1,2355,2401,2402,-1,2355,2402,2356,-1,2356,2402,2403,-1,2356,2403,2357,-1,2357,2403,2404,-1,2357,2404,2358,-1,2358,2404,2405,-1,2358,2405,2359,-1,2359,2405,2406,-1,2359,2406,2360,-1,2360,2406,2407,-1,2360,2407,2361,-1,2361,2407,2408,-1,2361,2408,2362,-1,2362,2408,2409,-1,2362,2409,2363,-1,2363,2409,2410,-1,2363,2410,2364,-1,2364,2410,2411,-1,2364,2411,2365,-1,2365,2411,2412,-1,2365,2412,2366,-1,2366,2412,2413,-1,2366,2413,2367,-1,2367,2413,2414,-1,2367,2414,2368,-1,2368,2414,2415,-1,2368,2415,2369,-1,2369,2415,2416,-1,2369,2416,2370,-1,2370,2416,2417,-1,2370,2417,2371,-1,2371,2417,2418,-1,2371,2418,2372,-1,2372,2418,2419,-1,2372,2419,2373,-1,2373,2419,2420,-1,2373,2420,2374,-1,2374,2420,2421,-1,2374,2421,2375,-1,2375,2421,2422,-1,2375,2422,2376,-1,2376,2422,2423,-1,2376,2423,2377,-1,2377,2423,2424,-1,2377,2424,2378,-1,2378,2424,2425,-1,2378,2425,2379,-1,2379,2425,2426,-1,2379,2426,2380,-1,2380,2426,2427,-1,2380,2427,2381,-1,2381,2427,2428,-1,2381,2428,2382,-1,2382,2428,2429,-1,2382,2429,2383,-1,2383,2429,2430,-1,2383,2430,2384,-1,2384,2430,2431,-1,2384,2431,2385,-1,2385,2431,2121,-1,2385,2121,2117,-1,2117,2121,2122,-1,2117,2122,2115,-1,2182,2184,2187,-1,2187,2184,2432,-1,2187,2432,2386,-1,2386,2432,2433,-1,2386,2433,2387,-1,2387,2433,2434,-1,2387,2434,2388,-1,2388,2434,2435,-1,2388,2435,2389,-1,2389,2435,2436,-1,2389,2436,2390,-1,2390,2436,2437,-1,2390,2437,2391,-1,2391,2437,2438,-1,2391,2438,2392,-1,2392,2438,2439,-1,2392,2439,2393,-1,2393,2439,2440,-1,2393,2440,2394,-1,2394,2440,2441,-1,2394,2441,2395,-1,2395,2441,2442,-1,2395,2442,2396,-1,2396,2442,2443,-1,2396,2443,2397,-1,2397,2443,2444,-1,2397,2444,2398,-1,2398,2444,2445,-1,2398,2445,2399,-1,2399,2445,2446,-1,2399,2446,2400,-1,2400,2446,2447,-1,2400,2447,2401,-1,2401,2447,2448,-1,2401,2448,2402,-1,2402,2448,2449,-1,2402,2449,2403,-1,2403,2449,2450,-1,2403,2450,2404,-1,2404,2450,2451,-1,2404,2451,2405,-1,2405,2451,2452,-1,2405,2452,2406,-1,2406,2452,2453,-1,2406,2453,2407,-1,2407,2453,2454,-1,2407,2454,2408,-1,2408,2454,2455,-1,2408,2455,2409,-1,2409,2455,2456,-1,2409,2456,2410,-1,2410,2456,2457,-1,2410,2457,2411,-1,2411,2457,2458,-1,2411,2458,2412,-1,2412,2458,2459,-1,2412,2459,2413,-1,2413,2459,2460,-1,2413,2460,2414,-1,2414,2460,2461,-1,2414,2461,2415,-1,2415,2461,2462,-1,2415,2462,2416,-1,2416,2462,2463,-1,2416,2463,2417,-1,2417,2463,2464,-1,2417,2464,2418,-1,2418,2464,2465,-1,2418,2465,2419,-1,2419,2465,2466,-1,2419,2466,2420,-1,2420,2466,2467,-1,2420,2467,2421,-1,2421,2467,2468,-1,2421,2468,2422,-1,2422,2468,2469,-1,2422,2469,2423,-1,2423,2469,2470,-1,2423,2470,2424,-1,2424,2470,2471,-1,2424,2471,2425,-1,2425,2471,2472,-1,2425,2472,2426,-1,2426,2472,2473,-1,2426,2473,2427,-1,2427,2473,2474,-1,2427,2474,2428,-1,2428,2474,2475,-1,2428,2475,2429,-1,2429,2475,2476,-1,2429,2476,2430,-1,2430,2476,2477,-1,2430,2477,2431,-1,2431,2477,2125,-1,2431,2125,2121,-1,2121,2125,2126,-1,2121,2126,2119,-1,2178,2175,2184,-1,2184,2175,2176,-1,2184,2176,2432,-1,2432,2176,2177,-1,2432,2177,2433,-1,2433,2177,2174,-1,2433,2174,2434,-1,2434,2174,2173,-1,2434,2173,2435,-1,2435,2173,2172,-1,2435,2172,2436,-1,2436,2172,2171,-1,2436,2171,2437,-1,2437,2171,2168,-1,2437,2168,2438,-1,2438,2168,2169,-1,2438,2169,2439,-1,2439,2169,2170,-1,2439,2170,2440,-1,2440,2170,2167,-1,2440,2167,2441,-1,2441,2167,2166,-1,2441,2166,2442,-1,2442,2166,2165,-1,2442,2165,2443,-1,2443,2165,2164,-1,2443,2164,2444,-1,2444,2164,2161,-1,2444,2161,2445,-1,2445,2161,2162,-1,2445,2162,2446,-1,2446,2162,2163,-1,2446,2163,2447,-1,2447,2163,2160,-1,2447,2160,2448,-1,2448,2160,2159,-1,2448,2159,2449,-1,2449,2159,2158,-1,2449,2158,2450,-1,2450,2158,2157,-1,2450,2157,2451,-1,2451,2157,2154,-1,2451,2154,2452,-1,2452,2154,2155,-1,2452,2155,2453,-1,2453,2155,2156,-1,2453,2156,2454,-1,2454,2156,2153,-1,2454,2153,2455,-1,2455,2153,2152,-1,2455,2152,2456,-1,2456,2152,2151,-1,2456,2151,2457,-1,2457,2151,2150,-1,2457,2150,2458,-1,2458,2150,2148,-1,2458,2148,2459,-1,2459,2148,2149,-1,2459,2149,2460,-1,2460,2149,2146,-1,2460,2146,2461,-1,2461,2146,2147,-1,2461,2147,2462,-1,2462,2147,2145,-1,2462,2145,2463,-1,2463,2145,2144,-1,2463,2144,2464,-1,2464,2144,2143,-1,2464,2143,2465,-1,2465,2143,2141,-1,2465,2141,2466,-1,2466,2141,2142,-1,2466,2142,2467,-1,2467,2142,2139,-1,2467,2139,2468,-1,2468,2139,2140,-1,2468,2140,2469,-1,2469,2140,2138,-1,2469,2138,2470,-1,2470,2138,2137,-1,2470,2137,2471,-1,2471,2137,2136,-1,2471,2136,2472,-1,2472,2136,2134,-1,2472,2134,2473,-1,2473,2134,2135,-1,2473,2135,2474,-1,2474,2135,2132,-1,2474,2132,2475,-1,2475,2132,2133,-1,2475,2133,2476,-1,2476,2133,2131,-1,2476,2131,2477,-1,2477,2131,2128,-1,2477,2128,2125,-1,2125,2128,2127,-1,2125,2127,2123,-1,2478,2239,2479,-1,2479,2239,2241,-1,2479,2241,2480,-1,2480,2241,2243,-1,2480,2243,2481,-1,2482,2235,2478,-1,2478,2235,2237,-1,2478,2237,2239,-1,2483,2484,2275,-1,2485,2229,2486,-1,2486,2229,2231,-1,2486,2231,2482,-1,2482,2231,2233,-1,2482,2233,2235,-1,2487,2225,2485,-1,2485,2225,2227,-1,2485,2227,2229,-1,2488,2219,2489,-1,2489,2219,2221,-1,2489,2221,2487,-1,2487,2221,2223,-1,2487,2223,2225,-1,2490,2213,2491,-1,2491,2213,2215,-1,2491,2215,2488,-1,2488,2215,2217,-1,2488,2217,2219,-1,2492,2493,2494,-1,2495,2207,2496,-1,2496,2207,2209,-1,2496,2209,2490,-1,2490,2209,2211,-1,2490,2211,2213,-1,2497,2201,2498,-1,2498,2201,2203,-1,2498,2203,2495,-1,2495,2203,2205,-1,2495,2205,2207,-1,2499,2500,2253,-1,2501,2199,2497,-1,2497,2199,2198,-1,2497,2198,2201,-1,2494,2493,2502,-1,2502,2493,2503,-1,2502,2503,2293,-1,2275,2277,2483,-1,2483,2277,2279,-1,2483,2279,2504,-1,2504,2279,2281,-1,2504,2281,2505,-1,2506,2269,2507,-1,2507,2269,2271,-1,2507,2271,2484,-1,2484,2271,2273,-1,2484,2273,2275,-1,2508,2263,2509,-1,2509,2263,2265,-1,2509,2265,2506,-1,2506,2265,2267,-1,2506,2267,2269,-1,2243,2245,2481,-1,2481,2245,2247,-1,2481,2247,2510,-1,2510,2247,2249,-1,2510,2249,2500,-1,2500,2249,2251,-1,2500,2251,2253,-1,2494,2511,2492,-1,2492,2511,2512,-1,2492,2512,2501,-1,2501,2512,2513,-1,2501,2513,2199,-1,2514,2291,2503,-1,2503,2291,2292,-1,2503,2292,2293,-1,2281,2283,2505,-1,2505,2283,2285,-1,2505,2285,2515,-1,2515,2285,2287,-1,2515,2287,2514,-1,2514,2287,2289,-1,2514,2289,2291,-1,2253,2255,2499,-1,2499,2255,2257,-1,2499,2257,2516,-1,2516,2257,2259,-1,2516,2259,2508,-1,2508,2259,2261,-1,2508,2261,2263,-1,451,2501,195,-1,195,2501,2497,-1,195,2497,196,-1,196,2497,2498,-1,196,2498,445,-1,445,2498,198,-1,198,2498,199,-1,199,2498,2495,-1,199,2495,444,-1,2496,201,437,-1,2496,437,2495,-1,2495,437,443,-1,2495,443,444,-1,201,2496,202,-1,202,2496,2490,-1,202,2490,204,-1,2488,207,426,-1,2488,426,2491,-1,426,431,2491,-1,2491,431,432,-1,2491,432,2490,-1,2490,432,205,-1,2490,205,204,-1,2487,210,418,-1,2487,418,2489,-1,418,424,2489,-1,2489,424,425,-1,2489,425,2488,-1,2488,425,208,-1,2488,208,207,-1,210,2487,211,-1,211,2487,2485,-1,211,2485,417,-1,2486,213,2485,-1,2485,213,416,-1,2485,416,417,-1,217,216,2482,-1,2482,216,406,-1,2482,406,2486,-1,2486,406,214,-1,2486,214,213,-1,217,2482,405,-1,405,2482,2478,-1,405,2478,404,-1,404,2478,2479,-1,404,2479,403,-1,399,398,2480,-1,2480,398,401,-1,2480,401,2479,-1,2479,401,402,-1,2479,402,403,-1,399,2480,400,-1,400,2480,2481,-1,400,2481,392,-1,392,2481,2510,-1,392,2510,168,-1,171,505,2499,-1,2499,505,511,-1,2499,511,2500,-1,2500,511,512,-1,2500,512,2510,-1,2510,512,169,-1,2510,169,168,-1,171,2499,172,-1,172,2499,2516,-1,172,2516,504,-1,2508,174,497,-1,2508,497,2516,-1,2516,497,503,-1,2516,503,504,-1,174,2508,175,-1,175,2508,2509,-1,175,2509,177,-1,2507,180,485,-1,2507,485,2506,-1,485,491,2506,-1,2506,491,492,-1,2506,492,2509,-1,2509,492,178,-1,2509,178,177,-1,180,2507,181,-1,181,2507,2484,-1,181,2484,484,-1,2483,183,477,-1,2483,477,2484,-1,2484,477,483,-1,2484,483,484,-1,183,2483,184,-1,184,2483,2504,-1,184,2504,476,-1,2515,189,465,-1,2515,465,2505,-1,465,187,2505,-1,2505,187,186,-1,2505,186,2504,-1,2504,186,475,-1,2504,475,476,-1,192,457,2503,-1,2503,457,463,-1,2503,463,2514,-1,2514,463,464,-1,2514,464,2515,-1,2515,464,190,-1,2515,190,189,-1,192,2503,193,-1,193,2503,2493,-1,193,2493,456,-1,451,452,2501,-1,2501,452,453,-1,2501,453,2492,-1,2492,453,454,-1,2492,454,2493,-1,2493,454,455,-1,2493,455,456,-1,
        ]
    }
}
Shape{
    appearance Appearance {
        material  Material 	{
            diffuseColor 0.7764705882352941 0.7568627450980392 0.7372549019607844
            specularColor 0.38823529411764707 0.3764705882352941 0.3686274509803922
            ambientIntensity 0.2
            transparency 0
            shininess 0.5
        }
    }
    geometry IndexedFaceSet {
        ccw TRUE
        solid FALSE
        coord DEF co Coordinate {
            point [
                -0.5512 0.1023 -1.1811, -0.5756 0.0835 -1.1811, -0.563 0.0945 -0.0, -0.5859 0.0718 0.0033, -0.5817 0.0766 0.0024, -0.5944 0.0591 -1.1811, -0.5809 0.0775 0.0022, -0.5756 0.0835 0.001, -0.6062 0.0306 -1.1811, -0.598 0.0504 0.0081, -0.5944 0.0591 0.0063, -0.6102 0.0 -1.1811, -0.6092 0.0156 0.0143, -0.6062 0.0306 0.0123, -0.6062 -0.0306 -1.1811, -0.6092 -0.0154 0.0143, -0.6102 0.0 0.015, -0.5858 -0.0719 0.0033, -0.5944 -0.0591 0.0063, -0.5944 -0.0591 -1.1811, -0.598 -0.0504 0.0081, -0.6062 -0.0306 0.0123, -0.5756 -0.0835 -1.1811, -0.5809 -0.0775 0.0022, -0.5817 -0.0766 0.0024, -0.5512 -0.1023 0.0, -0.563 -0.0945 0.0, -0.5756 -0.0835 0.001, -0.5512 -0.1023 -1.1811, -0.5227 -0.1141 -1.1811, -0.5227 -0.1141 0.0, -0.4921 -0.1181 -1.1811, -0.4921 -0.1181 0.0, -0.4616 -0.1141 -1.1811, -0.4616 -0.1141 0.0, -0.4331 -0.1023 -1.1811, -0.4331 -0.1023 0.0, -0.4086 -0.0835 -1.1811, -0.5512 0.1023 0.0, -0.5227 0.1141 0.0, -0.5227 0.1141 -1.1811, -0.4921 0.1181 0.0, -0.4921 0.1181 -1.1811, -0.4616 0.1141 0.0, -0.4616 0.1141 -1.1811, -0.4331 0.1023 0.0, -0.4331 0.1023 -1.1811, -0.4086 0.0835 0.0, -0.4086 0.0835 -1.1811, -0.3898 0.0591 0.0, -0.3898 0.0591 -1.1811, -0.378 0.0306 0.0, -0.378 0.0306 -1.1811, -0.374 0.0 0.0, -0.374 0.0 -1.1811, -0.378 -0.0306 0.0, -0.378 -0.0306 -1.1811, -0.3898 -0.0591 0.0, -0.3898 -0.0591 -1.1811, -0.4053 -0.0792 0.0, -0.4086 -0.0835 0.0, -0.4921 0.0 -1.1811, 0.5512 0.1023 -0.0, 0.563 0.0945 -0.0, 0.5756 0.0835 -1.1811, 0.5512 0.1023 -1.1811, 0.5227 0.1141 -1.1811, 0.5227 0.1141 -0.0, 0.4921 0.1181 -1.1811, 0.4921 0.1181 -0.0, 0.4616 0.1141 -1.1811, 0.4616 0.1141 -0.0, 0.4331 0.1023 -1.1811, 0.4331 0.1023 -0.0, 0.4086 0.0835 -1.1811, 0.4086 0.0835 -0.0, 0.3898 0.0591 -1.1811, 0.3898 0.0591 -0.0, 0.378 0.0306 -1.1811, 0.378 0.0306 -0.0, 0.374 -0.0 -1.1811, 0.374 -0.0 -0.0, 0.378 -0.0306 -1.1811, 0.378 -0.0306 -0.0, 0.3898 -0.0591 -1.1811, 0.4086 -0.0835 -0.0, 0.4053 -0.0792 -0.0, 0.3898 -0.0591 -0.0, 0.4086 -0.0835 -1.1811, 0.4331 -0.1023 -1.1811, 0.4331 -0.1023 -0.0, 0.4616 -0.1141 -1.1811, 0.4616 -0.1141 -0.0, 0.4921 -0.1181 -1.1811, 0.4921 -0.1181 -0.0, 0.5227 -0.1141 -1.1811, 0.5227 -0.1141 -0.0, 0.5512 -0.1023 -1.1811, 0.5756 -0.0835 -1.1811, 0.563 -0.0945 0.0, 0.5512 -0.1023 -0.0, 0.5859 -0.0718 0.0033, 0.5817 -0.0766 0.0024, 0.5944 -0.0591 -1.1811, 0.5809 -0.0775 0.0022, 0.5756 -0.0835 0.001, 0.6062 -0.0306 -1.1811, 0.598 -0.0504 0.0081, 0.5944 -0.0591 0.0063, 0.6102 -0.0 -1.1811, 0.6092 -0.0156 0.0143, 0.6062 -0.0306 0.0123, 0.6062 0.0306 -1.1811, 0.6092 0.0154 0.0143, 0.6102 -0.0 0.015, 0.5858 0.0719 0.0033, 0.5944 0.0591 0.0063, 0.5944 0.0591 -1.1811, 0.598 0.0504 0.0081, 0.6062 0.0306 0.0123, 0.5756 0.0835 0.001, 0.5809 0.0775 0.0022, 0.5817 0.0766 0.0024, 0.4921 -0.0 -1.1811, 0.5906 0.0 2.7362, 0.5906 -0.0 2.7559, 0.5799 0.1118 2.7362, 0.5799 0.1118 2.7559, 0.5482 0.2195 2.7362, 0.5482 0.2195 2.7559, 0.4968 0.3193 2.7362, 0.4968 0.3193 2.7559, 0.4274 0.4075 2.7362, 0.4274 0.4075 2.7559, 0.3426 0.481 2.7362, 0.3426 0.481 2.7559, 0.2453 0.5372 2.7362, 0.2453 0.5372 2.7559, 0.1392 0.5739 2.7362, 0.1392 0.5739 2.7559, 0.0281 0.5899 2.7362, 0.0281 0.5899 2.7559, -0.084 0.5845 2.7362, -0.084 0.5845 2.7559, -0.1932 0.5581 2.7362, -0.1932 0.5581 2.7559, -0.2953 0.5114 2.7362, -0.2953 0.5114 2.7559, -0.3867 0.4463 2.7362, -0.3867 0.4463 2.7559, -0.4642 0.3651 2.7362, -0.4642 0.3651 2.7559, -0.5249 0.2706 2.7362, -0.5249 0.2706 2.7559, -0.5666 0.1664 2.7362, -0.5666 0.1664 2.7559, -0.5879 0.0561 2.7362, -0.5879 0.0561 2.7559, -0.5879 -0.0561 2.7362, -0.5879 -0.0561 2.7559, -0.5666 -0.1664 2.7362, -0.5666 -0.1664 2.7559, -0.5249 -0.2706 2.7362, -0.5249 -0.2706 2.7559, -0.4642 -0.3651 2.7362, -0.4642 -0.3651 2.7559, -0.3867 -0.4463 2.7362, -0.3867 -0.4463 2.7559, -0.2953 -0.5114 2.7362, -0.2953 -0.5114 2.7559, -0.1932 -0.5581 2.7362, -0.1932 -0.5581 2.7559, -0.084 -0.5845 2.7362, -0.084 -0.5845 2.7559, 0.0281 -0.5899 2.7362, 0.0281 -0.5899 2.7559, 0.1392 -0.5739 2.7362, 0.1392 -0.5739 2.7559, 0.2453 -0.5372 2.7362, 0.2453 -0.5372 2.7559, 0.3426 -0.481 2.7362, 0.3426 -0.481 2.7559, 0.4274 -0.4075 2.7362, 0.4274 -0.4075 2.7559, 0.4968 -0.3193 2.7362, 0.4968 -0.3193 2.7559, 0.5482 -0.2195 2.7362, 0.5482 -0.2195 2.7559, 0.5799 -0.1118 2.7362, 0.5799 -0.1118 2.7559, 0.0 0.0 2.7362, 0.0 0.0 2.7362
            ]
        }
        coordIndex [
            0,1,2,-1,3,4,5,-1,5,4,6,-1,5,6,1,-1,1,6,7,-1,1,7,2,-1,8,9,5,-1,5,9,10,-1,5,10,3,-1,11,12,8,-1,8,12,13,-1,8,13,9,-1,14,15,11,-1,11,15,16,-1,11,16,12,-1,17,18,19,-1,19,18,20,-1,19,20,14,-1,14,20,21,-1,14,21,15,-1,22,23,19,-1,19,23,24,-1,19,24,17,-1,25,26,22,-1,22,26,27,-1,22,27,23,-1,22,28,25,-1,25,28,29,-1,25,29,30,-1,30,29,31,-1,30,31,32,-1,32,31,33,-1,32,33,34,-1,34,33,35,-1,34,35,36,-1,36,35,37,-1,2,38,0,-1,0,38,39,-1,0,39,40,-1,40,39,41,-1,40,41,42,-1,42,41,43,-1,42,43,44,-1,44,43,45,-1,44,45,46,-1,46,45,47,-1,46,47,48,-1,48,47,49,-1,48,49,50,-1,50,49,51,-1,50,51,52,-1,52,51,53,-1,52,53,54,-1,54,53,55,-1,54,55,56,-1,56,55,57,-1,56,57,58,-1,58,57,59,-1,58,59,37,-1,37,59,60,-1,37,60,36,-1,19,14,61,-1,61,14,11,-1,61,11,8,-1,29,28,61,-1,61,28,22,-1,61,22,19,-1,35,33,61,-1,61,33,31,-1,61,31,29,-1,56,58,61,-1,61,58,37,-1,61,37,35,-1,50,52,61,-1,61,52,54,-1,61,54,56,-1,44,46,61,-1,61,46,48,-1,61,48,50,-1,0,40,61,-1,61,40,42,-1,61,42,44,-1,8,5,61,-1,61,5,1,-1,61,1,0,-1,62,63,64,-1,64,65,62,-1,62,65,66,-1,62,66,67,-1,67,66,68,-1,67,68,69,-1,69,68,70,-1,69,70,71,-1,71,70,72,-1,71,72,73,-1,73,72,74,-1,73,74,75,-1,75,74,76,-1,75,76,77,-1,77,76,78,-1,77,78,79,-1,79,78,80,-1,79,80,81,-1,81,80,82,-1,81,82,83,-1,83,82,84,-1,85,86,84,-1,84,86,87,-1,84,87,83,-1,84,88,85,-1,85,88,89,-1,85,89,90,-1,90,89,91,-1,90,91,92,-1,92,91,93,-1,92,93,94,-1,94,93,95,-1,94,95,96,-1,96,95,97,-1,98,99,97,-1,97,99,100,-1,97,100,96,-1,101,102,103,-1,103,102,104,-1,103,104,98,-1,98,104,105,-1,98,105,99,-1,106,107,103,-1,103,107,108,-1,103,108,101,-1,109,110,106,-1,106,110,111,-1,106,111,107,-1,112,113,109,-1,109,113,114,-1,109,114,110,-1,115,116,117,-1,117,116,118,-1,117,118,112,-1,112,118,119,-1,112,119,113,-1,63,120,64,-1,64,120,121,-1,64,121,117,-1,117,121,122,-1,117,122,115,-1,117,112,123,-1,123,112,109,-1,123,109,106,-1,66,65,123,-1,123,65,64,-1,123,64,117,-1,72,70,123,-1,123,70,68,-1,123,68,66,-1,78,76,123,-1,123,76,74,-1,123,74,72,-1,84,82,123,-1,123,82,80,-1,123,80,78,-1,91,89,123,-1,123,89,88,-1,123,88,84,-1,97,95,123,-1,123,95,93,-1,123,93,91,-1,106,103,123,-1,123,103,98,-1,123,98,97,-1,124,125,126,-1,126,125,127,-1,126,127,128,-1,128,127,129,-1,128,129,130,-1,130,129,131,-1,130,131,132,-1,132,131,133,-1,132,133,134,-1,134,133,135,-1,134,135,136,-1,136,135,137,-1,136,137,138,-1,138,137,139,-1,138,139,140,-1,140,139,141,-1,140,141,142,-1,142,141,143,-1,142,143,144,-1,144,143,145,-1,144,145,146,-1,146,145,147,-1,146,147,148,-1,148,147,149,-1,148,149,150,-1,150,149,151,-1,150,151,152,-1,152,151,153,-1,152,153,154,-1,154,153,155,-1,154,155,156,-1,156,155,157,-1,156,157,158,-1,158,157,159,-1,158,159,160,-1,160,159,161,-1,160,161,162,-1,162,161,163,-1,162,163,164,-1,164,163,165,-1,164,165,166,-1,166,165,167,-1,166,167,168,-1,168,167,169,-1,168,169,170,-1,170,169,171,-1,170,171,172,-1,172,171,173,-1,172,173,174,-1,174,173,175,-1,174,175,176,-1,176,175,177,-1,176,177,178,-1,178,177,179,-1,178,179,180,-1,180,179,181,-1,180,181,182,-1,182,181,183,-1,182,183,184,-1,184,183,185,-1,184,185,186,-1,186,185,187,-1,186,187,188,-1,188,187,189,-1,188,189,124,-1,124,189,125,-1,186,188,190,-1,190,188,124,-1,190,124,126,-1,180,182,190,-1,190,182,184,-1,190,184,186,-1,174,176,190,-1,190,176,178,-1,190,178,180,-1,168,170,190,-1,190,170,172,-1,190,172,174,-1,162,164,190,-1,190,164,166,-1,190,166,168,-1,156,158,190,-1,190,158,160,-1,190,160,162,-1,150,152,190,-1,190,152,154,-1,190,154,156,-1,144,146,190,-1,190,146,148,-1,190,148,150,-1,138,140,190,-1,190,140,142,-1,190,142,144,-1,132,134,190,-1,190,134,136,-1,190,136,138,-1,126,128,190,-1,190,128,130,-1,190,130,132,-1,
        ]
    }
}
Shape{
    appearance Appearance {
        material  Material 	{
            diffuseColor 1.0 1.0 1.0
            specularColor 0.30196078431372547 0.30196078431372547 0.30196078431372547
            ambientIntensity 0.2
            transparency 0
            shininess 0.5
        }
    }
    geometry IndexedFaceSet {
        ccw TRUE
        solid FALSE
        coord DEF co Coordinate {
            point [
                0.7763 0.1057 0.689, 0.7747 0.1061 0.6765, 0.7628 0.1779 0.689, 0.7611 0.1812 0.6764, 0.7622 0.1815 0.689, 0.7442 0.2451 0.689, 0.7423 0.2457 0.6765, 0.7414 0.2461 0.6707, 0.756 0.18 0.6588, 0.7371 0.2458 0.66, 0.7468 0.1778 0.643, 0.7344 0.2456 0.6533, 0.7367 0.2458 0.659, 0.7147 0.2421 0.6301, 0.7214 0.2435 0.6363, 0.7341 0.1748 0.63, 0.7241 0.244 0.6387, 0.7273 0.2445 0.6433, 0.7133 0.2418 0.6288, 0.7187 0.1711 0.6205, 0.6992 0.2387 0.6206, 0.682 0.2344 0.6152, 0.6821 0.2344 0.6153, 0.7016 0.1671 0.6152, 0.6986 0.2385 0.6202, 0.699 0.2386 0.6205, 0.6894 0.1642 0.6142, 0.6699 0.2312 0.6142, 0.7122 0.1012 0.6149, 0.7016 0.1 0.6142, 0.7315 0.1034 0.6207, 0.7299 0.1032 0.6198, 0.7216 0.1023 0.6175, 0.714 0.1014 0.6154, 0.7368 0.104 0.6237, 0.7452 0.1049 0.6284, 0.76 0.1061 0.6432, 0.7578 0.1059 0.6399, 0.7541 0.1056 0.6365, 0.7471 0.105 0.6302, 0.7679 0.1064 0.6548, 0.7683 0.1064 0.6559, 0.7741 0.1064 0.6713, 0.7739 0.1064 0.6708, 0.7694 0.1064 0.6589, 0.6802 0.0962 0.6142, 0.6474 0.1537 0.6142, 0.6277 0.2206 0.6142, 0.6492 0.2244 0.6142, 0.6585 0.0954 0.6142, 0.7407 -0.2332 2.6862, 0.7412 -0.2332 2.6852, 0.738 -0.2321 2.6838, 0.7435 -0.2331 2.681, 0.7408 -0.2318 2.6766, 0.7445 -0.2329 2.678, 0.7452 -0.2312 2.6649, 0.7495 -0.232 2.6623, 0.7458 -0.2308 2.6615, 0.7503 -0.2319 2.6599, 0.7465 -0.2303 2.6568, 0.7506 -0.2316 2.6576, 0.7495 -0.2282 2.6378, 0.7527 -0.2298 2.6421, 0.7533 -0.2294 2.6378, 0.7377 -0.2322 2.6848, 0.7376 -0.2322 2.6849, 0.7397 -0.2332 2.6879, 0.7368 -0.2322 2.6865, 0.7377 -0.2333 2.6914, 0.735 -0.2323 2.69, 0.7343 -0.2324 2.6912, 0.734 -0.2334 2.6983, 0.7307 -0.2324 2.6962, 0.7311 -0.2335 2.7034, 0.6297 -0.2268 2.752, 0.6297 -0.2268 2.7559, 0.6455 -0.2283 2.7509, 0.6499 -0.2288 2.7539, 0.6492 -0.2286 2.75, 0.6538 -0.2292 2.7535, 0.6635 -0.2298 2.7463, 0.6646 -0.2302 2.7502, 0.673 -0.2306 2.7439, 0.6786 -0.2314 2.7459, 0.6768 -0.2308 2.7419, 0.6988 -0.2327 2.7349, 0.7254 -0.2334 2.71, 0.7223 -0.2325 2.7076, 0.7251 -0.2334 2.7104, 0.7221 -0.2325 2.708, 0.7153 -0.2333 2.7217, 0.7177 -0.2325 2.714, 0.7041 -0.2329 2.7307, 0.7018 -0.2321 2.7275, 0.7037 -0.2329 2.731, 0.7014 -0.2321 2.7279, 0.698 -0.232 2.7308, 0.7488 -0.2304 1.3325, 0.7489 -0.2302 1.3601, 0.7528 -0.231 1.3601, 0.7506 -0.2246 2.5862, 0.7546 -0.2248 2.5771, 0.7508 -0.2239 2.577, 0.7516 -0.2211 2.0679, 0.7516 -0.221 2.0772, 0.7554 -0.2222 2.0772, 0.7518 -0.2207 2.1023, 0.7558 -0.221 2.1455, 0.7521 -0.2195 2.1663, 0.7562 -0.2195 2.252, 0.7524 -0.2186 2.252, 0.7566 -0.218 2.3557, 0.7528 -0.217 2.3945, 0.7565 -0.2183 2.4037, 0.7528 -0.2171 2.4037, 0.7564 -0.2188 2.4846, 0.7525 -0.2182 2.5016, 0.7558 -0.2208 2.5163, 0.7521 -0.2193 2.5163, 0.755 -0.2236 2.5604, 0.7509 -0.2236 2.5736, 0.7508 -0.2238 2.5759, 0.7489 -0.23 1.4014, 0.749 -0.2299 1.4249, 0.753 -0.2303 1.4701, 0.7492 -0.2293 1.4701, 0.7533 -0.2291 1.6741, 0.7554 -0.2223 2.0679, 0.7527 -0.2311 1.3325, 0.7526 -0.2316 1.2508, 0.7481 -0.2329 0.8979, 0.7518 -0.2341 0.8972, 0.7479 -0.2332 0.8873, 0.7517 -0.2344 0.8873, 0.7459 -0.2398 0.689, 0.7496 -0.241 0.689, 0.7317 -0.2379 0.6452, 0.7378 -0.2391 0.6562, 0.7409 -0.2402 0.6546, 0.7393 -0.2394 0.6588, 0.7422 -0.2404 0.6575, 0.7399 -0.2395 0.66, 0.7456 -0.241 0.6647, 0.7432 -0.2399 0.6712, 0.7468 -0.2411 0.6702, 0.748 -0.2411 0.6759, 0.7447 -0.2401 0.6764, 0.7447 -0.2401 0.6763, 0.7492 -0.2412 0.6814, 0.6723 -0.2241 0.6102, 0.6723 -0.2241 0.6142, 0.6851 -0.2273 0.6119, 0.6845 -0.2271 0.6156, 0.6911 -0.2288 0.6127, 0.6888 -0.2281 0.6161, 0.6981 -0.2305 0.6155, 0.6969 -0.2301 0.6191, 0.703 -0.2316 0.6175, 0.7016 -0.2312 0.6208, 0.7092 -0.2331 0.62, 0.7045 -0.2318 0.6218, 0.7191 -0.2355 0.6273, 0.717 -0.2347 0.6302, 0.7195 -0.2352 0.6319, 0.7249 -0.2368 0.6317, 0.7223 -0.2359 0.6349, 0.7251 -0.2369 0.6318, 0.7298 -0.2375 0.6432, 0.7325 -0.2385 0.6409, 0.7372 -0.2395 0.6467, 0.6512 -0.219 0.6102, 0.6341 -0.2141 0.6102, 0.6304 -0.2129 0.6142, 0.6512 -0.219 0.6142, 0.6301 -0.2138 0.5543, 0.6345 -0.213 0.4134, 0.6308 -0.2117 0.4094, 0.6339 -0.2147 0.5119, 0.63 -0.2139 0.5119, 0.6338 -0.2151 0.5376, 0.6338 -0.2149 0.5543, 0.6516 -0.2177 0.4094, 0.6516 -0.2177 0.4134, 0.6728 -0.2226 0.4134, 0.6728 -0.2226 0.4094, 0.6912 -0.2273 0.4105, 0.7006 -0.2298 0.408, 0.7021 -0.23 0.403, 0.7035 -0.2305 0.4064, 0.7038 -0.2304 0.4024, 0.7065 -0.2312 0.4048, 0.705 -0.2307 0.4016, 0.7175 -0.2337 0.3936, 0.7154 -0.2334 0.4001, 0.7195 -0.2343 0.3964, 0.6849 -0.2257 0.4082, 0.6903 -0.2271 0.4071, 0.6882 -0.2265 0.4078, 0.6855 -0.2259 0.412, 0.6827 -0.2252 0.4127, 0.7503 -0.2388 0.3346, 0.7466 -0.2376 0.3346, 0.7485 -0.2393 0.3478, 0.7448 -0.2381 0.3471, 0.7476 -0.2395 0.3538, 0.744 -0.2383 0.3529, 0.7431 -0.239 0.3653, 0.7396 -0.2379 0.3638, 0.7427 -0.239 0.3662, 0.7393 -0.2379 0.3646, 0.7405 -0.2387 0.3719, 0.7371 -0.2377 0.3702, 0.7329 -0.2373 0.3828, 0.7301 -0.2364 0.3805, 0.7296 -0.2366 0.3875, 0.7279 -0.236 0.3836, 0.7285 -0.2364 0.3885, 0.7257 -0.2355 0.3858, 0.7178 -0.2338 0.3935, 0.7474 -0.2349 0.1969, 0.7512 -0.2361 0.1969, 0.655 -0.2138 0.0984, 0.655 -0.2138 0.1024, 0.671 -0.2176 0.1003, 0.6704 -0.2174 0.1042, 0.6748 -0.2185 0.1007, 0.674 -0.2183 0.1047, 0.6763 -0.2189 0.1009, 0.6765 -0.2189 0.105, 0.693 -0.2229 0.1069, 0.6914 -0.2224 0.1106, 0.6936 -0.223 0.1071, 0.692 -0.2225 0.1109, 0.6967 -0.2238 0.1082, 0.6971 -0.2237 0.1128, 0.709 -0.2267 0.1161, 0.7068 -0.226 0.1195, 0.7115 -0.227 0.1227, 0.7144 -0.2279 0.1195, 0.7152 -0.2279 0.1253, 0.7226 -0.2298 0.1278, 0.7199 -0.229 0.1305, 0.7296 -0.2315 0.1349, 0.7275 -0.2308 0.1391, 0.7306 -0.2317 0.1364, 0.7304 -0.2315 0.1424, 0.7404 -0.2341 0.1518, 0.7366 -0.2329 0.154, 0.7404 -0.2341 0.1519, 0.7392 -0.2335 0.1589, 0.7424 -0.2345 0.1573, 0.7405 -0.2338 0.1612, 0.7479 -0.2357 0.1717, 0.7437 -0.2344 0.173, 0.7479 -0.2357 0.1718, 0.746 -0.2349 0.181, 0.7492 -0.2359 0.1804, 0.7462 -0.2349 0.1817, 0.751 -0.2362 0.1923, 0.6681 -0.1682 0.1024, 0.6802 -0.1097 0.0984, 0.6802 -0.1097 0.1024, 0.6823 -0.0959 0.1024, 0.6877 -0.0417 0.0984, 0.687 -0.0416 0.1024, 0.6886 -0.0225 0.1024, 0.6885 0.0268 0.0984, 0.6885 0.0268 0.1024, 0.6871 0.0511 0.1024, 0.6824 0.0949 0.0984, 0.6815 0.0948 0.1024, 0.6777 0.1242 0.1024, 0.6696 0.1622 0.0984, 0.6696 0.1622 0.1024, 0.6605 0.1959 0.1024, 0.6455 0.2409 0.0984, 0.6455 0.2409 0.1024, 0.7427 0.2617 0.1969, 0.7389 0.2603 0.1969, 0.7405 0.2622 0.1804, 0.7368 0.2609 0.1811, 0.7398 0.2624 0.1749, 0.7361 0.2611 0.1754, 0.7392 0.2623 0.1731, 0.7356 0.261 0.1741, 0.7334 0.2618 0.1565, 0.7301 0.2605 0.1588, 0.7316 0.2614 0.1533, 0.6598 0.2446 0.1035, 0.729 0.2603 0.1558, 0.7285 0.2603 0.155, 0.7234 0.26 0.1392, 0.7184 0.2584 0.1387, 0.6537 0.243 0.0988, 0.6614 0.245 0.1004, 0.6609 0.2448 0.1038, 0.6743 0.2483 0.103, 0.6738 0.2481 0.1076, 0.675 0.2485 0.1033, 0.6813 0.25 0.1098, 0.6839 0.2507 0.1073, 0.6826 0.2503 0.1105, 0.6936 0.2531 0.1117, 0.6942 0.253 0.1175, 0.6964 0.2538 0.1138, 0.702 0.2549 0.1221, 0.7042 0.2557 0.1197, 0.7022 0.2549 0.1223, 0.7107 0.2572 0.1246, 0.7089 0.2564 0.1292, 0.7118 0.2575 0.1259, 0.7211 0.2595 0.1365, 0.7396 0.2586 0.3346, 0.7433 0.2599 0.3346, 0.7384 0.2588 0.347, 0.7336 0.2581 0.3636, 0.7368 0.2586 0.3524, 0.7403 0.2598 0.3534, 0.7383 0.2588 0.3472, 0.7417 0.26 0.3478, 0.7426 0.2601 0.3444, 0.7383 0.2596 0.3616, 0.736 0.259 0.3662, 0.7315 0.2576 0.3673, 0.7347 0.2587 0.3689, 0.7254 0.2561 0.3785, 0.7293 0.2574 0.3794, 0.7236 0.2556 0.3804, 0.7265 0.2566 0.3827, 0.7174 0.2538 0.3873, 0.72 0.2547 0.3902, 0.7128 0.2525 0.3924, 0.7164 0.2537 0.3944, 0.7112 0.252 0.3935, 0.7134 0.2527 0.3965, 0.7004 0.2485 0.4008, 0.7022 0.2491 0.4044, 0.6985 0.2479 0.402, 0.7017 0.249 0.4047, 0.6962 0.2471 0.4029, 0.6976 0.2477 0.4063, 0.686 0.2438 0.4067, 0.687 0.2441 0.4105, 0.6845 0.2433 0.4073, 0.6852 0.2436 0.4112, 0.6795 0.2416 0.408, 0.6801 0.2418 0.4118, 0.6676 0.2377 0.4094, 0.6676 0.2377 0.4134, 0.6474 0.2298 0.4134, 0.63 0.2259 0.4134, 0.6262 0.2248 0.4094, 0.6474 0.2298 0.4094, 0.6264 0.2244 0.4714, 0.6316 0.2216 0.6102, 0.6304 0.2248 0.5119, 0.6265 0.224 0.5119, 0.6301 0.2256 0.489, 0.6301 0.2257 0.4714, 0.6492 0.2244 0.6102, 0.6699 0.2312 0.6102, 0.6827 0.2345 0.6113, 0.6827 0.2345 0.6113, 0.7002 0.2389 0.6167, 0.7005 0.239 0.6169, 0.7159 0.2426 0.626, 0.7479 0.2463 0.689, 0.746 0.247 0.6758, 0.7451 0.2473 0.6701, 0.7407 0.247 0.6584, 0.7403 0.247 0.6573, 0.739 0.2469 0.654, 0.7304 0.2455 0.6407, 0.7294 0.2454 0.6391, 0.7238 0.2442 0.6337, 0.7169 0.2428 0.627, 0.745 0.2425 0.7398, 0.7487 0.2437 0.7398, 0.7453 0.2414 0.7602, 0.7504 0.2386 0.8427, 0.7471 0.2359 0.8966, 0.7509 0.237 0.911, 0.7472 0.2355 0.911, 0.7474 0.2349 0.9362, 0.7511 0.2365 0.9362, 0.7477 0.2341 0.9732, 0.7518 0.234 1.0432, 0.7482 0.2325 1.0668, 0.7521 0.233 1.1762, 0.7483 0.2322 1.1762, 0.7526 0.2315 1.3617, 0.7486 0.2312 1.4338, 0.7526 0.2316 1.4338, 0.7488 0.2305 1.6534, 0.7524 0.2321 1.7232, 0.7476 0.2344 1.9586, 0.7514 0.2353 1.9586, 0.7503 0.2389 2.2311, 0.7462 0.2386 2.2817, 0.7492 0.2424 2.3637, 0.7453 0.2414 2.3636, 0.7445 0.2439 2.4354, 0.7432 0.26 2.6378, 0.7395 0.2587 2.6378, 0.7447 0.2557 2.5924, 0.7435 0.247 2.5153, 0.7486 0.244 2.4256, 0.7485 0.2445 2.4354, 0.7437 0.2464 2.5087, 0.7473 0.248 2.5135, 0.7473 0.2482 2.5153, 0.6974 0.2627 2.723, 0.7011 0.2628 2.7191, 0.7039 0.2638 2.7222, 0.7052 0.2638 2.7212, 0.7119 0.2631 2.7076, 0.7147 0.2642 2.71, 0.7184 0.2643 2.7058, 0.7156 0.2632 2.7037, 0.7158 0.2632 2.7034, 0.619 0.2545 2.7559, 0.619 0.2545 2.752, 0.6392 0.2573 2.754, 0.6385 0.257 2.7497, 0.6395 0.2573 2.754, 0.6388 0.2571 2.7497, 0.6418 0.2576 2.7538, 0.646 0.258 2.7489, 0.6639 0.2604 2.7475, 0.6652 0.2601 2.7419, 0.6668 0.2607 2.746, 0.6661 0.2602 2.7416, 0.6676 0.2608 2.7456, 0.6737 0.261 2.7388, 0.6865 0.2627 2.7359, 0.6868 0.2619 2.7301, 0.7376 0.2608 2.6536, 0.7405 0.2624 2.6576, 0.7366 0.261 2.6568, 0.7403 0.2625 2.6591, 0.7352 0.2614 2.6615, 0.7392 0.2628 2.6624, 0.7295 0.2628 2.6799, 0.7323 0.2641 2.6828, 0.7274 0.2629 2.6836, 0.7309 0.2641 2.6853, 0.727 0.2629 2.6842, 0.7306 0.2642 2.6859, 0.7209 0.2644 2.7028, 0.691 0.2622 2.7273, 0.6933 0.2631 2.7306, 0.6893 0.2628 2.7337, 0.6531 -0.1465 2.7559, 0.645 -0.1788 2.752, 0.6364 0.2072 2.752, 0.6459 0.1753 2.7559, 0.652 -0.1463 2.752, 0.6614 -0.1022 2.752, 0.6681 -0.0393 2.7559, 0.6674 -0.0392 2.752, 0.6688 -0.0243 2.752, 0.6671 0.0539 2.752, 0.6657 0.0689 2.7559, 0.665 0.0688 2.752, 0.6563 0.1315 2.752, 0.6448 0.175 2.752, 0.6862 0.0555 2.7504, 0.6634 -0.1839 2.7504, 0.7126 -0.1975 2.7279, 0.7534 -0.2088 2.6569, 0.7812 -0.0464 2.6378, 0.7829 -0.0285 2.6378, 0.7813 -0.0284 2.6569, 0.7805 0.0664 2.6378, 0.7682 0.1539 2.6378, 0.7666 0.1536 2.6569, 0.762 0.1776 2.6378, 0.745 0.2425 2.6378, 0.7434 0.242 2.6569, 0.7743 -0.1197 2.6378, 0.755 -0.2093 2.6378, 0.766 -0.1581 2.6378, 0.7727 -0.1194 2.6569, 0.7457 -0.2067 2.6838, 0.7318 -0.2028 2.708, 0.6893 -0.1911 2.7423, 0.6546 0.2131 2.7504, 0.6802 0.2215 2.7423, 0.7031 0.2289 2.7279, 0.722 0.2351 2.708, 0.7358 0.2395 2.6838, 0.6803 -0.1052 2.7504, 0.7069 -0.1093 2.7423, 0.7308 -0.113 2.7279, 0.7504 -0.116 2.708, 0.7647 -0.1182 2.6838, 0.7733 -0.0281 2.6838, 0.7588 -0.0276 2.708, 0.739 -0.0269 2.7279, 0.7149 -0.026 2.7423, 0.688 -0.025 2.7504, 0.7809 0.0632 2.6378, 0.7793 0.063 2.6569, 0.7712 0.0624 2.6838, 0.7569 0.0612 2.708, 0.7371 0.0596 2.7279, 0.713 0.0577 2.7423, 0.7587 0.152 2.6838, 0.7446 0.1492 2.708, 0.7251 0.1453 2.7279, 0.7014 0.1405 2.7423, 0.675 0.1352 2.7504, 0.7356 -0.1682 0.63, 0.7202 -0.1647 0.6205, 0.703 -0.1608 0.6152, 0.6908 -0.158 0.6142, 0.7027 -0.092 0.6142, 0.7483 -0.1711 0.643, 0.7576 -0.1732 0.6588, 0.7627 -0.1744 0.6764, 0.7637 -0.1747 0.689, 0.7667 -0.1582 0.689, 0.7766 -0.0999 0.6809, 0.7771 -0.0999 0.689, 0.7704 -0.0992 0.659, 0.7706 -0.0993 0.6595, 0.7724 -0.0994 0.6629, 0.7756 -0.0998 0.6765, 0.7638 -0.0985 0.6463, 0.7611 -0.0982 0.6432, 0.7384 -0.0958 0.6233, 0.7481 -0.0969 0.6304, 0.7535 -0.0974 0.6344, 0.7542 -0.0975 0.6351, 0.7325 -0.0952 0.621, 0.7151 -0.0933 0.6157, 0.7209 -0.094 0.6165, 0.7299 -0.0949 0.62, 0.6811 -0.0901 0.6142, 0.6499 -0.1425 0.6142, 0.6596 -0.087 0.6142, 0.6652 -0.0119 0.5353, 0.6634 -0.044 0.5352, 0.6639 -0.044 0.4094, 0.6634 -0.0455 0.5352, 0.6623 -0.0632 0.535, 0.6499 -0.1425 0.4094, 0.6597 -0.0869 0.535, 0.6596 -0.0869 0.5746, 0.6644 0.0217 0.5359, 0.663 0.0555 0.4094, 0.6639 0.0438 0.5362, 0.6474 0.1537 0.4094, 0.6583 0.0968 0.5375, 0.6627 0.0554 0.5365, 0.7072 0.0452 0.4094, 0.6986 0.1192 0.4094, 0.6822 0.1919 0.4094, 0.7081 -0.0293 0.4094, 0.7011 -0.1035 0.4094, 0.6863 -0.1765 0.4094, 0.7817 -0.0444 0.3346, 0.7828 -0.0324 0.3346, 0.7817 -0.0323 0.3472, 0.7542 0.2122 0.3346, 0.7532 0.2119 0.3472, 0.7616 0.1794 0.3346, 0.7723 0.1318 0.3346, 0.7751 -0.1144 0.3346, 0.7588 -0.1951 0.3346, 0.7578 -0.1949 0.3472, 0.7526 -0.1935 0.3648, 0.7435 -0.1912 0.3806, 0.7309 -0.188 0.3936, 0.7155 -0.184 0.4031, 0.6985 -0.1796 0.4084, 0.6942 0.1953 0.4084, 0.7112 0.2001 0.4031, 0.7264 0.2044 0.3936, 0.739 0.2079 0.3806, 0.7481 0.2105 0.3648, 0.7667 -0.156 0.3346, 0.774 -0.1142 0.3472, 0.7688 -0.1135 0.3648, 0.7594 -0.1121 0.3806, 0.7466 -0.1102 0.3936, 0.7309 -0.1079 0.4031, 0.7135 -0.1053 0.4084, 0.7764 -0.0321 0.3648, 0.767 -0.0317 0.3806, 0.754 -0.0312 0.3936, 0.7382 -0.0305 0.4031, 0.7206 -0.0298 0.4084, 0.7819 0.05 0.3346, 0.7808 0.0499 0.3472, 0.7755 0.0496 0.3648, 0.7661 0.049 0.3806, 0.7531 0.0482 0.3936, 0.7373 0.0472 0.4031, 0.7197 0.046 0.4084, 0.7797 0.0682 0.3346, 0.7713 0.1316 0.3472, 0.766 0.1308 0.3648, 0.7567 0.1292 0.3806, 0.7439 0.127 0.3936, 0.7283 0.1243 0.4031, 0.7109 0.1213 0.4084, 0.7434 0.2204 0.1587, 0.7499 0.2223 0.181, 0.78 0.0682 0.1969, 0.7813 0.0582 0.1969, 0.78 0.0581 0.181, 0.6835 -0.1721 0.1037, 0.6757 0.2004 0.1037, 0.6933 0.1271 0.1037, 0.7029 0.0523 0.1037, 0.7044 -0.023 0.1037, 0.6979 -0.0981 0.1037, 0.7051 -0.1775 0.1104, 0.7244 -0.1824 0.1223, 0.7404 -0.1864 0.1388, 0.752 -0.1893 0.1587, 0.7585 -0.191 0.181, 0.7598 -0.1913 0.1969, 0.7667 -0.156 0.1969, 0.7758 -0.1091 0.1969, 0.7706 0.1413 0.1969, 0.7511 0.2227 0.1969, 0.7615 0.1794 0.1969, 0.7693 0.141 0.181, 0.732 0.2171 0.1388, 0.7162 0.2124 0.1223, 0.6971 0.2067 0.1104, 0.7814 -0.0444 0.1969, 0.7745 -0.1089 0.181, 0.7679 -0.1079 0.1587, 0.7561 -0.1063 0.1388, 0.7398 -0.104 0.1223, 0.72 -0.1012 0.1104, 0.7267 -0.0238 0.1104, 0.7467 -0.0244 0.1223, 0.7631 -0.0249 0.1388, 0.775 -0.0253 0.1587, 0.7817 -0.0256 0.181, 0.783 -0.0256 0.1969, 0.7251 0.054 0.1104, 0.745 0.0555 0.1223, 0.7614 0.0567 0.1388, 0.7733 0.0576 0.1587, 0.7152 0.1311 0.1104, 0.7348 0.1347 0.1223, 0.751 0.1377 0.1388, 0.7627 0.1398 0.1587, 0.7756 0.1109 2.4646, 0.7745 0.1181 2.6167, 0.7792 0.0813 2.6188, 0.7803 0.0664 2.6194, 0.7758 0.1095 2.4036, 0.776 0.1076 2.3162, 0.7764 0.105 2.1666, 0.7772 0.0985 1.0477, 0.7768 0.1023 2.0155, 0.7795 0.0783 1.0474, 0.78 0.0664 2.0159, 0.7803 0.0664 1.0472, 0.7769 0.1011 0.8683, 0.7768 0.1016 0.8315, 0.7767 0.103 0.7835, 0.7765 0.1045 0.73, 0.7809 0.0571 1.0471, 0.7825 0.0397 2.0162, 0.7832 0.0219 1.0466, 0.7828 0.0085 2.0166, 0.7827 -0.0158 1.0465, 0.7831 -0.0231 2.0169, 0.7825 -0.0396 1.0465, 0.7819 -0.0407 2.0171, 0.7819 -0.0464 1.0466, 0.7774 -0.0971 1.0469, 0.7774 -0.0974 0.9258, 0.7789 -0.0848 2.3064, 0.7789 -0.0847 2.3182, 0.7783 -0.0898 2.0177, 0.7815 -0.0464 2.0172, 0.7791 -0.0826 2.0176, 0.779 -0.0838 2.4654, 0.779 -0.0837 2.4772, 0.7786 -0.0872 2.6186, 0.7816 -0.0464 2.6201, 0.7829 -0.0296 2.6207, 0.783 -0.0056 2.6209, 0.783 0.0263 2.6211, 0.7804 0.065 2.6195, 0.6635 -0.0875 0.5746, 0.6635 -0.0875 0.6102, 0.6636 -0.0874 0.535, 0.667 -0.0457 0.5352, 0.6664 -0.0622 0.5351, 0.6684 0.0218 0.5358, 0.6692 0.0129 0.5356, 0.6689 0.005 0.5356, 0.6622 0.0974 0.5375, 0.6624 0.0957 0.6102, 0.6802 0.0962 0.6102, 0.7016 0.1 0.6102, 0.7331 0.1036 0.617, 0.7342 0.1038 0.6174, 0.7802 0.1062 0.689, 0.7785 0.1067 0.6758, 0.7778 0.1069 0.6703, 0.7777 0.1069 0.6698, 0.7731 0.1069 0.6573, 0.772 0.1069 0.6544, 0.7719 0.1069 0.6541, 0.7146 0.1015 0.6116, 0.7178 0.1019 0.6119, 0.7227 0.1025 0.6136, 0.7631 0.1065 0.6407, 0.7616 0.1064 0.6384, 0.7568 0.106 0.6338, 0.7496 0.1054 0.6269, 0.7488 0.1053 0.6261, 0.7388 0.1043 0.6201, 0.7803 0.1052 0.73, 0.7806 0.1036 0.7835, 0.7809 0.1013 0.8683, 0.7812 0.099 1.0477, 0.7837 0.0763 1.0473, 0.7846 0.0574 1.0471, 0.7868 -0.0158 1.0465, 0.7874 -0.0063 1.0464, 0.787 0.0029 1.0465, 0.7813 -0.0976 1.0469, 0.7813 -0.0981 0.8679, 0.781 -0.1004 0.689, 0.764 -0.0986 0.6409, 0.7709 -0.0994 0.6505, 0.7737 -0.0997 0.6575, 0.774 -0.0997 0.658, 0.7599 -0.0982 0.6353, 0.7792 -0.1002 0.6759, 0.7783 -0.1001 0.6688, 0.7027 -0.092 0.6102, 0.7157 -0.0934 0.6119, 0.7213 -0.094 0.6126, 0.7314 -0.0951 0.6164, 0.734 -0.0954 0.6175, 0.7395 -0.096 0.6196, 0.7505 -0.0972 0.6274, 0.7559 -0.0978 0.6313, 0.7569 -0.0979 0.6323, 0.6811 -0.0901 0.6102, 0.7828 -0.0851 2.3182, 0.7829 -0.084 2.4654, 0.7825 -0.0877 2.6186, 0.7822 -0.0903 2.0177, 0.7807 0.1028 2.0155, 0.7849 -0.0408 2.0171, 0.7874 0.0063 2.0166, 0.7868 0.0143 2.0165, 0.7872 0.0086 2.0166, 0.7805 0.104 2.0885, 0.7802 0.1062 2.2186, 0.7803 0.1053 2.1666, 0.7784 0.1187 2.6167, 0.7796 0.1108 2.4036, 0.7798 0.1089 2.351, 0.7801 0.1072 2.2707, 0.783 0.0833 2.6187, 0.7868 0.0143 2.6209, 0.784 0.0653 2.6193, 0.7869 -0.0056 2.621, 0.7874 0.0041 2.6213, 0.7874 0.0041 2.6213
            ]
        }
        coordIndex [
            0,1,2,-1,2,1,3,-1,2,3,4,-1,5,4,6,-1,6,4,3,-1,6,3,7,-1,7,3,8,-1,7,8,9,-1,10,11,8,-1,8,11,12,-1,8,12,9,-1,13,14,15,-1,15,14,16,-1,15,16,10,-1,10,16,17,-1,10,17,11,-1,13,15,18,-1,18,15,19,-1,18,19,20,-1,21,22,23,-1,23,22,24,-1,23,24,19,-1,19,24,25,-1,19,25,20,-1,26,27,21,-1,21,23,26,-1,26,23,28,-1,26,28,29,-1,30,31,19,-1,19,31,32,-1,19,32,23,-1,23,32,33,-1,23,33,28,-1,30,19,34,-1,34,19,15,-1,34,15,35,-1,36,37,10,-1,10,37,38,-1,10,38,15,-1,15,38,39,-1,15,39,35,-1,36,10,40,-1,40,10,8,-1,40,8,41,-1,1,42,3,-1,3,42,43,-1,3,43,8,-1,8,43,44,-1,8,44,41,-1,26,29,45,-1,46,47,48,-1,45,49,46,-1,46,48,45,-1,45,48,27,-1,45,27,26,-1,50,51,52,-1,52,51,53,-1,52,53,54,-1,54,53,55,-1,54,55,56,-1,56,55,57,-1,56,57,58,-1,58,57,59,-1,58,59,60,-1,60,59,61,-1,60,61,62,-1,62,61,63,-1,62,63,64,-1,52,65,50,-1,50,65,66,-1,50,66,67,-1,67,66,68,-1,67,68,69,-1,68,70,69,-1,69,70,71,-1,69,71,72,-1,72,71,73,-1,72,73,74,-1,75,76,77,-1,77,76,78,-1,77,78,79,-1,79,78,80,-1,79,80,81,-1,81,80,82,-1,81,82,83,-1,83,82,84,-1,83,84,85,-1,85,84,86,-1,74,73,87,-1,87,73,88,-1,87,88,89,-1,89,88,90,-1,89,90,91,-1,91,90,92,-1,91,92,93,-1,93,92,94,-1,93,94,95,-1,95,94,96,-1,95,96,86,-1,86,96,97,-1,86,97,85,-1,98,99,100,-1,62,64,101,-1,101,64,102,-1,101,102,103,-1,104,105,106,-1,106,105,107,-1,106,107,108,-1,108,107,109,-1,108,109,110,-1,110,109,111,-1,110,111,112,-1,112,111,113,-1,112,113,114,-1,114,113,115,-1,114,115,116,-1,116,115,117,-1,116,117,118,-1,118,117,119,-1,118,119,120,-1,120,119,121,-1,120,121,102,-1,102,121,122,-1,102,122,103,-1,99,123,100,-1,100,123,124,-1,100,124,125,-1,125,124,126,-1,125,126,127,-1,127,126,104,-1,127,104,128,-1,128,104,106,-1,100,129,98,-1,98,129,130,-1,98,130,131,-1,131,130,132,-1,131,132,133,-1,133,132,134,-1,133,134,135,-1,135,134,136,-1,137,138,139,-1,139,138,140,-1,139,140,141,-1,141,140,142,-1,141,142,143,-1,143,142,144,-1,143,144,145,-1,145,144,146,-1,147,135,136,-1,144,148,146,-1,146,148,147,-1,146,147,149,-1,149,147,136,-1,150,151,152,-1,152,151,153,-1,152,153,154,-1,154,153,155,-1,154,155,156,-1,156,155,157,-1,156,157,158,-1,158,157,159,-1,158,159,160,-1,160,159,161,-1,160,161,162,-1,161,163,162,-1,162,163,164,-1,162,164,165,-1,165,164,166,-1,165,166,167,-1,167,166,168,-1,167,168,169,-1,169,168,137,-1,169,137,170,-1,170,137,139,-1,171,172,173,-1,173,174,171,-1,171,174,151,-1,171,151,150,-1,175,173,172,-1,176,177,178,-1,178,177,179,-1,178,179,180,-1,180,179,175,-1,180,175,181,-1,181,175,172,-1,182,177,176,-1,176,183,182,-1,182,183,184,-1,182,184,185,-1,186,187,188,-1,188,187,189,-1,188,189,190,-1,190,189,191,-1,190,191,192,-1,192,191,193,-1,193,191,194,-1,193,194,195,-1,196,185,184,-1,188,197,186,-1,186,197,198,-1,186,198,199,-1,199,198,196,-1,199,196,200,-1,200,196,184,-1,201,202,203,-1,203,202,204,-1,203,204,205,-1,205,204,206,-1,205,206,207,-1,207,206,208,-1,207,208,209,-1,209,208,210,-1,209,210,211,-1,211,210,212,-1,211,212,213,-1,213,212,214,-1,213,214,215,-1,215,214,216,-1,215,216,217,-1,217,216,218,-1,217,218,195,-1,195,218,219,-1,195,219,193,-1,202,201,220,-1,220,201,221,-1,222,223,224,-1,224,223,225,-1,224,225,226,-1,226,225,227,-1,226,227,228,-1,228,227,229,-1,228,229,230,-1,230,229,231,-1,230,231,232,-1,232,231,233,-1,232,233,234,-1,234,233,235,-1,234,235,236,-1,235,237,236,-1,236,237,238,-1,236,238,239,-1,239,238,240,-1,239,240,241,-1,241,240,242,-1,241,242,243,-1,243,242,244,-1,243,244,245,-1,245,244,246,-1,245,246,247,-1,247,246,248,-1,247,248,249,-1,249,248,250,-1,249,250,251,-1,251,250,252,-1,251,252,253,-1,253,252,254,-1,253,254,255,-1,255,254,256,-1,255,256,257,-1,257,256,258,-1,257,258,259,-1,259,258,220,-1,259,220,221,-1,223,222,260,-1,260,222,261,-1,260,261,262,-1,262,261,263,-1,263,261,264,-1,263,264,265,-1,265,264,266,-1,266,264,267,-1,266,267,268,-1,268,267,269,-1,269,267,270,-1,269,270,271,-1,271,270,272,-1,272,270,273,-1,272,273,274,-1,274,273,275,-1,275,273,276,-1,275,276,277,-1,278,279,280,-1,280,279,281,-1,280,281,282,-1,282,281,283,-1,282,283,284,-1,284,283,285,-1,284,285,286,-1,286,285,287,-1,286,287,288,-1,289,277,276,-1,287,290,288,-1,288,290,291,-1,288,291,292,-1,292,291,293,-1,276,294,289,-1,289,294,295,-1,289,295,296,-1,296,295,297,-1,296,297,298,-1,298,297,299,-1,298,299,300,-1,300,299,301,-1,300,301,302,-1,302,301,303,-1,302,303,304,-1,304,303,305,-1,304,305,306,-1,306,305,307,-1,306,307,308,-1,308,307,309,-1,308,309,310,-1,310,309,311,-1,310,311,293,-1,293,311,312,-1,293,312,292,-1,279,278,313,-1,313,278,314,-1,315,313,314,-1,316,317,318,-1,318,317,319,-1,318,319,320,-1,320,319,315,-1,320,315,321,-1,321,315,314,-1,318,322,316,-1,316,322,323,-1,316,323,324,-1,324,323,325,-1,324,325,326,-1,326,325,327,-1,326,327,328,-1,328,327,329,-1,328,329,330,-1,330,329,331,-1,330,331,332,-1,332,331,333,-1,332,333,334,-1,334,333,335,-1,334,335,336,-1,336,335,337,-1,336,337,338,-1,338,337,339,-1,338,339,340,-1,340,339,341,-1,340,341,342,-1,342,341,343,-1,342,343,344,-1,344,343,345,-1,344,345,346,-1,346,345,347,-1,346,347,348,-1,348,347,349,-1,350,351,352,-1,352,353,350,-1,350,353,348,-1,350,348,349,-1,354,352,351,-1,355,47,356,-1,356,47,357,-1,356,357,358,-1,358,357,354,-1,358,354,359,-1,359,354,351,-1,48,47,355,-1,355,360,48,-1,48,360,361,-1,48,361,27,-1,27,361,21,-1,21,361,362,-1,21,362,22,-1,22,362,363,-1,22,363,24,-1,24,363,364,-1,24,364,25,-1,25,364,365,-1,25,365,20,-1,20,365,366,-1,367,5,368,-1,368,5,6,-1,368,6,369,-1,369,6,7,-1,369,7,370,-1,370,7,9,-1,370,9,371,-1,371,9,12,-1,371,12,372,-1,372,12,11,-1,372,11,373,-1,373,11,17,-1,373,17,374,-1,374,17,16,-1,374,16,375,-1,375,16,14,-1,375,14,376,-1,376,14,13,-1,376,13,366,-1,366,13,18,-1,366,18,20,-1,5,367,377,-1,377,367,378,-1,377,378,379,-1,379,378,380,-1,379,380,381,-1,381,380,382,-1,381,382,383,-1,383,382,384,-1,384,382,385,-1,384,385,386,-1,386,385,387,-1,386,387,388,-1,388,387,389,-1,388,389,390,-1,390,389,391,-1,390,391,392,-1,392,391,393,-1,392,393,394,-1,394,393,395,-1,394,395,396,-1,395,397,396,-1,396,397,398,-1,396,398,399,-1,399,398,400,-1,399,400,401,-1,401,400,402,-1,403,404,405,-1,405,404,406,-1,400,407,402,-1,402,407,408,-1,402,408,409,-1,409,408,410,-1,409,410,406,-1,406,410,411,-1,406,411,405,-1,412,413,414,-1,414,413,415,-1,415,413,416,-1,415,416,417,-1,417,416,418,-1,418,416,419,-1,418,419,420,-1,421,422,423,-1,423,422,424,-1,423,424,425,-1,425,424,426,-1,425,426,427,-1,427,426,428,-1,427,428,429,-1,429,428,430,-1,429,430,431,-1,431,430,432,-1,431,432,433,-1,433,432,434,-1,433,434,435,-1,435,434,436,-1,404,403,437,-1,437,403,438,-1,437,438,439,-1,439,438,440,-1,439,440,441,-1,441,440,442,-1,441,442,443,-1,443,442,444,-1,443,444,445,-1,445,444,446,-1,445,446,447,-1,447,446,448,-1,447,448,420,-1,420,448,449,-1,420,449,418,-1,412,414,450,-1,450,414,451,-1,450,451,436,-1,436,451,452,-1,436,452,435,-1,453,76,454,-1,454,76,75,-1,422,421,455,-1,455,421,456,-1,454,457,453,-1,453,457,458,-1,453,458,459,-1,459,458,460,-1,460,461,459,-1,459,461,462,-1,459,462,463,-1,462,464,463,-1,463,464,465,-1,463,465,456,-1,456,465,466,-1,456,466,455,-1,464,462,467,-1,77,79,468,-1,96,94,469,-1,58,60,470,-1,471,472,473,-1,474,475,476,-1,477,478,479,-1,479,478,404,-1,479,404,437,-1,471,473,480,-1,481,482,483,-1,58,470,56,-1,56,470,484,-1,56,484,54,-1,71,484,73,-1,73,484,485,-1,71,70,484,-1,484,70,68,-1,484,68,66,-1,66,65,484,-1,484,65,52,-1,484,52,54,-1,94,92,469,-1,469,92,90,-1,469,90,485,-1,485,90,88,-1,485,88,73,-1,79,81,468,-1,468,81,83,-1,468,83,486,-1,486,83,85,-1,486,85,469,-1,469,85,97,-1,469,97,96,-1,75,77,454,-1,454,77,468,-1,454,468,457,-1,457,468,458,-1,464,467,465,-1,422,455,424,-1,424,455,487,-1,424,487,426,-1,426,487,428,-1,428,487,488,-1,428,488,430,-1,489,450,488,-1,488,450,436,-1,436,434,488,-1,488,434,432,-1,488,432,430,-1,419,416,490,-1,490,416,413,-1,490,413,489,-1,489,413,412,-1,489,412,450,-1,491,445,447,-1,491,447,490,-1,490,447,420,-1,490,420,419,-1,437,439,479,-1,479,439,441,-1,479,441,491,-1,491,441,443,-1,491,443,445,-1,460,458,492,-1,492,458,468,-1,492,468,493,-1,493,468,486,-1,493,486,494,-1,494,486,469,-1,494,469,495,-1,495,469,485,-1,495,485,496,-1,496,485,484,-1,496,484,483,-1,483,484,470,-1,483,470,481,-1,481,470,60,-1,481,60,62,-1,482,480,483,-1,483,480,473,-1,483,473,496,-1,496,473,497,-1,496,497,495,-1,495,497,498,-1,495,498,494,-1,494,498,499,-1,494,499,493,-1,493,499,500,-1,493,500,492,-1,492,500,501,-1,492,501,460,-1,460,501,461,-1,472,502,473,-1,473,502,503,-1,473,503,497,-1,497,503,504,-1,497,504,498,-1,498,504,505,-1,498,505,499,-1,499,505,506,-1,499,506,500,-1,500,506,507,-1,500,507,501,-1,501,507,467,-1,501,467,461,-1,461,467,462,-1,502,474,503,-1,503,474,476,-1,503,476,504,-1,504,476,508,-1,504,508,505,-1,505,508,509,-1,505,509,506,-1,506,509,510,-1,506,510,507,-1,507,510,511,-1,507,511,467,-1,467,511,512,-1,467,512,465,-1,465,512,466,-1,475,477,476,-1,476,477,479,-1,476,479,508,-1,508,479,491,-1,508,491,509,-1,509,491,490,-1,509,490,510,-1,510,490,489,-1,510,489,511,-1,511,489,488,-1,511,488,512,-1,512,488,487,-1,512,487,466,-1,466,487,455,-1,164,163,513,-1,161,159,514,-1,515,516,517,-1,151,516,153,-1,153,516,515,-1,153,515,155,-1,155,515,514,-1,155,514,157,-1,157,514,159,-1,164,513,166,-1,166,513,518,-1,166,518,168,-1,519,138,518,-1,518,138,137,-1,518,137,168,-1,520,147,148,-1,148,144,520,-1,520,144,142,-1,520,142,519,-1,519,142,140,-1,519,140,138,-1,135,147,521,-1,521,147,520,-1,521,520,522,-1,522,520,523,-1,522,523,524,-1,525,526,519,-1,519,526,527,-1,519,527,520,-1,520,527,528,-1,520,528,523,-1,525,519,529,-1,529,519,518,-1,529,518,530,-1,531,532,513,-1,513,532,533,-1,513,533,518,-1,518,533,534,-1,518,534,530,-1,535,531,514,-1,514,531,513,-1,514,513,161,-1,161,513,163,-1,517,536,515,-1,515,536,537,-1,515,537,514,-1,514,537,538,-1,514,538,535,-1,539,517,516,-1,174,173,540,-1,516,151,174,-1,174,540,516,-1,516,540,541,-1,516,541,539,-1,542,543,544,-1,543,545,544,-1,544,545,546,-1,544,546,547,-1,547,546,548,-1,547,548,540,-1,540,548,549,-1,540,549,541,-1,542,544,550,-1,550,544,551,-1,550,551,552,-1,46,49,553,-1,553,49,554,-1,553,554,551,-1,551,554,555,-1,551,555,552,-1,47,46,357,-1,357,46,553,-1,357,553,354,-1,354,553,352,-1,177,547,179,-1,179,547,540,-1,179,540,175,-1,175,540,173,-1,556,557,353,-1,353,557,558,-1,353,558,348,-1,353,352,553,-1,547,177,182,-1,353,553,556,-1,556,553,551,-1,556,551,559,-1,559,551,544,-1,559,544,560,-1,560,544,547,-1,560,547,561,-1,561,547,182,-1,561,182,185,-1,562,563,564,-1,313,315,565,-1,565,315,566,-1,565,566,567,-1,567,566,568,-1,562,564,569,-1,202,570,204,-1,204,570,571,-1,204,571,206,-1,206,571,572,-1,206,572,208,-1,573,212,572,-1,572,212,210,-1,572,210,208,-1,219,218,574,-1,574,218,216,-1,574,216,573,-1,573,216,214,-1,573,214,212,-1,188,190,575,-1,575,190,192,-1,575,192,574,-1,574,192,193,-1,574,193,219,-1,188,575,197,-1,197,575,576,-1,197,576,198,-1,198,576,196,-1,196,576,561,-1,196,561,185,-1,342,577,340,-1,340,577,578,-1,340,578,338,-1,348,558,346,-1,346,558,577,-1,346,577,344,-1,344,577,342,-1,330,332,579,-1,579,332,334,-1,579,334,578,-1,578,334,336,-1,578,336,338,-1,330,579,328,-1,328,579,580,-1,328,580,326,-1,326,580,581,-1,326,581,324,-1,315,319,566,-1,566,319,317,-1,566,317,581,-1,581,317,316,-1,581,316,324,-1,570,582,571,-1,571,582,583,-1,571,583,572,-1,572,583,584,-1,572,584,573,-1,573,584,585,-1,573,585,574,-1,574,585,586,-1,574,586,575,-1,575,586,587,-1,575,587,576,-1,576,587,588,-1,576,588,561,-1,561,588,560,-1,582,569,583,-1,583,569,564,-1,583,564,584,-1,584,564,589,-1,584,589,585,-1,585,589,590,-1,585,590,586,-1,586,590,591,-1,586,591,587,-1,587,591,592,-1,587,592,588,-1,588,592,593,-1,588,593,560,-1,560,593,559,-1,563,594,564,-1,564,594,595,-1,564,595,589,-1,589,595,596,-1,589,596,590,-1,590,596,597,-1,590,597,591,-1,591,597,598,-1,591,598,592,-1,592,598,599,-1,592,599,593,-1,593,599,600,-1,593,600,559,-1,559,600,556,-1,594,601,595,-1,595,601,602,-1,595,602,596,-1,596,602,603,-1,596,603,597,-1,597,603,604,-1,597,604,598,-1,598,604,605,-1,598,605,599,-1,599,605,606,-1,599,606,600,-1,600,606,607,-1,600,607,556,-1,556,607,557,-1,601,568,602,-1,602,568,566,-1,602,566,603,-1,603,566,581,-1,603,581,604,-1,604,581,580,-1,604,580,605,-1,605,580,579,-1,605,579,606,-1,606,579,578,-1,606,578,607,-1,607,578,577,-1,607,577,557,-1,557,577,558,-1,290,287,608,-1,283,281,609,-1,610,611,612,-1,227,225,613,-1,289,296,614,-1,277,289,275,-1,275,289,614,-1,275,614,274,-1,274,614,272,-1,269,271,615,-1,266,268,616,-1,263,265,617,-1,260,262,618,-1,235,233,619,-1,619,233,231,-1,619,231,613,-1,613,231,229,-1,613,229,227,-1,235,619,237,-1,237,619,620,-1,237,620,238,-1,246,244,621,-1,621,244,242,-1,621,242,620,-1,620,242,240,-1,620,240,238,-1,246,621,248,-1,248,621,622,-1,248,622,250,-1,258,256,623,-1,623,256,254,-1,623,254,622,-1,622,254,252,-1,622,252,250,-1,220,258,624,-1,624,258,623,-1,624,623,625,-1,625,623,626,-1,610,612,627,-1,628,629,630,-1,608,287,609,-1,609,287,285,-1,609,285,283,-1,290,608,291,-1,291,608,631,-1,291,631,293,-1,293,631,310,-1,310,631,632,-1,310,632,308,-1,308,632,306,-1,306,632,633,-1,306,633,304,-1,296,298,614,-1,614,298,300,-1,614,300,633,-1,633,300,302,-1,633,302,304,-1,634,626,635,-1,635,626,623,-1,635,623,636,-1,636,623,622,-1,636,622,637,-1,637,622,621,-1,637,621,638,-1,638,621,620,-1,638,620,639,-1,639,620,619,-1,639,619,618,-1,618,619,613,-1,618,613,260,-1,260,613,225,-1,260,225,223,-1,262,263,618,-1,618,263,617,-1,618,617,639,-1,639,617,640,-1,639,640,638,-1,638,640,641,-1,638,641,637,-1,637,641,642,-1,637,642,636,-1,636,642,643,-1,636,643,635,-1,635,643,644,-1,635,644,634,-1,634,644,645,-1,265,266,617,-1,617,266,616,-1,617,616,640,-1,640,616,646,-1,640,646,641,-1,641,646,647,-1,641,647,642,-1,642,647,648,-1,642,648,643,-1,643,648,649,-1,643,649,644,-1,644,649,612,-1,644,612,645,-1,645,612,611,-1,268,269,616,-1,616,269,615,-1,616,615,646,-1,646,615,650,-1,646,650,647,-1,647,650,651,-1,647,651,648,-1,648,651,652,-1,648,652,649,-1,649,652,653,-1,649,653,612,-1,612,653,630,-1,612,630,627,-1,627,630,629,-1,271,272,615,-1,615,272,614,-1,615,614,650,-1,650,614,633,-1,650,633,651,-1,651,633,632,-1,651,632,652,-1,652,632,631,-1,652,631,653,-1,653,631,608,-1,653,608,630,-1,630,608,609,-1,630,609,628,-1,628,609,281,-1,628,281,279,-1,202,220,570,-1,570,220,624,-1,570,624,582,-1,582,624,625,-1,582,625,569,-1,569,625,626,-1,569,626,562,-1,562,626,634,-1,562,634,563,-1,563,634,645,-1,563,645,594,-1,594,645,611,-1,594,611,601,-1,601,611,610,-1,601,610,568,-1,568,610,627,-1,568,627,567,-1,567,627,629,-1,567,629,565,-1,565,629,628,-1,565,628,313,-1,313,628,279,-1,654,477,655,-1,655,477,475,-1,655,475,656,-1,656,475,474,-1,656,474,657,-1,654,658,477,-1,477,658,659,-1,477,659,660,-1,661,662,663,-1,663,662,664,-1,663,664,665,-1,660,662,477,-1,477,662,661,-1,477,661,2,-1,2,661,666,-1,2,666,667,-1,667,668,2,-1,2,668,669,-1,2,669,0,-1,665,664,670,-1,670,664,671,-1,670,671,672,-1,672,671,673,-1,672,673,674,-1,674,673,675,-1,674,675,676,-1,676,675,677,-1,676,677,678,-1,679,522,680,-1,680,522,524,-1,681,682,482,-1,681,482,683,-1,677,684,678,-1,678,684,685,-1,678,685,679,-1,679,685,683,-1,679,683,522,-1,522,683,482,-1,103,481,101,-1,101,481,62,-1,103,122,481,-1,481,122,121,-1,481,121,482,-1,482,121,119,-1,119,117,482,-1,482,117,115,-1,482,115,113,-1,113,111,482,-1,482,111,109,-1,482,109,107,-1,107,105,482,-1,482,105,104,-1,482,104,522,-1,522,104,126,-1,522,126,124,-1,124,123,522,-1,522,123,99,-1,522,99,98,-1,98,131,522,-1,522,131,133,-1,522,133,521,-1,521,133,135,-1,5,377,4,-1,4,377,379,-1,4,379,2,-1,379,381,2,-1,2,381,383,-1,2,383,384,-1,384,386,2,-1,2,386,388,-1,2,388,390,-1,390,392,2,-1,2,392,394,-1,2,394,477,-1,477,394,396,-1,396,399,477,-1,477,399,401,-1,477,401,402,-1,402,409,477,-1,477,409,406,-1,477,406,478,-1,478,406,404,-1,682,686,482,-1,482,686,687,-1,482,687,480,-1,480,687,688,-1,480,688,471,-1,471,688,689,-1,471,689,472,-1,689,690,472,-1,472,690,691,-1,472,691,502,-1,502,691,692,-1,502,692,474,-1,474,692,693,-1,474,693,657,-1,694,695,541,-1,541,549,694,-1,694,549,548,-1,694,548,696,-1,545,697,546,-1,546,697,698,-1,546,698,548,-1,548,698,696,-1,699,700,550,-1,550,700,701,-1,550,701,542,-1,542,701,697,-1,542,697,543,-1,543,697,545,-1,550,552,699,-1,699,552,555,-1,699,555,702,-1,702,555,554,-1,702,554,703,-1,703,554,49,-1,704,703,49,-1,49,45,704,-1,704,45,29,-1,704,29,705,-1,32,31,706,-1,706,31,30,-1,706,30,707,-1,707,30,34,-1,0,708,1,-1,1,708,709,-1,1,709,42,-1,42,709,710,-1,42,710,43,-1,43,710,711,-1,43,711,44,-1,711,712,44,-1,44,712,713,-1,44,713,41,-1,41,713,714,-1,41,714,40,-1,715,705,29,-1,29,28,715,-1,715,28,33,-1,715,33,716,-1,716,33,32,-1,716,32,717,-1,717,32,706,-1,40,714,36,-1,36,714,718,-1,36,718,37,-1,37,718,719,-1,37,719,38,-1,38,719,720,-1,38,720,39,-1,39,720,721,-1,39,721,35,-1,35,721,722,-1,35,722,34,-1,34,722,723,-1,34,723,707,-1,708,0,724,-1,724,0,669,-1,724,669,725,-1,669,668,725,-1,725,668,667,-1,725,667,726,-1,726,667,666,-1,726,666,727,-1,727,666,661,-1,728,727,661,-1,661,663,728,-1,728,663,665,-1,728,665,729,-1,730,731,674,-1,674,731,732,-1,674,732,672,-1,672,732,729,-1,672,729,670,-1,670,729,665,-1,674,676,730,-1,730,676,678,-1,730,678,733,-1,733,678,679,-1,733,679,680,-1,733,680,734,-1,734,680,524,-1,734,524,735,-1,736,737,525,-1,525,737,738,-1,525,738,526,-1,526,738,739,-1,526,739,527,-1,525,529,736,-1,736,529,530,-1,736,530,740,-1,740,530,534,-1,735,524,741,-1,741,524,523,-1,741,523,528,-1,527,739,528,-1,528,739,742,-1,528,742,741,-1,517,743,536,-1,536,743,744,-1,536,744,537,-1,537,744,745,-1,537,745,538,-1,538,745,746,-1,538,746,535,-1,535,746,747,-1,535,747,531,-1,531,747,748,-1,531,748,532,-1,532,748,749,-1,532,749,533,-1,533,749,750,-1,533,750,534,-1,534,750,751,-1,534,751,740,-1,539,541,695,-1,695,752,539,-1,539,752,743,-1,539,743,517,-1,753,754,686,-1,755,688,754,-1,754,688,687,-1,754,687,686,-1,683,756,681,-1,681,756,753,-1,681,753,682,-1,682,753,686,-1,664,662,757,-1,684,758,685,-1,685,758,756,-1,685,756,683,-1,673,759,675,-1,675,759,758,-1,675,758,677,-1,677,758,684,-1,664,757,671,-1,671,757,760,-1,671,760,673,-1,673,760,761,-1,673,761,759,-1,757,662,762,-1,762,662,660,-1,659,763,660,-1,660,763,764,-1,660,764,762,-1,655,765,654,-1,654,765,766,-1,654,766,658,-1,658,766,767,-1,658,767,659,-1,659,767,768,-1,659,768,763,-1,689,688,755,-1,769,765,655,-1,691,770,692,-1,692,770,771,-1,655,656,769,-1,769,656,657,-1,769,657,771,-1,771,657,693,-1,771,693,692,-1,689,755,690,-1,690,755,772,-1,690,772,691,-1,691,772,773,-1,691,773,770,-1,
        ]
    }
}
Shape{
    appearance Appearance {
        material  Material 	{
            diffuseColor 0.10980392156862745 0.10980392156862745 0.10980392156862745
            specularColor 0.0784313725490196 0.0784313725490196 0.0784313725490196
            ambientIntensity 0.2
            transparency 0
            shininess 0.5
        }
    }
    geometry IndexedFaceSet {
        ccw TRUE
        solid FALSE
        coord DEF co Coordinate {
            point [
                0.6622 0.0974 0.5375, 0.6624 0.0957 0.6102, 0.6684 0.0218 0.5358, 0.6693 0.005 0.6102, 0.6692 0.0129 0.5356, 0.6689 0.005 0.5356, 0.667 -0.0457 0.5352, 0.6635 -0.0875 0.5746, 0.6664 -0.0622 0.5351, 0.6636 -0.0874 0.535, 0.6635 -0.0875 0.6102, 0.6802 0.0962 0.6102, 0.7016 0.1 0.6102, 0.7075 0.0397 0.6102, 0.708 -0.0317 0.6102, 0.7027 -0.092 0.6102, 0.6811 -0.0901 0.6102, 0.7778 0.1069 0.6703, 0.7785 0.1067 0.6758, 0.7851 0.0441 0.6758, 0.7146 0.1015 0.6116, 0.7207 0.0405 0.6113, 0.7211 -0.0323 0.6113, 0.7157 -0.0934 0.6119, 0.7397 -0.0331 0.6169, 0.7314 -0.0951 0.6164, 0.7213 -0.094 0.6126, 0.7563 -0.0339 0.6269, 0.7395 -0.096 0.6196, 0.734 -0.0954 0.6175, 0.7569 -0.0979 0.6323, 0.7599 -0.0982 0.6353, 0.77 -0.0345 0.6406, 0.7559 -0.0978 0.6313, 0.7505 -0.0972 0.6274, 0.774 -0.0997 0.658, 0.7737 -0.0997 0.6575, 0.7799 -0.0349 0.6572, 0.7709 -0.0994 0.6505, 0.764 -0.0986 0.6409, 0.7783 -0.1001 0.6688, 0.7855 -0.0352 0.6758, 0.7792 -0.1002 0.6759, 0.781 -0.1004 0.689, 0.7866 -0.0352 0.689, 0.7864 0.0029 0.689, 0.7862 0.0441 0.689, 0.7719 0.1069 0.6541, 0.772 0.1069 0.6544, 0.7795 0.0438 0.6572, 0.7731 0.1069 0.6573, 0.7777 0.1069 0.6698, 0.7631 0.1065 0.6407, 0.7696 0.0432 0.6406, 0.7616 0.1064 0.6384, 0.7559 0.0424 0.6269, 0.7568 0.106 0.6338, 0.7342 0.1038 0.6174, 0.7388 0.1043 0.6201, 0.7393 0.0415 0.6169, 0.7488 0.1053 0.6261, 0.7496 0.1054 0.6269, 0.7178 0.1019 0.6119, 0.7227 0.1025 0.6136, 0.7331 0.1036 0.617, 0.7802 0.1062 0.689, 0.787 0.0029 1.0465, 0.7874 -0.0063 1.0464, 0.7868 -0.0158 1.0465, 0.7813 -0.0976 1.0469, 0.7813 -0.0981 0.8679, 0.7809 0.1013 0.8683, 0.7806 0.1036 0.7835, 0.7803 0.1052 0.73, 0.7812 0.099 1.0477, 0.7837 0.0763 1.0473, 0.7846 0.0574 1.0471, 0.7869 -0.0056 2.621, 0.7825 -0.0877 2.6186, 0.7829 -0.084 2.4654, 0.7874 0.0041 2.6213, 0.7874 0.0063 2.0166, 0.7828 -0.0851 2.3182, 0.7849 -0.0408 2.0171, 0.7822 -0.0903 2.0177, 0.7872 0.0086 2.0166, 0.7868 0.0143 2.0165, 0.7868 0.0143 2.6209, 0.7807 0.1028 2.0155, 0.7805 0.104 2.0885, 0.7803 0.1053 2.1666, 0.7802 0.1062 2.2186, 0.7801 0.1072 2.2707, 0.7798 0.1089 2.351, 0.784 0.0653 2.6193, 0.7796 0.1108 2.4036, 0.783 0.0833 2.6187, 0.7784 0.1187 2.6167, 0.7784 0.1187 2.6167
            ]
        }
        coordIndex [
            0,1,2,-1,2,1,3,-1,2,3,4,-1,4,3,5,-1,6,7,8,-1,8,7,9,-1,5,3,6,-1,6,3,10,-1,6,10,7,-1,3,1,11,-1,11,12,13,-1,13,14,11,-1,11,14,15,-1,11,15,3,-1,3,15,16,-1,3,16,10,-1,17,18,19,-1,20,21,12,-1,12,21,13,-1,22,23,14,-1,14,23,15,-1,24,25,22,-1,22,25,26,-1,22,26,23,-1,27,28,24,-1,24,28,29,-1,24,29,25,-1,30,27,31,-1,31,27,32,-1,30,33,27,-1,27,33,34,-1,27,34,28,-1,35,36,37,-1,37,36,38,-1,37,38,32,-1,32,38,39,-1,32,39,31,-1,35,37,40,-1,40,37,41,-1,40,41,42,-1,43,42,44,-1,44,42,41,-1,44,41,45,-1,45,41,46,-1,47,48,49,-1,49,48,50,-1,49,50,19,-1,19,50,51,-1,19,51,17,-1,47,49,52,-1,52,49,53,-1,52,53,54,-1,54,53,55,-1,54,55,56,-1,57,58,59,-1,59,58,60,-1,59,60,55,-1,55,60,61,-1,55,61,56,-1,20,62,21,-1,21,62,63,-1,21,63,59,-1,59,63,64,-1,59,64,57,-1,14,13,22,-1,22,13,21,-1,22,21,24,-1,24,21,59,-1,24,59,27,-1,27,59,55,-1,27,55,32,-1,32,55,53,-1,32,53,37,-1,37,53,49,-1,37,49,41,-1,41,49,19,-1,41,19,46,-1,46,19,18,-1,46,18,65,-1,45,66,67,-1,68,69,70,-1,67,68,45,-1,45,68,70,-1,45,70,44,-1,44,70,43,-1,71,45,72,-1,72,45,46,-1,72,46,73,-1,73,46,65,-1,71,74,75,-1,71,75,45,-1,45,75,76,-1,45,76,66,-1,77,78,79,-1,77,79,80,-1,81,82,83,-1,83,82,84,-1,81,85,82,-1,82,85,86,-1,82,86,79,-1,79,86,87,-1,79,87,80,-1,88,89,86,-1,86,89,90,-1,90,91,86,-1,86,91,92,-1,86,92,87,-1,87,92,93,-1,87,93,94,-1,94,93,95,-1,94,95,96,-1,96,95,97,-1,
        ]
    }
}
Shape{
    appearance Appearance {
        material  Material 	{
            diffuseColor 1.0 1.0 1.0
            specularColor 0.8784313725490196 0.8784313725490196 0.8784313725490196
            ambientIntensity 0.2
            transparency 0
            shininess 0.5
        }
    }
    geometry IndexedFaceSet {
        ccw TRUE
        solid FALSE
        coord DEF co Coordinate {
            point [
                0.131 -0.0221 -0.0, 0.131 -0.0221 0.0039, 0.1235 -0.0 -0.0, 0.1235 -0.0 0.0039, 0.1635 -0.0221 -0.0, 0.1635 -0.0221 0.0039, 0.1715 -0.0 -0.0, 0.1715 -0.0 0.0039, 0.183 -0.0 -0.0, 0.183 -0.0 0.0039, 0.1523 -0.0787 -0.0, 0.1523 -0.0787 0.0039, 0.1417 -0.0787 -0.0, 0.1417 -0.0787 0.0039, 0.1119 -0.0 -0.0, 0.1119 -0.0 0.0039, 0.1336 -0.0307 0.0039, 0.1454 -0.0636 0.0039, 0.1461 -0.0663 0.0039, 0.1466 -0.0691 0.0039, 0.1474 -0.0664 0.0039, 0.16 -0.0307 0.0039, 0.1481 -0.0636 0.0039, 0.1336 -0.0307 -0.0, 0.1454 -0.0636 -0.0, 0.16 -0.0307 -0.0, 0.1481 -0.0636 -0.0, 0.1466 -0.0691 -0.0, 0.1474 -0.0664 -0.0, 0.1461 -0.0663 -0.0, 0.08 -0.067 0.0039, 0.084 -0.065 0.0039, 0.0874 -0.0727 0.0039, 0.0937 -0.0689 0.0039, 0.0869 -0.0626 0.0039, 0.0976 -0.0651 0.0039, 0.0898 -0.0586 0.0039, 0.1007 -0.06 0.0039, 0.093 -0.0508 0.0039, 0.1035 -0.0524 0.0039, 0.1062 -0.0404 0.0039, 0.0956 -0.0401 0.0039, 0.105 -0.0357 0.0039, 0.0941 -0.0307 0.0039, 0.0988 -0.018 0.0039, 0.0924 -0.0246 0.0039, 0.0904 -0.0205 0.0039, 0.0945 -0.0115 0.0039, 0.0878 -0.0175 0.0039, 0.0904 -0.0077 0.0039, 0.0837 -0.0146 0.0039, 0.0849 -0.0047 0.0039, 0.0756 -0.0113 0.0039, 0.0742 -0.0687 0.0039, 0.0705 -0.0776 0.0039, 0.065 -0.0701 0.0039, 0.065 -0.0787 0.0039, 0.0534 -0.0701 0.0039, 0.0428 -0.0787 0.0039, 0.0534 -0.0086 0.0039, 0.0428 -0.0 0.0039, 0.0645 -0.0086 0.0039, 0.0642 -0.0 0.0039, 0.0769 -0.0022 0.0039, 0.0428 -0.0 -0.0, 0.0428 -0.0787 -0.0, 0.0642 -0.0 -0.0, 0.0769 -0.0022 -0.0, 0.0849 -0.0047 -0.0, 0.0904 -0.0077 -0.0, 0.0945 -0.0115 -0.0, 0.0988 -0.018 -0.0, 0.105 -0.0357 -0.0, 0.1062 -0.0404 -0.0, 0.1035 -0.0524 -0.0, 0.1007 -0.06 -0.0, 0.0976 -0.0651 -0.0, 0.0937 -0.0689 -0.0, 0.0874 -0.0727 -0.0, 0.0705 -0.0776 -0.0, 0.065 -0.0787 -0.0, 0.065 -0.0701 -0.0, 0.0742 -0.0687 -0.0, 0.08 -0.067 -0.0, 0.084 -0.065 -0.0, 0.0869 -0.0626 -0.0, 0.0898 -0.0586 -0.0, 0.093 -0.0508 -0.0, 0.0956 -0.0401 -0.0, 0.0534 -0.0701 -0.0, 0.0534 -0.0086 -0.0, 0.0645 -0.0086 -0.0, 0.0941 -0.0307 -0.0, 0.0924 -0.0246 -0.0, 0.0904 -0.0205 -0.0, 0.0878 -0.0175 -0.0, 0.0837 -0.0146 -0.0, 0.0756 -0.0113 -0.0, 0.0236 -0.0442 -0.0, 0.0236 -0.0442 0.0039, 0.0236 -0.0355 -0.0, 0.0236 -0.0355 0.0039, -0.0043 -0.0442 0.0, -0.0043 -0.0442 0.0039, -0.0043 -0.0701 0.0, -0.0043 -0.0701 0.0039, 0.0255 -0.0701 -0.0, 0.0255 -0.0701 0.0039, 0.0255 -0.0787 -0.0, 0.0255 -0.0787 0.0039, -0.0148 -0.0787 0.0, -0.0148 -0.0787 0.0039, -0.0148 -0.0 0.0, -0.0148 -0.0 0.0039, 0.0274 -0.0 -0.0, 0.0274 -0.0 0.0039, 0.0274 -0.0086 -0.0, 0.0274 -0.0086 0.0039, -0.0043 -0.0086 0.0, -0.0043 -0.0086 0.0039, -0.0043 -0.0355 0.0, -0.0043 -0.0355 0.0039, -0.0486 -0.0711 0.0039, -0.0486 -0.0711 0.0, -0.0391 -0.0698 0.0, -0.0391 -0.0698 0.0039, -0.0302 -0.066 0.0, -0.0302 -0.066 0.0039, -0.0302 -0.0766 0.0, -0.0302 -0.0766 0.0039, -0.0487 -0.0797 0.0, -0.0487 -0.0797 0.0039, -0.0416 -0.0792 0.0, -0.0393 -0.0791 0.0039, -0.0393 -0.0791 0.0, -0.0509 -0.0792 0.0, -0.0612 -0.077 0.0039, -0.0612 -0.077 0.0, -0.069 -0.0742 0.0, -0.069 -0.0742 0.0039, -0.0743 -0.071 0.0, -0.0743 -0.071 0.0039, -0.0783 -0.0671 0.0, -0.0783 -0.0671 0.0039, -0.0823 -0.0604 0.0, -0.0823 -0.0604 0.0039, -0.0878 -0.0424 0.0, -0.0878 -0.0424 0.0039, -0.0888 -0.0379 0.0, -0.0888 -0.0379 0.0039, -0.0869 -0.0262 0.0, -0.0869 -0.0262 0.0039, -0.0847 -0.0188 0.0, -0.0847 -0.0188 0.0039, -0.0821 -0.0138 0.0, -0.0821 -0.0138 0.0039, -0.0786 -0.01 0.0, -0.0786 -0.01 0.0039, -0.0729 -0.0061 0.0, -0.0729 -0.0061 0.0039, -0.058 -0.0006 0.0, -0.058 -0.0006 0.0039, -0.0519 0.001 0.0, -0.0519 0.001 0.0039, -0.0407 -0.0002 0.0, -0.0407 -0.0002 0.0039, -0.0302 -0.0041 0.0, -0.0302 -0.0041 0.0039, -0.0302 -0.0127 0.0, -0.0302 -0.0127 0.0039, -0.0399 -0.0088 0.0, -0.0399 -0.0088 0.0039, -0.0504 -0.0077 0.0, -0.0504 -0.0077 0.0039, -0.0592 -0.0097 0.0, -0.0592 -0.0097 0.0039, -0.0648 -0.0118 0.0, -0.0648 -0.0118 0.0039, -0.0685 -0.0141 0.0, -0.0685 -0.0141 0.0039, -0.0709 -0.0165 0.0, -0.0709 -0.0165 0.0039, -0.0736 -0.0207 0.0, -0.0736 -0.0207 0.0039, -0.0763 -0.029 0.0, -0.0763 -0.029 0.0039, -0.0782 -0.0385 0.0, -0.0782 -0.0385 0.0039, -0.0768 -0.0482 0.0, -0.0768 -0.0482 0.0039, -0.0751 -0.0543 0.0, -0.0751 -0.0543 0.0039, -0.073 -0.0584 0.0, -0.073 -0.0584 0.0039, -0.0702 -0.0617 0.0, -0.0702 -0.0617 0.0039, -0.0655 -0.065 0.0, -0.0655 -0.065 0.0039, -0.0525 -0.0699 0.0, -0.0525 -0.0699 0.0039, -0.1358 -0.0 0.0, -0.1358 -0.0 0.0039, -0.1358 -0.0787 0.0, -0.1358 -0.0787 0.0039, -0.0955 -0.0 0.0, -0.0955 -0.0 0.0039, -0.0955 -0.0086 0.0, -0.0955 -0.0086 0.0039, -0.1252 -0.0086 0.0, -0.1252 -0.0086 0.0039, -0.1252 -0.0787 0.0, -0.1252 -0.0787 0.0039, -0.1252 -0.0787 0.0039
            ]
        }
        coordIndex [
            0,1,2,-1,2,1,3,-1,4,5,0,-1,0,5,1,-1,6,7,4,-1,4,7,5,-1,8,9,6,-1,6,9,7,-1,10,11,8,-1,8,11,9,-1,12,13,10,-1,10,13,11,-1,14,15,12,-1,12,15,13,-1,14,2,15,-1,15,2,3,-1,16,17,13,-1,17,18,13,-1,13,18,19,-1,13,19,11,-1,11,19,20,-1,15,3,1,-1,13,15,16,-1,16,15,1,-1,16,1,21,-1,21,1,5,-1,20,22,11,-1,11,22,21,-1,11,21,9,-1,9,21,5,-1,9,5,7,-1,16,23,17,-1,17,23,24,-1,21,25,16,-1,16,25,23,-1,22,26,21,-1,21,26,25,-1,19,27,28,-1,19,28,20,-1,20,28,26,-1,20,26,22,-1,17,24,29,-1,17,29,18,-1,18,29,27,-1,18,27,19,-1,30,31,32,-1,32,31,33,-1,33,31,34,-1,33,34,35,-1,35,34,36,-1,35,36,37,-1,37,36,38,-1,37,38,39,-1,39,38,40,-1,40,38,41,-1,40,41,42,-1,42,41,43,-1,42,43,44,-1,43,45,44,-1,44,45,46,-1,44,46,47,-1,47,46,48,-1,47,48,49,-1,49,48,50,-1,49,50,51,-1,51,50,52,-1,30,32,53,-1,53,32,54,-1,53,54,55,-1,55,54,56,-1,55,56,57,-1,57,56,58,-1,57,58,59,-1,59,58,60,-1,59,60,61,-1,61,60,62,-1,61,62,52,-1,52,62,63,-1,52,63,51,-1,64,60,65,-1,65,60,58,-1,66,62,64,-1,64,62,60,-1,62,66,67,-1,62,67,63,-1,63,67,68,-1,63,68,51,-1,51,68,69,-1,51,69,49,-1,49,69,70,-1,49,70,47,-1,47,70,71,-1,47,71,44,-1,44,71,72,-1,44,72,42,-1,42,72,73,-1,42,73,40,-1,40,73,74,-1,40,74,39,-1,39,74,75,-1,39,75,37,-1,37,75,76,-1,37,76,35,-1,35,76,77,-1,35,77,33,-1,33,77,78,-1,33,78,32,-1,32,78,79,-1,32,79,54,-1,54,79,80,-1,54,80,56,-1,80,65,56,-1,56,65,58,-1,55,81,82,-1,55,82,53,-1,53,82,83,-1,53,83,30,-1,30,83,84,-1,30,84,31,-1,31,84,85,-1,31,85,34,-1,34,85,86,-1,34,86,36,-1,36,86,87,-1,36,87,38,-1,38,87,88,-1,38,88,41,-1,57,89,55,-1,55,89,81,-1,59,90,57,-1,57,90,89,-1,61,91,59,-1,59,91,90,-1,41,88,92,-1,41,92,43,-1,43,92,93,-1,43,93,45,-1,45,93,94,-1,45,94,46,-1,46,94,95,-1,46,95,48,-1,48,95,96,-1,48,96,50,-1,50,96,97,-1,50,97,52,-1,52,97,91,-1,52,91,61,-1,98,99,100,-1,100,99,101,-1,102,103,98,-1,98,103,99,-1,104,105,102,-1,102,105,103,-1,106,107,104,-1,104,107,105,-1,108,109,106,-1,106,109,107,-1,110,111,108,-1,108,111,109,-1,112,113,110,-1,110,113,111,-1,114,115,112,-1,112,115,113,-1,116,117,114,-1,114,117,115,-1,118,119,116,-1,116,119,117,-1,120,121,118,-1,118,121,119,-1,120,100,121,-1,121,100,101,-1,113,115,117,-1,117,119,113,-1,113,119,121,-1,113,121,111,-1,107,109,105,-1,105,109,111,-1,105,111,103,-1,103,111,121,-1,103,121,99,-1,99,121,101,-1,122,123,124,-1,122,124,125,-1,125,124,126,-1,125,126,127,-1,128,129,126,-1,126,129,127,-1,130,131,132,-1,132,131,133,-1,132,133,134,-1,134,133,129,-1,134,129,128,-1,131,130,135,-1,131,135,136,-1,135,137,136,-1,136,137,138,-1,136,138,139,-1,139,138,140,-1,139,140,141,-1,141,140,142,-1,141,142,143,-1,143,142,144,-1,143,144,145,-1,145,144,146,-1,145,146,147,-1,147,146,148,-1,147,148,149,-1,149,148,150,-1,149,150,151,-1,151,150,152,-1,151,152,153,-1,153,152,154,-1,153,154,155,-1,155,154,156,-1,155,156,157,-1,157,156,158,-1,157,158,159,-1,159,158,160,-1,159,160,161,-1,161,160,162,-1,161,162,163,-1,163,162,164,-1,163,164,165,-1,165,164,166,-1,165,166,167,-1,168,169,166,-1,166,169,167,-1,169,168,170,-1,169,170,171,-1,171,170,172,-1,171,172,173,-1,173,172,174,-1,173,174,175,-1,175,174,176,-1,175,176,177,-1,177,176,178,-1,177,178,179,-1,179,178,180,-1,179,180,181,-1,181,180,182,-1,181,182,183,-1,183,182,184,-1,183,184,185,-1,185,184,186,-1,185,186,187,-1,187,186,188,-1,187,188,189,-1,189,188,190,-1,189,190,191,-1,191,190,192,-1,191,192,193,-1,193,192,194,-1,193,194,195,-1,195,194,196,-1,195,196,197,-1,197,196,198,-1,197,198,199,-1,199,198,123,-1,199,123,122,-1,127,129,125,-1,125,129,133,-1,125,133,122,-1,122,133,131,-1,122,131,199,-1,199,131,136,-1,199,136,197,-1,185,153,183,-1,183,153,155,-1,183,155,181,-1,181,155,157,-1,181,157,179,-1,179,157,159,-1,136,139,197,-1,197,139,141,-1,197,141,195,-1,195,141,143,-1,195,143,193,-1,193,143,145,-1,193,145,191,-1,167,169,165,-1,165,169,171,-1,165,171,163,-1,163,171,173,-1,163,173,161,-1,161,173,175,-1,161,175,159,-1,159,175,177,-1,159,177,179,-1,191,145,189,-1,189,145,147,-1,189,147,187,-1,187,147,149,-1,187,149,185,-1,185,149,151,-1,185,151,153,-1,200,201,202,-1,202,201,203,-1,204,205,200,-1,200,205,201,-1,206,207,204,-1,204,207,205,-1,208,209,206,-1,206,209,207,-1,210,211,208,-1,208,211,209,-1,210,202,211,-1,211,202,203,-1,211,203,209,-1,209,203,201,-1,209,201,207,-1,207,201,205,-1,
        ]
    }
}
Shape{
    appearance Appearance {
        material  Material 	{
            diffuseColor 0.10980392156862745 0.10980392156862745 0.10980392156862745
            specularColor 0.0784313725490196 0.0784313725490196 0.0784313725490196
            ambientIntensity 0.2
            transparency 0
            shininess 0.5
        }
    }
    geometry IndexedFaceSet {
        ccw TRUE
        solid FALSE
        coord DEF co Coordinate {
            point [
                0.1336 -0.0307 -0.0, 0.16 -0.0307 -0.0, 0.1454 -0.0636 -0.0, 0.1481 -0.0636 -0.0, 0.1461 -0.0663 -0.0, 0.1474 -0.0664 -0.0, 0.1466 -0.0691 -0.0, 0.065 -0.0701 -0.0, 0.0534 -0.0701 -0.0, 0.0941 -0.0307 -0.0, 0.0924 -0.0246 -0.0, 0.08 -0.067 -0.0, 0.0742 -0.0687 -0.0, 0.093 -0.0508 -0.0, 0.0956 -0.0401 -0.0, 0.0534 -0.0086 -0.0, 0.0645 -0.0086 -0.0, 0.0756 -0.0113 -0.0, 0.0837 -0.0146 -0.0, 0.0878 -0.0175 -0.0, 0.0904 -0.0205 -0.0, 0.084 -0.065 -0.0, 0.0898 -0.0586 -0.0, 0.0869 -0.0626 -0.0, 0.0869 -0.0626 -0.0
            ]
        }
        coordIndex [
            0,1,2,-1,2,1,3,-1,2,3,4,-1,4,3,5,-1,4,5,6,-1,7,8,9,-1,9,8,10,-1,11,12,13,-1,7,9,12,-1,12,9,14,-1,12,14,13,-1,15,16,8,-1,8,16,17,-1,8,17,18,-1,18,19,8,-1,8,19,20,-1,8,20,10,-1,11,13,21,-1,21,13,22,-1,21,22,23,-1,
        ]
    }
}