#VRML V2.0 utf8
# 3D model generated by easyeda2kicad.py (https://github.com/uPesy/easyeda2kicad.py)

Shape{
    appearance Appearance {
        material  Material 	{
            diffuseColor 0.7529411764705882 0.7529411764705882 0.7529411764705882
            specularColor 0.3764705882352941 0.3764705882352941 0.3764705882352941
            ambientIntensity 0.2
            transparency 0
            shininess 0.5
        }
    }
    geometry IndexedFaceSet {
        ccw TRUE
        solid FALSE
        coord DEF co Coordinate {
            point [
                -0.4016 0.0 -0.4016, -0.4049 0.0255 -1.9764, -0.4049 0.0255 -0.4016, -0.4148 0.0492 -1.9764, -0.4148 0.0492 -0.4016, -0.4304 0.0696 -1.9764, -0.4304 0.0696 -0.4016, -0.4508 0.0852 -1.9764, -0.4508 0.0852 -0.4016, -0.4745 0.0951 -1.9764, -0.4745 0.0951 -0.4016, -0.5 0.0984 -1.9764, -0.5 0.0984 -0.4016, -0.5255 0.0951 -1.9764, -0.5255 0.0951 -0.4016, -0.5492 0.0852 -1.9764, -0.5492 0.0852 -0.4016, -0.5696 0.0696 -1.9764, -0.5696 0.0696 -0.4016, -0.5852 0.0492 -1.9764, -0.5852 0.0492 -0.4016, -0.5951 0.0255 -1.9764, -0.5951 0.0255 -0.4016, -0.5984 0.0 -1.9764, -0.5984 0.0 -0.4016, -0.5951 -0.0255 -1.9764, -0.5951 -0.0255 -0.4016, -0.5852 -0.0492 -1.9764, -0.5852 -0.0492 -0.4016, -0.5696 -0.0696 -1.9764, -0.5696 -0.0696 -0.4016, -0.5492 -0.0852 -1.9764, -0.5492 -0.0852 -0.4016, -0.5255 -0.0951 -1.9764, -0.5255 -0.0951 -0.4016, -0.5 -0.0984 -1.9764, -0.5 -0.0984 -0.4016, -0.4745 -0.0951 -1.9764, -0.4745 -0.0951 -0.4016, -0.4508 -0.0852 -1.9764, -0.4508 -0.0852 -0.4016, -0.4304 -0.0696 -1.9764, -0.4304 -0.0696 -0.4016, -0.4148 -0.0492 -1.9764, -0.4148 -0.0492 -0.4016, -0.4049 -0.0255 -1.9764, -0.4049 -0.0255 -0.4016, -0.4016 0.0 -1.9764, -0.4016 0.0 -1.9764
            ]
        }
        coordIndex [
            0,1,2,-1,2,1,3,-1,2,3,4,-1,4,3,5,-1,4,5,6,-1,6,5,7,-1,6,7,8,-1,8,7,9,-1,8,9,10,-1,10,9,11,-1,10,11,12,-1,12,11,13,-1,12,13,14,-1,14,13,15,-1,14,15,16,-1,16,15,17,-1,16,17,18,-1,18,17,19,-1,18,19,20,-1,20,19,21,-1,20,21,22,-1,22,21,23,-1,22,23,24,-1,24,23,25,-1,24,25,26,-1,26,25,27,-1,26,27,28,-1,28,27,29,-1,28,29,30,-1,30,29,31,-1,30,31,32,-1,32,31,33,-1,32,33,34,-1,34,33,35,-1,34,35,36,-1,36,35,37,-1,36,37,38,-1,38,37,39,-1,38,39,40,-1,40,39,41,-1,40,41,42,-1,42,41,43,-1,42,43,44,-1,44,43,45,-1,44,45,46,-1,46,45,47,-1,46,47,0,-1,0,47,1,-1,
        ]
    }
}
Shape{
    appearance Appearance {
        material  Material 	{
            diffuseColor 0.9882352941176471 0.7372549019607844 0.5176470588235295
            specularColor 0.49411764705882355 0.3686274509803922 0.25882352941176473
            ambientIntensity 0.2
            transparency 0
            shininess 0.5
        }
    }
    geometry IndexedFaceSet {
        ccw TRUE
        solid FALSE
        coord DEF co Coordinate {
            point [
                -0.0129 -0.157 -0.0, 0.0 -0.1093 0.0, -0.0 -0.157 -0.0, 0.0128 -0.157 -0.0, 0.07 0.7108 0.3459, 0.1393 0.7005 0.3459, 0.1275 0.6412 0.2641, 0.5882 0.2935 0.2685, 0.5814 0.2989 0.2642, 0.5766 0.3082 0.2641, 0.4795 0.3538 0.2, 0.4672 0.3574 0.1926, 0.4548 0.3732 0.1925, 0.3852 0.3721 0.1451, 0.3727 0.3724 0.1383, 0.416 0.416 0.1925, 0.2525 0.3588 0.0779, 0.2366 0.3537 0.0708, 0.2485 0.3719 0.0829, 0.0444 0.2122 0.0034, 0.0415 0.2076 0.0029, 0.0445 0.2238 0.0048, -0.3727 0.3724 0.1383, -0.416 0.416 0.1925, -0.3732 0.4548 0.1925, -0.5882 -0.2935 0.2685, -0.5814 -0.2989 0.2642, -0.5766 -0.3082 0.2641, -0.4795 -0.3538 0.2, -0.4672 -0.3574 0.1926, -0.4548 -0.3732 0.1925, -0.3727 -0.3724 0.1383, -0.361 -0.3727 0.132, -0.3293 -0.4013 0.1319, -0.2851 -0.3664 0.0933, -0.2633 -0.3613 0.083, -0.2485 -0.3719 0.0829, -0.184 -0.3327 0.0482, -0.1775 -0.3291 0.0457, -0.1432 -0.3457 0.0456, -0.0444 -0.2122 0.0034, -0.0415 -0.2076 0.0029, -0.0445 -0.2238 0.0048, 0.3727 -0.3724 0.1383, 0.416 -0.416 0.1925, 0.3732 -0.4548 0.1925, 0.7191 -0.0284 0.3541, 0.7688 0.0 0.4367, 0.7153 -0.0623 0.3516, 0.7651 -0.0753 0.4367, 0.7137 -0.0703 0.3506, 0.7087 -0.0957 0.3473, 0.754 -0.15 0.4367, 0.7066 -0.1027 0.3459, 0.6655 -0.2018 0.319, 0.6764 -0.1827 0.3261, 0.6835 -0.2073 0.3459, 0.6904 -0.1523 0.3353, 0.7005 -0.1393 0.3459, 0.6956 -0.1383 0.3387, 0.6992 -0.1286 0.3411, 0.66 -0.2115 0.3153, 0.6599 -0.2733 0.3459, 0.641 -0.2387 0.3029, 0.5814 -0.2985 0.2642, 0.5978 -0.2852 0.2748, 0.6299 -0.3367 0.3459, 0.621 -0.2624 0.2898, 0.6242 -0.2585 0.2919, 0.5109 -0.3412 0.2194, 0.5196 -0.3376 0.2248, 0.5436 -0.3632 0.2641, 0.5455 -0.3237 0.2412, 0.5766 -0.3082 0.2641, 0.5723 -0.3059 0.2583, 0.5727 -0.3056 0.2585, 0.4888 -0.3505 0.2057, 0.5054 -0.4147 0.2641, 0.4672 -0.3572 0.1926, 0.3911 -0.3717 0.1484, 0.4272 -0.3669 0.1689, 0.4548 -0.3732 0.1925, 0.4431 -0.3635 0.1782, 0.4566 -0.3605 0.1862, 0.3293 -0.4013 0.1319, 0.303 -0.3691 0.1021, 0.3076 -0.3699 0.1044, 0.3426 -0.3728 0.1222, 0.3549 -0.3731 0.1287, 0.361 -0.3728 0.132, 0.2735 -0.364 0.0877, 0.2884 -0.4316 0.1319, 0.2633 -0.3613 0.083, 0.1712 -0.4133 0.0829, 0.2018 -0.3409 0.0556, 0.2109 -0.3945 0.0829, 0.2324 -0.3527 0.0689, 0.2485 -0.3719 0.0829, 0.2366 -0.354 0.0707, 0.2401 -0.3552 0.0723, 0.1379 -0.3056 0.0305, 0.1451 -0.3104 0.0331, 0.1432 -0.3457 0.0456, 0.1727 -0.3268 0.0437, 0.1775 -0.3292 0.0457, 0.0703 -0.2454 0.0091, 0.091 -0.2671 0.0149, 0.0587 -0.295 0.0197, 0.1066 -0.2811 0.0198, 0.073 -0.3669 0.0456, 0.1135 -0.2872 0.022, 0.1218 -0.2934 0.0249, 0.0409 -0.2071 0.0027, 0.0413 -0.2076 0.0028, 0.0445 -0.2238 0.0048, 0.0518 -0.2221 0.0049, 0.0578 -0.2304 0.0061, 0.026 -0.1826 0.0007, 0.0 -0.2282 0.0048, -0.0291 -0.188 0.001, -0.0175 -0.1666 0.0001, -0.0851 -0.2613 0.0132, -0.0811 -0.2572 0.0121, -0.0587 -0.295 0.0197, -0.0617 -0.2353 0.007, -0.0519 -0.2221 0.0049, -0.1218 -0.2934 0.0249, -0.073 -0.3669 0.0456, -0.1072 -0.2819 0.0199, -0.1065 -0.2812 0.0197, -0.1566 -0.3176 0.0374, -0.131 -0.3007 0.028, -0.1907 -0.3359 0.051, -0.1712 -0.4133 0.0829, -0.221 -0.3487 0.0638, -0.2109 -0.3945 0.0829, -0.2366 -0.3537 0.0708, -0.2525 -0.3588 0.0779, -0.2884 -0.4316 0.1319, -0.303 -0.3689 0.1022, -0.3495 -0.373 0.1259, -0.3189 -0.3711 0.11, -0.4209 -0.368 0.1652, -0.416 -0.416 0.1925, -0.443 -0.3634 0.1782, -0.4566 -0.3605 0.1862, -0.4905 -0.3499 0.2068, -0.5054 -0.4147 0.2641, -0.5108 -0.3412 0.2194, -0.5436 -0.3632 0.2641, -0.5212 -0.3368 0.2259, -0.5776 -0.3019 0.2617, -0.5721 -0.3057 0.2582, -0.5502 -0.3208 0.2442, -0.6122 -0.2716 0.2841, -0.6299 -0.3367 0.3459, -0.6241 -0.2584 0.2918, -0.6599 -0.2733 0.3459, -0.6341 -0.2473 0.2984, -0.654 -0.2206 0.3114, -0.6626 -0.2073 0.317, -0.6835 -0.2073 0.3459, -0.6656 -0.2019 0.319, -0.7005 -0.1393 0.3459, -0.6923 -0.1475 0.3366, -0.6787 -0.1782 0.3276, -0.7066 -0.1036 0.3459, -0.7034 -0.1152 0.3438, -0.6955 -0.1383 0.3386, -0.7072 -0.1016 0.3463, -0.754 -0.15 0.4367, -0.7139 -0.0703 0.3507, -0.7651 -0.0753 0.4367, -0.7143 -0.0683 0.3509, -0.7191 0.0284 0.3541, -0.7688 0.0 0.4367, -0.7153 0.0623 0.3516, -0.7651 0.0753 0.4367, -0.7137 0.0703 0.3506, -0.72 0.0034 0.3547, -0.72 0.0 0.3547, -0.7186 -0.0344 0.3538, -0.7087 0.0957 0.3473, -0.754 0.15 0.4367, -0.7066 0.1027 0.3459, -0.6655 0.2018 0.319, -0.6764 0.1827 0.3261, -0.6835 0.2073 0.3459, -0.6904 0.1523 0.3353, -0.7005 0.1393 0.3459, -0.6956 0.1383 0.3387, -0.6992 0.1286 0.3411, -0.66 0.2115 0.3153, -0.6599 0.2733 0.3459, -0.641 0.2387 0.3029, -0.5814 0.2985 0.2642, -0.5978 0.2852 0.2748, -0.6299 0.3367 0.3459, -0.621 0.2624 0.2898, -0.6242 0.2585 0.2919, -0.5109 0.3412 0.2194, -0.5196 0.3376 0.2248, -0.5436 0.3632 0.2641, -0.5455 0.3237 0.2412, -0.5766 0.3082 0.2641, -0.5723 0.3059 0.2583, -0.5727 0.3056 0.2585, -0.4888 0.3505 0.2057, -0.5054 0.4147 0.2641, -0.4672 0.3572 0.1926, -0.3911 0.3717 0.1484, -0.4272 0.3669 0.1689, -0.4548 0.3732 0.1925, -0.4431 0.3635 0.1782, -0.4566 0.3605 0.1862, -0.3293 0.4013 0.1319, -0.303 0.3691 0.1021, -0.3076 0.3699 0.1044, -0.3426 0.3728 0.1222, -0.3549 0.3731 0.1287, -0.361 0.3728 0.132, -0.2735 0.364 0.0877, -0.2884 0.4316 0.1319, -0.2633 0.3613 0.083, -0.1712 0.4133 0.0829, -0.2018 0.3409 0.0556, -0.2109 0.3945 0.0829, -0.2324 0.3527 0.0689, -0.2485 0.3719 0.0829, -0.2366 0.354 0.0707, -0.2401 0.3552 0.0723, -0.1379 0.3056 0.0305, -0.1451 0.3104 0.0331, -0.1432 0.3457 0.0456, -0.1727 0.3268 0.0437, -0.1775 0.3292 0.0457, -0.0703 0.2454 0.0091, -0.091 0.2671 0.0149, -0.0587 0.295 0.0197, -0.1066 0.2811 0.0198, -0.073 0.3669 0.0456, -0.1135 0.2872 0.022, -0.1218 0.2934 0.0249, -0.0409 0.2071 0.0027, -0.0413 0.2076 0.0028, -0.0445 0.2238 0.0048, -0.0518 0.2221 0.0049, -0.0578 0.2304 0.0061, -0.026 0.1826 0.0007, 0.0 0.2282 0.0048, -0.0128 0.157 -0.0, 0.0291 0.188 0.001, 0.0175 0.1666 0.0001, 0.0 0.157 -0.0, 0.0129 0.157 -0.0, 0.0587 0.295 0.0197, 0.1065 0.2812 0.0197, 0.0851 0.2613 0.0132, 0.0811 0.2572 0.0121, 0.0617 0.2353 0.007, 0.0519 0.2221 0.0049, 0.1072 0.2819 0.0199, 0.073 0.3669 0.0456, 0.1218 0.2934 0.0249, 0.1775 0.3291 0.0457, 0.1566 0.3176 0.0374, 0.1432 0.3457 0.0456, 0.131 0.3007 0.028, 0.221 0.3487 0.0638, 0.2109 0.3945 0.0829, 0.184 0.3327 0.0482, 0.1712 0.4133 0.0829, 0.1907 0.3359 0.051, 0.2884 0.4316 0.1319, 0.2851 0.3664 0.0933, 0.2633 0.3613 0.083, 0.361 0.3727 0.132, 0.3495 0.373 0.1259, 0.3293 0.4013 0.1319, 0.3189 0.3711 0.11, 0.303 0.3689 0.1022, 0.3732 0.4548 0.1925, 0.4566 0.3605 0.1862, 0.443 0.3634 0.1782, 0.4209 0.368 0.1652, 0.4905 0.3499 0.2068, 0.5054 0.4147 0.2641, 0.5108 0.3412 0.2194, 0.5436 0.3632 0.2641, 0.5212 0.3368 0.2259, 0.5776 0.3019 0.2617, 0.5721 0.3057 0.2582, 0.5502 0.3208 0.2442, 0.6122 0.2716 0.2841, 0.6299 0.3367 0.3459, 0.6241 0.2584 0.2918, 0.6599 0.2733 0.3459, 0.6341 0.2473 0.2984, 0.654 0.2206 0.3114, 0.6626 0.2073 0.317, 0.6835 0.2073 0.3459, 0.6656 0.2019 0.319, 0.7005 0.1393 0.3459, 0.6923 0.1475 0.3366, 0.6787 0.1782 0.3276, 0.7066 0.1036 0.3459, 0.7034 0.1152 0.3438, 0.6955 0.1383 0.3386, 0.7072 0.1016 0.3463, 0.754 0.15 0.4367, 0.7139 0.0703 0.3507, 0.7651 0.0753 0.4367, 0.7143 0.0683 0.3509, 0.72 -0.0034 0.3547, 0.72 -0.0 0.3547, 0.7186 0.0344 0.3538, 0.15 -0.754 0.4367, 0.0753 -0.7651 0.4367, 0.07 -0.7108 0.3459, 0.7357 -0.2232 0.4367, 0.7103 -0.2942 0.4367, 0.678 -0.3624 0.4367, 0.5938 -0.3968 0.3459, 0.6392 -0.4271 0.4367, 0.5521 -0.4531 0.3459, 0.5943 -0.4877 0.4367, 0.5051 -0.5051 0.3459, 0.5436 -0.5436 0.4367, 0.4531 -0.5521 0.3459, 0.4877 -0.5943 0.4367, 0.3968 -0.5938 0.3459, 0.4271 -0.6392 0.4367, 0.3367 -0.6299 0.3459, 0.3624 -0.678 0.4367, 0.2733 -0.6599 0.3459, 0.2942 -0.7103 0.4367, 0.2073 -0.6835 0.3459, 0.2232 -0.7357 0.4367, 0.1393 -0.7005 0.3459, 0.0 -0.7143 0.3459, 0.0 -0.7688 0.4367, -0.07 -0.7108 0.3459, -0.0753 -0.7651 0.4367, -0.1393 -0.7005 0.3459, -0.15 -0.754 0.4367, -0.2073 -0.6835 0.3459, -0.2232 -0.7357 0.4367, -0.2733 -0.6599 0.3459, -0.2942 -0.7103 0.4367, -0.3367 -0.6299 0.3459, -0.3624 -0.678 0.4367, -0.3968 -0.5938 0.3459, -0.4271 -0.6392 0.4367, -0.4531 -0.5521 0.3459, -0.4877 -0.5943 0.4367, -0.5051 -0.5051 0.3459, -0.5436 -0.5436 0.4367, -0.5521 -0.4531 0.3459, -0.5943 -0.4877 0.4367, -0.5938 -0.3968 0.3459, -0.6392 -0.4271 0.4367, -0.678 -0.3624 0.4367, -0.7103 -0.2942 0.4367, -0.7357 -0.2232 0.4367, 0.0 -0.6538 0.2641, -0.0641 -0.6506 0.2641, -0.1275 -0.6412 0.2641, -0.1898 -0.6256 0.2641, -0.2502 -0.604 0.2641, -0.3082 -0.5766 0.2641, -0.3632 -0.5436 0.2641, -0.4147 -0.5054 0.2641, -0.4623 -0.4623 0.2641, 0.0 -0.5191 0.1319, 0.0 -0.5884 0.1925, -0.0509 -0.5166 0.1319, -0.0577 -0.5855 0.1925, -0.1013 -0.5091 0.1319, -0.1148 -0.577 0.1925, -0.1507 -0.4968 0.1319, -0.1708 -0.563 0.1925, -0.1987 -0.4796 0.1319, -0.2252 -0.5436 0.1925, -0.2447 -0.4578 0.1319, -0.2773 -0.5189 0.1925, -0.3269 -0.4892 0.1925, -0.3732 -0.4548 0.1925, -0.3852 -0.3721 0.1451, -0.1298 -0.428 0.0829, -0.0873 -0.4387 0.0829, -0.0438 -0.4451 0.0829, 0.0 -0.3741 0.0456, 0.0 -0.4473 0.0829, 0.0 -0.3008 0.0197, 0.3269 -0.4892 0.1925, 0.2447 -0.4578 0.1319, 0.2773 -0.5189 0.1925, 0.1987 -0.4796 0.1319, 0.2252 -0.5436 0.1925, 0.1507 -0.4968 0.1319, 0.1708 -0.563 0.1925, 0.1013 -0.5091 0.1319, 0.1148 -0.577 0.1925, 0.1298 -0.428 0.0829, 0.0873 -0.4387 0.0829, 0.4623 -0.4623 0.2641, 0.4147 -0.5054 0.2641, 0.3632 -0.5436 0.2641, 0.3082 -0.5766 0.2641, 0.2502 -0.604 0.2641, 0.1898 -0.6256 0.2641, 0.1275 -0.6412 0.2641, 0.0641 -0.6506 0.2641, 0.0577 -0.5855 0.1925, 0.0509 -0.5166 0.1319, 0.0438 -0.4451 0.0829, 0.5938 0.3968 0.3459, 0.5521 0.4531 0.3459, 0.5051 0.5051 0.3459, 0.4623 0.4623 0.2641, 0.4531 0.5521 0.3459, 0.4147 0.5054 0.2641, 0.3968 0.5938 0.3459, 0.2733 0.6599 0.3459, 0.3367 0.6299 0.3459, 0.3082 0.5766 0.2641, 0.3632 0.5436 0.2641, 0.3269 0.4892 0.1925, 0.2447 0.4578 0.1319, 0.2773 0.5189 0.1925, 0.2502 0.604 0.2641, 0.2252 0.5436 0.1925, 0.1987 0.4796 0.1319, -0.1393 0.7005 0.3459, -0.07 0.7108 0.3459, -0.0641 0.6506 0.2641, -0.5938 0.3968 0.3459, -0.5521 0.4531 0.3459, -0.4623 0.4623 0.2641, -0.5051 0.5051 0.3459, -0.4147 0.5054 0.2641, -0.4531 0.5521 0.3459, -0.3632 0.5436 0.2641, -0.3968 0.5938 0.3459, -0.3082 0.5766 0.2641, -0.3367 0.6299 0.3459, -0.2502 0.604 0.2641, -0.2733 0.6599 0.3459, -0.1898 0.6256 0.2641, -0.2073 0.6835 0.3459, -0.1275 0.6412 0.2641, -0.3269 0.4892 0.1925, -0.2773 0.5189 0.1925, -0.2252 0.5436 0.1925, -0.1708 0.563 0.1925, -0.1148 0.577 0.1925, -0.2447 0.4578 0.1319, -0.1987 0.4796 0.1319, -0.1507 0.4968 0.1319, -0.1013 0.5091 0.1319, -0.1298 0.428 0.0829, -0.0873 0.4387 0.0829, 0.0873 0.4387 0.0829, 0.1298 0.428 0.0829, 0.1013 0.5091 0.1319, 0.1507 0.4968 0.1319, 0.1148 0.577 0.1925, 0.1708 0.563 0.1925, 0.1898 0.6256 0.2641, 0.2073 0.6835 0.3459, 0.0 0.3741 0.0456, 0.0 0.4473 0.0829, 0.0438 0.4451 0.0829, 0.0 0.5191 0.1319, 0.0509 0.5166 0.1319, 0.0 0.5884 0.1925, 0.0577 0.5855 0.1925, 0.0 0.6538 0.2641, 0.0641 0.6506 0.2641, 0.0 0.7143 0.3459, 0.0 0.3008 0.0197, -0.0577 0.5855 0.1925, -0.0509 0.5166 0.1319, -0.0438 0.4451 0.0829, -0.9371 0.0923 1.075, -0.9358 0.0922 1.1811, -0.9235 0.1837 1.075, -0.9267 0.1843 1.1811, -0.9011 0.2734 1.075, -0.8998 0.273 1.1811, -0.87 0.3604 1.075, -0.873 0.3616 1.1811, -0.8305 0.4439 1.075, -0.8293 0.4433 1.1811, -0.7829 0.5231 1.075, -0.7856 0.5249 1.1811, -0.7279 0.5974 1.075, -0.7269 0.5965 1.1811, -0.6659 0.6659 1.075, -0.6681 0.6681 1.1811, -0.5974 0.7279 1.075, -0.5965 0.7269 1.1811, -0.5231 0.7829 1.075, -0.5249 0.7856 1.1811, -0.4439 0.8305 1.075, -0.4433 0.8293 1.1811, -0.3604 0.87 1.075, -0.3616 0.873 1.1811, -0.2734 0.9011 1.075, -0.273 0.8998 1.1811, -0.1837 0.9235 1.075, -0.1843 0.9267 1.1811, -0.0923 0.9371 1.075, -0.0922 0.9358 1.1811, 0.0 0.9417 1.075, -0.0 0.9449 1.1811, 0.0923 0.9371 1.075, 0.0922 0.9358 1.1811, 0.1837 0.9235 1.075, 0.1843 0.9267 1.1811, 0.2734 0.9011 1.075, 0.273 0.8998 1.1811, 0.3604 0.87 1.075, 0.3616 0.873 1.1811, 0.4439 0.8305 1.075, 0.4433 0.8293 1.1811, 0.5231 0.7829 1.075, 0.5249 0.7856 1.1811, 0.5974 0.7279 1.075, 0.5965 0.7269 1.1811, 0.6659 0.6659 1.075, 0.6681 0.6681 1.1811, 0.7279 0.5974 1.075, 0.7269 0.5965 1.1811, 0.7829 0.5231 1.075, 0.7856 0.5249 1.1811, 0.8305 0.4439 1.075, 0.8293 0.4433 1.1811, 0.87 0.3604 1.075, 0.873 0.3616 1.1811, 0.9011 0.2734 1.075, 0.8998 0.273 1.1811, 0.9235 0.1837 1.075, 0.9267 0.1843 1.1811, 0.9371 0.0923 1.075, 0.9358 0.0922 1.1811, 0.9417 0.0 1.075, 0.9449 0.0 1.1811, 0.9371 -0.0923 1.075, 0.9358 -0.0922 1.1811, 0.9235 -0.1837 1.075, 0.9267 -0.1843 1.1811, 0.9011 -0.2734 1.075, 0.8998 -0.273 1.1811, 0.87 -0.3604 1.075, 0.873 -0.3616 1.1811, 0.8305 -0.4439 1.075, 0.8293 -0.4433 1.1811, 0.7829 -0.5231 1.075, 0.7856 -0.5249 1.1811, 0.7279 -0.5974 1.075, 0.7269 -0.5965 1.1811, 0.6659 -0.6659 1.075, 0.6681 -0.6681 1.1811, 0.5974 -0.7279 1.075, 0.5965 -0.7269 1.1811, 0.5231 -0.7829 1.075, 0.5249 -0.7856 1.1811, 0.4439 -0.8305 1.075, 0.4433 -0.8293 1.1811, 0.3604 -0.87 1.075, 0.3616 -0.873 1.1811, 0.2734 -0.9011 1.075, 0.273 -0.8998 1.1811, 0.1837 -0.9235 1.075, 0.1843 -0.9267 1.1811, 0.0923 -0.9371 1.075, 0.0922 -0.9358 1.1811, 0.0 -0.9417 1.075, 0.0 -0.9449 1.1811, -0.0923 -0.9371 1.075, -0.0922 -0.9358 1.1811, -0.1837 -0.9235 1.075, -0.1843 -0.9267 1.1811, -0.2734 -0.9011 1.075, -0.273 -0.8998 1.1811, -0.3604 -0.87 1.075, -0.3616 -0.873 1.1811, -0.4439 -0.8305 1.075, -0.4433 -0.8293 1.1811, -0.5231 -0.7829 1.075, -0.5249 -0.7856 1.1811, -0.5974 -0.7279 1.075, -0.5965 -0.7269 1.1811, -0.6659 -0.6659 1.075, -0.6681 -0.6681 1.1811, -0.7279 -0.5974 1.075, -0.7269 -0.5965 1.1811, -0.7829 -0.5231 1.075, -0.7856 -0.5249 1.1811, -0.8305 -0.4439 1.075, -0.8293 -0.4433 1.1811, -0.87 -0.3604 1.075, -0.873 -0.3616 1.1811, -0.9011 -0.2734 1.075, -0.8998 -0.273 1.1811, -0.9235 -0.1837 1.075, -0.9267 -0.1843 1.1811, -0.9371 -0.0923 1.075, -0.9358 -0.0922 1.1811, -0.9417 0.0 1.075, -0.9449 0.0 1.1811, -0.9101 0.0896 0.8561, -0.9272 0.0913 0.9662, -0.8969 0.1784 0.8561, -0.9138 0.1818 0.9662, -0.8751 0.2655 0.8561, -0.8916 0.2705 0.9662, -0.8449 0.35 0.8561, -0.8608 0.3566 0.9662, -0.8065 0.4311 0.8561, -0.8217 0.4392 0.9662, -0.7603 0.508 0.8561, -0.7747 0.5176 0.9662, -0.7069 0.5801 0.8561, -0.7202 0.5911 0.9662, -0.6466 0.6466 0.8561, -0.6588 0.6588 0.9662, -0.5801 0.7069 0.8561, -0.5911 0.7202 0.9662, -0.508 0.7603 0.8561, -0.5176 0.7747 0.9662, -0.4311 0.8065 0.8561, -0.4392 0.8217 0.9662, -0.35 0.8449 0.8561, -0.3566 0.8608 0.9662, -0.2655 0.8751 0.8561, -0.2705 0.8916 0.9662, -0.1784 0.8969 0.8561, -0.1818 0.9138 0.9662, -0.0896 0.9101 0.8561, -0.0913 0.9272 0.9662, 0.0 0.9145 0.8561, 0.0 0.9317 0.9662, 0.0896 0.9101 0.8561, 0.0913 0.9272 0.9662, 0.1784 0.8969 0.8561, 0.1818 0.9138 0.9662, 0.2655 0.8751 0.8561, 0.2705 0.8916 0.9662, 0.35 0.8449 0.8561, 0.3566 0.8608 0.9662, 0.4311 0.8065 0.8561, 0.4392 0.8217 0.9662, 0.508 0.7603 0.8561, 0.5176 0.7747 0.9662, 0.5801 0.7069 0.8561, 0.5911 0.7202 0.9662, 0.6466 0.6466 0.8561, 0.6588 0.6588 0.9662, 0.7069 0.5801 0.8561, 0.7202 0.5911 0.9662, 0.7603 0.508 0.8561, 0.7747 0.5176 0.9662, 0.8065 0.4311 0.8561, 0.8217 0.4392 0.9662, 0.8449 0.35 0.8561, 0.8608 0.3566 0.9662, 0.8751 0.2655 0.8561, 0.8916 0.2705 0.9662, 0.8969 0.1784 0.8561, 0.9138 0.1818 0.9662, 0.9101 0.0896 0.8561, 0.9272 0.0913 0.9662, 0.9145 0.0 0.8561, 0.9317 0.0 0.9662, 0.9101 -0.0896 0.8561, 0.9272 -0.0913 0.9662, 0.8969 -0.1784 0.8561, 0.9138 -0.1818 0.9662, 0.8751 -0.2655 0.8561, 0.8916 -0.2705 0.9662, 0.8449 -0.35 0.8561, 0.8608 -0.3566 0.9662, 0.8065 -0.4311 0.8561, 0.8217 -0.4392 0.9662, 0.7603 -0.508 0.8561, 0.7747 -0.5176 0.9662, 0.7069 -0.5801 0.8561, 0.7202 -0.5911 0.9662, 0.6466 -0.6466 0.8561, 0.6588 -0.6588 0.9662, 0.5801 -0.7069 0.8561, 0.5911 -0.7202 0.9662, 0.508 -0.7603 0.8561, 0.5176 -0.7747 0.9662, 0.4311 -0.8065 0.8561, 0.4392 -0.8217 0.9662, 0.35 -0.8449 0.8561, 0.3566 -0.8608 0.9662, 0.2655 -0.8751 0.8561, 0.2705 -0.8916 0.9662, 0.1784 -0.8969 0.8561, 0.1818 -0.9138 0.9662, 0.0896 -0.9101 0.8561, 0.0913 -0.9272 0.9662, 0.0 -0.9145 0.8561, 0.0 -0.9317 0.9662, -0.0896 -0.9101 0.8561, -0.0913 -0.9272 0.9662, -0.1784 -0.8969 0.8561, -0.1818 -0.9138 0.9662, -0.2655 -0.8751 0.8561, -0.2705 -0.8916 0.9662, -0.35 -0.8449 0.8561, -0.3566 -0.8608 0.9662, -0.4311 -0.8065 0.8561, -0.4392 -0.8217 0.9662, -0.508 -0.7603 0.8561, -0.5176 -0.7747 0.9662, -0.5801 -0.7069 0.8561, -0.5911 -0.7202 0.9662, -0.6466 -0.6466 0.8561, -0.6588 -0.6588 0.9662, -0.7069 -0.5801 0.8561, -0.7202 -0.5911 0.9662, -0.7603 -0.508 0.8561, -0.7747 -0.5176 0.9662, -0.8065 -0.4311 0.8561, -0.8217 -0.4392 0.9662, -0.8449 -0.35 0.8561, -0.8608 -0.3566 0.9662, -0.8751 -0.2655 0.8561, -0.8916 -0.2705 0.9662, -0.8969 -0.1784 0.8561, -0.9138 -0.1818 0.9662, -0.9101 -0.0896 0.8561, -0.9272 -0.0913 0.9662, -0.9145 0.0 0.8561, -0.9317 0.0 0.9662, -0.8528 0.084 0.6386, -0.8853 0.0872 0.7463, -0.8404 0.1672 0.6386, -0.8724 0.1735 0.7463, -0.82 0.2487 0.6386, -0.8513 0.2582 0.7463, -0.7917 0.3279 0.6386, -0.8219 0.3404 0.7463, -0.7557 0.4039 0.6386, -0.7845 0.4193 0.7463, -0.7125 0.476 0.6386, -0.7396 0.4942 0.7463, -0.6624 0.5436 0.6386, -0.6876 0.5643 0.7463, -0.6059 0.6059 0.6386, -0.629 0.629 0.7463, -0.5436 0.6624 0.6386, -0.5643 0.6876 0.7463, -0.476 0.7125 0.6386, -0.4942 0.7396 0.7463, -0.4039 0.7557 0.6386, -0.4193 0.7845 0.7463, -0.3279 0.7917 0.6386, -0.3404 0.8219 0.7463, -0.2487 0.82 0.6386, -0.2582 0.8513 0.7463, -0.1672 0.8404 0.6386, -0.1735 0.8724 0.7463, -0.084 0.8528 0.6386, -0.0872 0.8853 0.7463, 0.0 0.8569 0.6386, 0.0 0.8896 0.7463, 0.084 0.8528 0.6386, 0.0872 0.8853 0.7463, 0.1672 0.8404 0.6386, 0.1735 0.8724 0.7463, 0.2487 0.82 0.6386, 0.2582 0.8513 0.7463, 0.3279 0.7917 0.6386, 0.3404 0.8219 0.7463, 0.4039 0.7557 0.6386, 0.4193 0.7845 0.7463, 0.476 0.7125 0.6386, 0.4942 0.7396 0.7463, 0.5436 0.6624 0.6386, 0.5643 0.6876 0.7463, 0.6059 0.6059 0.6386, 0.629 0.629 0.7463, 0.6624 0.5436 0.6386, 0.6876 0.5643 0.7463, 0.7125 0.476 0.6386, 0.7396 0.4942 0.7463, 0.7557 0.4039 0.6386, 0.7845 0.4193 0.7463, 0.7917 0.3279 0.6386, 0.8219 0.3404 0.7463, 0.82 0.2487 0.6386, 0.8513 0.2582 0.7463, 0.8404 0.1672 0.6386, 0.8724 0.1735 0.7463, 0.8528 0.084 0.6386, 0.8853 0.0872 0.7463, 0.8569 0.0 0.6386, 0.8896 0.0 0.7463, 0.8528 -0.084 0.6386, 0.8853 -0.0872 0.7463, 0.8404 -0.1672 0.6386, 0.8724 -0.1735 0.7463, 0.82 -0.2487 0.6386, 0.8513 -0.2582 0.7463, 0.7917 -0.3279 0.6386, 0.8219 -0.3404 0.7463, 0.7557 -0.4039 0.6386, 0.7845 -0.4193 0.7463, 0.7125 -0.476 0.6386, 0.7396 -0.4942 0.7463, 0.6624 -0.5436 0.6386, 0.6876 -0.5643 0.7463, 0.6059 -0.6059 0.6386, 0.629 -0.629 0.7463, 0.5436 -0.6624 0.6386, 0.5643 -0.6876 0.7463, 0.476 -0.7125 0.6386, 0.4942 -0.7396 0.7463, 0.4039 -0.7557 0.6386, 0.4193 -0.7845 0.7463, 0.3279 -0.7917 0.6386, 0.3404 -0.8219 0.7463, 0.2487 -0.82 0.6386, 0.2582 -0.8513 0.7463, 0.1672 -0.8404 0.6386, 0.1735 -0.8724 0.7463, 0.084 -0.8528 0.6386, 0.0872 -0.8853 0.7463, 0.0 -0.8569 0.6386, 0.0 -0.8896 0.7463, -0.084 -0.8528 0.6386, -0.0872 -0.8853 0.7463, -0.1672 -0.8404 0.6386, -0.1735 -0.8724 0.7463, -0.2487 -0.82 0.6386, -0.2582 -0.8513 0.7463, -0.3279 -0.7917 0.6386, -0.3404 -0.8219 0.7463, -0.4039 -0.7557 0.6386, -0.4193 -0.7845 0.7463, -0.476 -0.7125 0.6386, -0.4942 -0.7396 0.7463, -0.5436 -0.6624 0.6386, -0.5643 -0.6876 0.7463, -0.6059 -0.6059 0.6386, -0.629 -0.629 0.7463, -0.6624 -0.5436 0.6386, -0.6876 -0.5643 0.7463, -0.7125 -0.476 0.6386, -0.7396 -0.4942 0.7463, -0.7557 -0.4039 0.6386, -0.7845 -0.4193 0.7463, -0.7917 -0.3279 0.6386, -0.8219 -0.3404 0.7463, -0.82 -0.2487 0.6386, -0.8513 -0.2582 0.7463, -0.8404 -0.1672 0.6386, -0.8724 -0.1735 0.7463, -0.8528 -0.084 0.6386, -0.8853 -0.0872 0.7463, -0.8569 0.0 0.6386, -0.8896 0.0 0.7463, -0.8126 0.08 0.5348, -0.8008 0.1593 0.5348, -0.7357 0.2232 0.4367, -0.7813 0.237 0.5348, -0.7103 0.2942 0.4367, -0.7544 0.3125 0.5348, -0.678 0.3624 0.4367, -0.7201 0.3849 0.5348, -0.6392 0.4271 0.4367, -0.6789 0.4536 0.5348, -0.5943 0.4877 0.4367, -0.6312 0.518 0.5348, -0.5436 0.5436 0.4367, -0.5774 0.5774 0.5348, -0.4877 0.5943 0.4367, -0.518 0.6312 0.5348, -0.4271 0.6392 0.4367, -0.4536 0.6789 0.5348, -0.3624 0.678 0.4367, -0.3849 0.7201 0.5348, -0.2942 0.7103 0.4367, -0.3125 0.7544 0.5348, -0.2232 0.7357 0.4367, -0.237 0.7813 0.5348, -0.15 0.754 0.4367, -0.1593 0.8008 0.5348, -0.0753 0.7651 0.4367, -0.08 0.8126 0.5348, 0.0 0.7688 0.4367, 0.0 0.8165 0.5348, 0.0753 0.7651 0.4367, 0.08 0.8126 0.5348, 0.15 0.754 0.4367, 0.1593 0.8008 0.5348, 0.2232 0.7357 0.4367, 0.237 0.7813 0.5348, 0.2942 0.7103 0.4367, 0.3125 0.7544 0.5348, 0.3624 0.678 0.4367, 0.3849 0.7201 0.5348, 0.4271 0.6392 0.4367, 0.4536 0.6789 0.5348, 0.4877 0.5943 0.4367, 0.518 0.6312 0.5348, 0.5436 0.5436 0.4367, 0.5774 0.5774 0.5348, 0.5943 0.4877 0.4367, 0.6312 0.518 0.5348, 0.6392 0.4271 0.4367, 0.6789 0.4536 0.5348, 0.678 0.3624 0.4367, 0.7201 0.3849 0.5348, 0.7103 0.2942 0.4367, 0.7544 0.3125 0.5348, 0.7357 0.2232 0.4367, 0.7813 0.237 0.5348, 0.8008 0.1593 0.5348, 0.8126 0.08 0.5348, 0.8165 0.0 0.5348, 0.8126 -0.08 0.5348, 0.8008 -0.1593 0.5348, 0.7813 -0.237 0.5348, 0.7544 -0.3125 0.5348, 0.7201 -0.3849 0.5348, 0.6789 -0.4536 0.5348, 0.6312 -0.518 0.5348, 0.5774 -0.5774 0.5348, 0.518 -0.6312 0.5348, 0.4536 -0.6789 0.5348, 0.3849 -0.7201 0.5348, 0.3125 -0.7544 0.5348, 0.237 -0.7813 0.5348, 0.1593 -0.8008 0.5348, 0.08 -0.8126 0.5348, 0.0 -0.8165 0.5348, -0.08 -0.8126 0.5348, -0.1593 -0.8008 0.5348, -0.237 -0.7813 0.5348, -0.3125 -0.7544 0.5348, -0.3849 -0.7201 0.5348, -0.4536 -0.6789 0.5348, -0.518 -0.6312 0.5348, -0.5774 -0.5774 0.5348, -0.6312 -0.518 0.5348, -0.6789 -0.4536 0.5348, -0.7201 -0.3849 0.5348, -0.7544 -0.3125 0.5348, -0.7813 -0.237 0.5348, -0.8008 -0.1593 0.5348, -0.8126 -0.08 0.5348, -0.8165 0.0 0.5348, -0.1843 0.9267 1.4044, -0.1843 0.9267 1.3951, -0.1862 0.9264 1.3996, -0.185 0.9266 1.3814, -0.1843 0.9267 1.3809, -0.2214 0.9186 1.3995, -0.2042 0.9226 1.4471, -0.1843 0.9267 1.4257, -0.1978 0.9239 1.4292, -0.1892 0.9257 1.4113, -0.1915 0.9253 1.4112, -0.1903 0.9255 1.4074, -0.2682 0.906 1.3995, -0.2682 0.906 1.4662, -0.2547 0.9099 1.4585, -0.2547 0.9099 1.4662, -0.2528 0.9104 1.4295, -0.2528 0.9104 1.4372, -0.2298 0.9165 1.4372, -0.2298 0.9165 1.4585, -0.2994 0.8962 1.4636, -0.3033 0.8949 1.4622, -0.3011 0.8956 1.5053, -0.3053 0.8942 1.4609, -0.3104 0.8925 1.4574, -0.3471 0.8788 1.4662, -0.3129 0.8916 1.4547, -0.3132 0.8915 1.4542, -0.3159 0.8905 1.45, -0.3166 0.8903 1.4489, -0.3177 0.8899 1.4459, -0.3188 0.8895 1.443, -0.3352 0.8834 1.4328, -0.319 0.8894 1.4411, -0.2921 0.8986 1.5053, -0.2889 0.8996 1.5144, -0.2528 0.9104 1.5053, -0.2559 0.9096 1.5144, -0.2856 0.9007 1.5236, -0.259 0.9087 1.5236, -0.2214 0.9186 1.4662, -0.2437 0.9129 1.5053, -0.2864 0.9004 1.4662, -0.293 0.8983 1.4654, -0.2951 0.8976 1.4652, -0.1872 0.9262 1.5053, -0.1872 0.9262 1.572, -0.2195 0.919 1.508, -0.2167 0.9197 1.5068, -0.2398 0.914 1.5344, -0.2559 0.9096 1.5387, -0.2399 0.9139 1.5359, -0.2401 0.9139 1.5395, -0.2386 0.9143 1.5291, -0.2383 0.9144 1.5272, -0.2368 0.9147 1.5241, -0.2354 0.9151 1.5211, -0.2343 0.9154 1.5197, -0.2303 0.9164 1.5147, -0.2245 0.9178 1.5103, -0.2237 0.918 1.5098, -0.2139 0.9203 1.5065, -0.2051 0.9223 1.5053, -0.2058 0.9222 1.572, -0.3616 0.873 2.2638, -0.1843 0.9267 2.2638, -0.2125 0.9207 1.5713, -0.2147 0.9202 1.571, -0.2191 0.9191 1.5695, -0.2231 0.9182 1.5681, -0.2251 0.9177 1.5667, -0.2303 0.9164 1.5632, -0.2329 0.9157 1.5605, -0.2681 0.906 1.572, -0.2332 0.9157 1.5601, -0.236 0.9149 1.5559, -0.2368 0.9147 1.5548, -0.2379 0.9144 1.5517, -0.239 0.9142 1.5488, -0.2392 0.9141 1.5469, -0.3556 0.8754 1.4662, -0.2891 0.8996 1.5387, -0.2769 0.9034 1.572, -0.3616 0.873 1.4177, -0.3383 0.8823 1.4177, -0.3353 0.8834 1.4086, -0.2561 0.9095 1.3995, -0.2998 0.8961 1.4021, -0.2971 0.897 1.401, -0.3199 0.8891 1.4337, -0.3196 0.8892 1.43, -0.3195 0.8892 1.4286, -0.3185 0.8896 1.4232, -0.3181 0.8897 1.4214, -0.3233 0.8878 1.3995, -0.3167 0.8902 1.4182, -0.3153 0.8907 1.4153, -0.3142 0.8911 1.4138, -0.3104 0.8925 1.4088, -0.3047 0.8944 1.4045, -0.3039 0.8947 1.4039, -0.3323 0.8845 1.3995, -0.2943 0.8979 1.4006, -0.2858 0.9006 1.3995, -0.2021 0.923 1.4197, -0.1915 0.9253 1.3923, -0.2126 0.9206 1.4471, -0.1904 0.9255 1.3896, -0.1888 0.9258 1.3869, -0.1865 0.9263 1.3832, -0.1862 0.9263 1.3828, -0.1851 0.9266 1.3816, -0.1197 0.9373 1.437, -0.1318 0.9356 1.4098, -0.119 0.9374 1.4389, -0.1184 0.9374 1.4406, -0.0838 0.9412 1.4187, -0.0843 0.9411 1.42, -0.0871 0.9409 1.4357, -0.0848 0.9411 1.4207, -0.0859 0.941 1.4223, -0.086 0.941 1.4224, -0.0877 0.9408 1.4239, -0.0884 0.9407 1.4244, -0.0899 0.9406 1.4252, -0.0918 0.9404 1.4261, -0.0917 0.9404 1.4384, -0.0929 0.9403 1.4264, -0.093 0.9403 1.4392, -0.0982 0.9398 1.4278, -0.1027 0.9393 1.4414, -0.1006 0.9395 1.4412, -0.1052 0.939 1.4288, -0.0988 0.9397 1.441, -0.096 0.94 1.4401, -0.1122 0.9382 1.4298, -0.1121 0.9382 1.432, -0.112 0.9382 1.4331, -0.1115 0.9383 1.4351, -0.1112 0.9383 1.4363, -0.1109 0.9384 1.4369, -0.1103 0.9384 1.4379, -0.1102 0.9384 1.4381, -0.1101 0.9385 1.4381, -0.1093 0.9385 1.4391, -0.1092 0.9386 1.4392, -0.1083 0.9387 1.4398, -0.1078 0.9387 1.4401, -0.107 0.9388 1.4405, -0.1059 0.9389 1.4409, -0.1053 0.939 1.441, -0.073 0.9421 1.4585, -0.0473 0.9437 1.4585, -0.0473 0.9437 1.4372, -0.0832 0.9412 1.417, -0.0711 0.9422 1.4372, -0.0711 0.9422 1.4295, -0.0473 0.9437 1.4295, -0.0473 0.9437 1.4071, -0.0745 0.9419 1.4071, -0.0866 0.9409 1.4021, -0.0864 0.9409 1.4023, -0.0846 0.9411 1.4046, -0.0841 0.9411 1.4053, -0.0836 0.9412 1.4064, -0.0831 0.9412 1.4077, -0.083 0.9412 1.4082, -0.0825 0.9413 1.4122, -0.083 0.9412 1.4163, -0.1199 0.9373 1.4357, -0.1205 0.9372 1.4301, -0.1318 0.9356 1.4011, -0.1205 0.9372 1.3995, -0.1695 0.9295 1.3851, -0.1568 0.9318 1.4013, -0.1695 0.9295 1.3777, -0.1544 0.9322 1.4003, -0.1517 0.9326 1.3993, -0.1502 0.9329 1.3991, -0.1446 0.9338 1.3983, -0.1422 0.9341 1.3986, -0.1384 0.9347 1.399, -0.1368 0.9349 1.3995, -0.1829 0.927 1.3798, -0.182 0.9272 1.3791, -0.2298 0.9165 1.4295, -0.2298 0.9165 1.4071, -0.2561 0.9095 1.4071, -0.1804 0.9275 1.3784, -0.1788 0.9278 1.3777, -0.1779 0.928 1.3776, -0.1748 0.9286 1.377, -0.1722 0.9291 1.3772, -0.1122 0.9382 1.3995, -0.093 0.9403 1.3988, -0.0745 0.9419 1.3995, -0.0938 0.9402 1.3987, -0.0975 0.9398 1.3983, -0.0914 0.9404 1.3994, -0.09 0.9406 1.3999, -0.0893 0.9407 1.4003, -0.1122 0.9382 1.4068, -0.112 0.9382 1.4068, -0.1115 0.9383 1.406, -0.1104 0.9384 1.4046, -0.1084 0.9386 1.4022, -0.1082 0.9387 1.4021, -0.1062 0.9389 1.4007, -0.1055 0.939 1.4002, -0.1041 0.9391 1.3997, -0.1024 0.9393 1.399, -0.1015 0.9394 1.3989, -0.1371 0.9349 1.4444, -0.1386 0.9347 1.4453, -0.0738 0.942 1.5129, -0.1411 0.9343 1.4463, -0.1437 0.9339 1.4473, -0.1451 0.9337 1.4475, -0.1502 0.9329 1.4482, -0.1532 0.9324 1.448, -0.1558 0.9319 1.4474, -0.1678 0.9299 1.4471, -0.1613 0.931 1.4461, -0.177 0.9282 1.4234, -0.1613 0.931 1.438, -0.0387 0.9441 1.3995, -0.0387 0.9441 1.4662, -0.135 0.9352 1.4424, -0.0738 0.942 1.5053, -0.1345 0.9353 1.442, -0.073 0.9421 1.4662, -0.0871 0.9409 1.4438, -0.1361 0.935 1.425, -0.1342 0.9353 1.4267, -0.1443 0.9338 1.4204, -0.1396 0.9345 1.4061, -0.141 0.9343 1.4058, -0.1454 0.9336 1.4052, -0.147 0.9334 1.4053, -0.1485 0.9331 1.4054, -0.1499 0.9329 1.4057, -0.1511 0.9327 1.406, -0.1515 0.9327 1.4061, -0.1522 0.9325 1.4065, -0.1524 0.9325 1.4066, -0.1532 0.9324 1.4072, -0.1547 0.9321 1.41, -0.1551 0.9321 1.4116, -0.1549 0.9321 1.4126, -0.1532 0.9324 1.4073, -0.1538 0.9323 1.408, -0.154 0.9322 1.4082, -0.1543 0.9322 1.4088, -0.1546 0.9321 1.4095, -0.1548 0.9321 1.4131, -0.1545 0.9322 1.4138, -0.1541 0.9322 1.4146, -0.1539 0.9323 1.415, -0.1493 0.933 1.4183, -0.153 0.9324 1.4162, -0.1366 0.9349 1.4073, -0.1424 0.9341 1.4213, -0.1339 0.9354 1.4085, -0.1403 0.9344 1.4224, -0.1324 0.9356 1.4094, -0.1368 0.9349 1.4244, -0.1339 0.9353 1.4272, -0.1335 0.9354 1.4278, -0.133 0.9355 1.4292, -0.1152 0.9378 1.4447, -0.1168 0.9377 1.4431, -0.1318 0.9356 1.4343, -0.1168 0.9376 1.4431, -0.118 0.9375 1.4413, -0.1322 0.9356 1.4314, -0.1324 0.9356 1.4306, -0.0879 0.9408 1.4442, -0.0917 0.9404 1.4458, -0.0946 0.9401 1.447, -0.097 0.9399 1.4473, -0.1034 0.9392 1.4482, -0.1076 0.9387 1.4478, -0.1084 0.9386 1.4477, -0.1112 0.9383 1.4468, -0.1125 0.9382 1.4464, -0.1151 0.9379 1.4448, -0.1319 0.9356 1.4348, -0.1322 0.9356 1.4375, -0.1331 0.9355 1.44, -0.1134 0.9381 1.4459, -0.1329 0.9355 1.4394, -0.1323 0.9356 1.4377, -0.1338 0.9354 1.4409, -0.0473 0.9437 1.572, -0.0387 0.9441 1.572, -0.0 0.9449 2.2638, -0.0387 0.9441 1.5053, -0.0778 0.9417 1.5476, -0.0779 0.9417 1.5489, -0.0767 0.9418 1.5395, -0.0778 0.9417 1.5273, -0.0776 0.9417 1.5285, -0.0473 0.9437 1.5129, -0.0765 0.9418 1.5374, -0.0765 0.9418 1.5382, -0.0796 0.9415 1.5531, -0.0807 0.9414 1.5559, -0.0822 0.9413 1.5579, -0.0861 0.9409 1.5633, -0.0884 0.9407 1.5651, -0.0929 0.9403 1.5686, -0.0934 0.9403 1.569, -0.0976 0.9398 1.5708, -0.0999 0.9396 1.5717, -0.1028 0.9393 1.5721, -0.1105 0.9384 1.5732, -0.112 0.9382 1.5731, -0.1182 0.9375 1.5726, -0.1202 0.9372 1.572, -0.1394 0.9345 1.572, -0.1262 0.9364 1.5704, -0.1262 0.9364 1.5614, -0.1733 0.9289 1.572, -0.1733 0.9289 1.5644, -0.1748 0.9286 1.5129, -0.1479 0.9332 1.5354, -0.1479 0.9332 1.5129, -0.1714 0.9292 1.5354, -0.1714 0.9292 1.543, -0.1479 0.9332 1.543, -0.1479 0.9332 1.5644, -0.1631 0.9307 1.4088, -0.1631 0.9307 1.4089, -0.1635 0.9306 1.4117, -0.1624 0.9308 1.4071, -0.1622 0.9309 1.4065, -0.1826 0.9271 1.3909, -0.1616 0.931 1.4056, -0.1813 0.9273 1.3886, -0.1608 0.9311 1.4045, -0.181 0.9274 1.3879, -0.1742 0.9287 1.3842, -0.1756 0.9284 1.3845, -0.1604 0.9312 1.4041, -0.1771 0.9281 1.3848, -0.1772 0.9281 1.3848, -0.1784 0.9279 1.3854, -0.1788 0.9278 1.3856, -0.1794 0.9277 1.3861, -0.1796 0.9277 1.3862, -0.1803 0.9275 1.3871, -0.1718 0.9291 1.3845, -0.1583 0.9315 1.4021, -0.1579 0.9316 1.4019, -0.1394 0.9345 1.5053, -0.1262 0.9364 1.5163, -0.1262 0.9364 1.5081, -0.1748 0.9286 1.5053, -0.177 0.9282 1.4471, -0.1235 0.9368 1.5071, -0.1188 0.9374 1.5055, -0.1175 0.9375 1.5053, -0.1079 0.9387 1.5042, -0.1046 0.9391 1.5044, -0.1045 0.9391 1.5044, -0.0982 0.9398 1.5056, -0.0965 0.9399 1.5059, -0.0937 0.9402 1.5073, -0.0909 0.9405 1.5086, -0.0896 0.9406 1.5096, -0.0851 0.941 1.5133, -0.0821 0.9413 1.5176, -0.0806 0.9414 1.5198, -0.0796 0.9415 1.5226, -0.1831 0.927 1.4292, -0.1202 0.9372 1.5139, -0.1228 0.9369 1.5628, -0.1185 0.9374 1.5132, -0.1141 0.938 1.5126, -0.1091 0.9386 1.5119, -0.1196 0.9373 1.5641, -0.1172 0.9376 1.5644, -0.1106 0.9384 1.5654, -0.1085 0.9386 1.5653, -0.1082 0.9387 1.5653, -0.1033 0.9392 1.5643, -0.1019 0.9394 1.5641, -0.0996 0.9396 1.563, -0.0974 0.9398 1.562, -0.0964 0.94 1.5611, -0.1038 0.9392 1.5125, -0.0925 0.9403 1.558, -0.0892 0.9407 1.5531, -0.1003 0.9395 1.5135, -0.0885 0.9407 1.5522, -0.0875 0.9408 1.5493, -0.0865 0.9409 1.5466, -0.0863 0.9409 1.545, -0.0855 0.941 1.5379, -0.0862 0.9409 1.5321, -0.0864 0.9409 1.5303, -0.0875 0.9408 1.5271, -0.0886 0.9407 1.5242, -0.0894 0.9406 1.5229, -0.0921 0.9404 1.5189, -0.0939 0.9402 1.5172, -0.0941 0.9402 1.517, -0.0972 0.9399 1.5149, -0.0981 0.9398 1.5143, -0.1025 0.9393 1.5127, -0.1583 0.9315 1.4393, -0.1552 0.932 1.4406, -0.1512 0.9327 1.4261, -0.1538 0.9323 1.4408, -0.1494 0.933 1.4414, -0.1483 0.9332 1.4414, -0.1468 0.9334 1.4411, -0.1454 0.9336 1.4408, -0.1447 0.9337 1.4405, -0.1429 0.934 1.4397, -0.1416 0.9342 1.4386, -0.1415 0.9342 1.4384, -0.1411 0.9343 1.4379, -0.1411 0.9343 1.4378, -0.1409 0.9343 1.4374, -0.1407 0.9343 1.437, -0.1406 0.9344 1.4366, -0.1405 0.9344 1.4337, -0.1405 0.9344 1.4342, -0.1403 0.9344 1.435, -0.1408 0.9343 1.4329, -0.1411 0.9343 1.4321, -0.1413 0.9342 1.4318, -0.1421 0.9341 1.4306, -0.1455 0.9336 1.4286, -0.1502 0.9329 1.4265, -0.1605 0.9311 1.4384, -0.1528 0.9324 1.4253, -0.1572 0.9317 1.4231, -0.1581 0.9316 1.4224, -0.1624 0.9308 1.4173, -0.163 0.9307 1.4159, -0.1608 0.9311 1.4203, -0.1614 0.931 1.4195, -0.1619 0.9309 1.4187, -0.1631 0.9307 1.4151, -0.1636 0.9306 1.4124, -0.3616 0.8729 1.4493, -0.5249 0.7856 2.2638, -0.3674 0.8705 1.4328, -0.3791 0.8655 1.3995, 0.1916 0.9253 1.3737, 0.1969 0.9241 1.3715, 0.2012 0.9232 1.3697, 0.2045 0.9225 1.3693, 0.2259 0.9175 1.3697, 0.2195 0.919 1.3687, 0.2138 0.9204 1.3679, 0.2428 0.9132 1.3787, 0.2448 0.9126 1.3802, 0.2281 0.9169 1.3705, 0.2359 0.9149 1.3738, 0.2364 0.9148 1.374, 0.2486 0.9116 1.3848, 0.2522 0.9106 1.3891, 0.2536 0.9102 1.392, 0.2704 0.9053 1.4057, 0.2627 0.9076 1.4019, 0.2574 0.9091 1.4002, 0.2791 0.9027 1.4101, 0.2826 0.9016 1.4132, 0.2937 0.8981 1.423, 0.3014 0.8955 1.4341, 0.3029 0.895 1.4364, 0.307 0.8936 1.4467, 0.3101 0.8926 1.4545, 0.3107 0.8924 1.4593, 0.3126 0.8917 1.4747, 0.3125 0.8917 1.4777, 0.3125 0.8917 1.4779, 0.3616 0.873 2.2638, 0.3103 0.8925 1.492, 0.3096 0.8927 1.4967, 0.3063 0.8939 1.505, 0.3032 0.8949 1.5126, 0.3004 0.8958 1.5164, 0.2915 0.8988 1.5288, 0.2894 0.8995 1.5309, 0.2891 0.8996 1.5311, 0.2779 0.9031 1.5395, 0.2741 0.9042 1.5423, 0.2661 0.9066 1.5457, 0.2586 0.9088 1.5488, 0.254 0.9101 1.5495, 0.1843 0.9267 2.2638, 0.2186 0.9193 1.5623, 0.2083 0.9216 1.5714, 0.2286 0.9168 1.5506, 0.2346 0.9153 1.5513, 0.2391 0.9141 1.5515, 0.204 0.9226 1.5742, 0.1989 0.9237 1.5775, 0.1879 0.9259 1.582, 0.1843 0.9267 1.4521, 0.179 0.9278 1.4472, 0.1843 0.9267 1.5528, 0.1477 0.9333 1.4638, 0.1831 0.927 1.5534, 0.1172 0.9376 1.5511, 0.1206 0.9372 1.5535, 0.1278 0.9362 1.5564, 0.1344 0.9353 1.5591, 0.1385 0.9346 1.5597, 0.1519 0.9326 1.5615, 0.1596 0.9313 1.5604, 0.1697 0.9295 1.559, 0.1719 0.9291 1.5581, 0.0453 0.9438 1.4652, 0.0458 0.9438 1.4701, 0.1016 0.9394 1.4552, 0.0459 0.9438 1.4713, 0.0475 0.9437 1.4767, 0.0484 0.9436 1.4799, 0.05 0.9436 1.4827, 0.0525 0.9434 1.4871, 0.0534 0.9434 1.4881, 0.0573 0.9431 1.4923, 0.0576 0.9431 1.4926, 0.0626 0.9428 1.4962, 0.0648 0.9427 1.4978, 0.0686 0.9424 1.4993, 0.0726 0.9421 1.5009, 0.1174 0.9376 1.4183, 0.1166 0.9377 1.42, 0.1159 0.9377 1.4216, 0.1154 0.9378 1.4222, 0.1138 0.938 1.4243, 0.1118 0.9382 1.4259, 0.1111 0.9383 1.4264, 0.1095 0.9385 1.4271, 0.1078 0.9387 1.4279, 0.1068 0.9388 1.4281, 0.1035 0.9392 1.4287, 0.1007 0.9395 1.4282, 0.0794 0.9415 1.4282, 0.0725 0.9421 1.4297, 0.0702 0.9423 1.4302, 0.066 0.9426 1.4322, 0.062 0.9429 1.4342, 0.0603 0.943 1.4356, 0.0552 0.9433 1.44, 0.0517 0.9435 1.4447, 0.0502 0.9436 1.4469, 0.0486 0.9436 1.4509, 0.0466 0.9437 1.4559, 0.0463 0.9437 1.4579, 0.0895 0.9406 1.5169, 0.0936 0.9402 1.5252, 0.1162 0.9377 1.4804, 0.0748 0.9419 1.5012, 0.0823 0.9413 1.5022, 0.1089 0.9386 1.4678, 0.086 0.941 1.5022, 0.0888 0.9407 1.5142, 0.0969 0.9399 1.5318, 0.0995 0.9396 1.5347, 0.1079 0.9387 1.5444, 0.1843 0.9267 1.5835, 0.1766 0.9282 1.5867, 0.1708 0.9293 1.5875, 0.1524 0.9325 1.59, 0.138 0.9347 1.5883, 0.1319 0.9356 1.5876, 0.121 0.937 1.5838, 0.111 0.9383 1.5803, 0.1057 0.9389 1.5768, 0.0884 0.9407 1.5653, 0.0709 0.9422 1.5432, 0.0629 0.9428 1.5278, 0.0561 0.9432 1.5247, 0.0815 0.9413 1.5573, 0.0732 0.942 1.5477, 0.0355 0.9442 1.5109, 0.0345 0.9443 1.5101, 0.0452 0.9438 1.5188, 0.0474 0.9437 1.5206, 0.0275 0.9445 1.5009, 0.0251 0.9445 1.4978, 0.0219 0.9446 1.4902, 0.0185 0.9447 1.4825, 0.0179 0.9447 1.4784, 0.016 0.9447 1.4657, 0.0174 0.9447 1.4534, 0.0176 0.9447 1.4509, 0.0209 0.9447 1.4418, 0.0234 0.9446 1.435, 0.0258 0.9445 1.4316, 0.0335 0.9443 1.4206, 0.0428 0.9439 1.4126, 0.0448 0.9438 1.4108, 0.0532 0.9434 1.4064, 0.078 0.9417 1.3992, 0.0794 0.9415 1.3992, 0.1715 0.9292 1.3957, 0.1045 0.9391 1.3992, 0.1072 0.9388 1.3999, 0.1082 0.9387 1.4001, 0.1099 0.9385 1.4009, 0.1115 0.9383 1.4017, 0.1121 0.9382 1.4023, 0.1141 0.938 1.4039, 0.1154 0.9378 1.4057, 0.1159 0.9377 1.4064, 0.1166 0.9377 1.408, 0.1174 0.9376 1.4097, 0.0597 0.943 1.403, 0.0637 0.9427 1.4021, 0.0766 0.9418 1.3992, 0.1728 0.929 1.3936, 0.1769 0.9282 1.3867, 0.177 0.9282 1.3865, 0.1825 0.9271 1.3804, 0.1826 0.9271 1.3804, 0.1843 0.9267 1.3791, 0.1894 0.9257 1.3753, 0.1346 0.9353 1.4377, 0.1673 0.9299 1.4201, 0.1175 0.9375 1.4174, 0.1673 0.9299 1.4154, 0.1181 0.9375 1.4139, 0.1679 0.9298 1.4098, 0.1175 0.9375 1.4107, 0.1682 0.9298 1.4065, 0.1698 0.9295 1.4014, 0.1846 0.9267 1.5527, 0.1925 0.925 1.5469, 0.1868 0.9262 1.4544, 0.1957 0.9244 1.5446, 0.2011 0.9232 1.5383, 0.2143 0.9203 1.5159, 0.1925 0.9251 1.4577, 0.2085 0.9216 1.5279, 0.2066 0.922 1.5317, 0.1858 0.9264 1.4535, 0.2528 0.9104 1.4407, 0.2807 0.9022 1.4575, 0.2806 0.9023 1.4572, 0.2766 0.9035 1.4498, 0.2752 0.9039 1.4473, 0.2717 0.905 1.4434, 0.2677 0.9062 1.4391, 0.2647 0.907 1.4371, 0.2546 0.9099 1.437, 0.257 0.9093 1.432, 0.283 0.9015 1.466, 0.2497 0.9113 1.4446, 0.2837 0.9013 1.4686, 0.2772 0.9033 1.5006, 0.2787 0.9028 1.4984, 0.2386 0.9142 1.4553, 0.2808 0.9022 1.493, 0.244 0.9128 1.4511, 0.2825 0.9017 1.4885, 0.2456 0.9124 1.4499, 0.283 0.9015 1.4851, 0.2843 0.9011 1.4756, 0.2365 0.9148 1.4569, 0.2723 0.9048 1.5076, 0.2724 0.9048 1.5075, 0.2473 0.9119 1.5222, 0.252 0.9107 1.5207, 0.2258 0.9175 1.4615, 0.2578 0.909 1.5188, 0.2596 0.9085 1.5176, 0.231 0.9162 1.4593, 0.2662 0.9066 1.5134, 0.2666 0.9065 1.5132, 0.2226 0.9183 1.462, 0.2387 0.9142 1.5231, 0.2438 0.9129 1.5225, 0.221 0.9187 1.5189, 0.2265 0.9173 1.5213, 0.2298 0.9165 1.5217, 0.2083 0.9216 1.4628, 0.2065 0.922 1.4627, 0.2138 0.9204 1.4633, 0.2001 0.9234 1.4608, 0.1958 0.9244 1.4596, -0.9267 -0.1843 2.2638, -0.9449 0.0 2.2638, -0.873 -0.3616 2.2638, -0.7856 -0.5249 2.2638, -0.6681 -0.6681 2.2638, -0.5249 -0.7856 2.2638, -0.3616 -0.873 2.2638, -0.1843 -0.9267 2.2638, 0.0 -0.9449 2.2638, 0.1843 -0.9267 2.2638, 0.3616 -0.873 2.2638, 0.5249 -0.7856 2.2638, 0.6681 -0.6681 2.2638, 0.7856 -0.5249 2.2638, 0.873 -0.3616 2.2638, 0.9267 -0.1843 2.2638, 0.9449 0.0 2.2638, 0.9267 0.1843 2.2638, 0.873 0.3616 2.2638, 0.7856 0.5249 2.2638, 0.6681 0.6681 2.2638, 0.5249 0.7856 2.2638, -0.364 0.8719 1.4177, -0.3672 0.8706 1.4086, -0.3703 0.8693 1.3995, -0.6681 0.6681 2.2638, -0.7856 0.5249 2.2638, -0.873 0.3616 2.2638, -0.9267 0.1843 2.2638, -0.9267 0.1843 3.3465, -0.873 0.3616 3.3465, -0.7856 0.5249 3.3465, -0.6681 0.6681 3.3465, -0.5249 0.7856 3.3465, -0.3616 0.873 3.3465, -0.1843 0.9267 3.3465, -0.0 0.9449 3.3465, 0.1843 0.9267 3.3465, 0.3616 0.873 3.3465, 0.5249 0.7856 3.3465, 0.6681 0.6681 3.3465, 0.7856 0.5249 3.3465, 0.873 0.3616 3.3465, 0.9267 0.1843 3.3465, 0.9449 0.0 3.3465, 0.9267 -0.1843 3.3465, 0.873 -0.3616 3.3465, 0.7856 -0.5249 3.3465, 0.6681 -0.6681 3.3465, 0.5249 -0.7856 3.3465, 0.3616 -0.873 3.3465, 0.1843 -0.9267 3.3465, 0.0 -0.9449 3.3465, -0.1843 -0.9267 3.3465, -0.3616 -0.873 3.3465, -0.5249 -0.7856 3.3465, -0.6681 -0.6681 3.3465, -0.7856 -0.5249 3.3465, -0.873 -0.3616 3.3465, -0.9267 -0.1843 3.3465, -0.9449 -0.0 3.3465, -0.0274 0.1551 4.5276, -0.0307 0.1542 4.5276, -0.145 -0.06 4.5276, 0.1575 0.0 4.5276, 0.157 -0.0122 4.5276, 0.1538 -0.0306 4.5276, 0.1545 0.0303 4.5276, 0.1544 0.0307 4.5276, 0.1458 0.0596 4.5276, 0.1316 0.0866 4.5276, 0.1309 0.0874 4.5276, 0.1124 0.1103 4.5276, 0.089 0.1299 4.5276, 0.0874 0.1308 4.5276, 0.0623 0.1446 4.5276, 0.0602 0.1453 4.5276, 0.0333 0.154 4.5276, 0.0307 0.1543 4.5276, 0.003 0.1574 4.5276, 0.0 0.1572 4.5276, -0.0679 -0.1421 4.5276, -0.0601 -0.1449 4.5276, -0.1305 -0.0872 4.5276, -0.0392 -0.1525 4.5276, -0.0306 -0.1539 4.5276, 0.1036 -0.1186 4.5276, 0.1109 -0.1109 4.5276, 0.1245 -0.0964 4.5276, -0.0568 0.1469 4.5276, -0.0601 0.1452 4.5276, -0.084 0.1332 4.5276, -0.0873 0.1307 4.5276, -0.1081 0.1145 4.5276, -0.1111 0.1111 4.5276, -0.1166 -0.1059 4.5276, -0.111 -0.1109 4.5276, -0.0091 -0.1572 4.5276, -0.0 -0.1569 4.5276, 0.0214 -0.1561 4.5276, 0.1304 -0.0871 4.5276, 0.1407 -0.0707 4.5276, 0.1449 -0.06 4.5276, -0.1348 -0.0814 4.5276, 0.1518 -0.0421 4.5276, -0.1306 0.0873 4.5276, -0.1434 0.0651 4.5276, -0.1451 0.0601 4.5276, -0.1574 0.0061 4.5276, -0.157 0.0 4.5276, -0.1556 -0.0244 4.5276, -0.154 -0.0306 4.5276, -0.1282 0.0915 4.5276, -0.148 -0.0539 4.5276, -0.0872 -0.1305 4.5276, -0.094 -0.1264 4.5276, 0.0306 -0.1539 4.5276, 0.051 -0.149 4.5276, 0.06 -0.1449 4.5276, 0.0788 -0.1364 4.5276, 0.0871 -0.1304 4.5276, -0.154 0.0307 4.5276, -0.1533 0.0363 4.5276, 0.0 0.1093 0.0, -0.1614 0.1614 4.5228, -0.1908 0.2325 4.5078, -0.2127 0.2127 4.5078, 0.3723 0.0367 4.482, 0.3741 0.0 4.482, 0.4473 0.0 4.4446, 0.9196 -0.0906 3.6163, 0.9101 -0.0896 3.6714, 0.8969 -0.1784 3.6714, 0.8986 -0.0885 3.7265, 0.8853 -0.0872 3.7812, 0.8724 -0.1735 3.7812, 0.0 -0.2282 4.5228, -0.0295 -0.2993 4.5078, 0.0 -0.3008 4.5078, -0.1898 -0.1268 4.5228, -0.2238 -0.0445 4.5228, -0.2109 -0.0873 4.5228, -0.2282 0.0 4.5228, -0.2993 -0.0295 4.5078, -0.2652 -0.1418 4.5078, -0.295 -0.0587 4.5078, -0.2878 -0.0873 4.5078, -0.2779 -0.1151 4.5078, -0.1614 -0.1614 4.5228, -0.0445 -0.2238 4.5228, -0.0873 -0.2109 4.5228, -0.1268 -0.1898 4.5228, -0.1908 -0.2325 4.5078, -0.0873 -0.2878 4.5078, -0.0587 -0.295 4.5078, -0.1671 -0.2501 4.5078, -0.1418 -0.2652 4.5078, -0.1151 -0.2779 4.5078, -0.2501 -0.1671 4.5078, -0.2325 -0.1908 4.5078, -0.2127 -0.2127 4.5078, 0.1268 -0.1898 4.5228, 0.0445 -0.2238 4.5228, 0.0873 -0.2109 4.5228, 0.0295 -0.2993 4.5078, 0.1418 -0.2652 4.5078, 0.0587 -0.295 4.5078, 0.0873 -0.2878 4.5078, 0.1151 -0.2779 4.5078, 0.1614 -0.1614 4.5228, 0.2238 -0.0445 4.5228, 0.2109 -0.0873 4.5228, 0.1898 -0.1268 4.5228, 0.2325 -0.1908 4.5078, 0.2878 -0.0873 4.5078, 0.295 -0.0587 4.5078, 0.2501 -0.1671 4.5078, 0.2652 -0.1418 4.5078, 0.2779 -0.1151 4.5078, 0.1671 -0.2501 4.5078, 0.1908 -0.2325 4.5078, 0.2127 -0.2127 4.5078, 0.2993 -0.0295 4.5078, 0.2282 0.0 4.5228, 0.4387 -0.0873 4.4446, 0.4811 -0.0474 4.4216, 0.4451 -0.0438 4.4446, 0.4835 0.0 4.4216, -0.9371 -0.0923 3.4526, -0.932 -0.1555 3.3465, -0.9235 -0.1837 3.4526, -0.9248 -0.1839 3.3465, -0.9011 -0.2734 3.4526, -0.7829 -0.5231 3.4526, -0.8305 -0.4439 3.4526, -0.831 -0.4497 3.3465, -0.9021 -0.2737 3.3465, -0.8937 -0.3068 3.3465, -0.87 -0.3604 3.4526, -0.8702 -0.3604 3.3465, -0.833 -0.4453 3.3465, -0.4439 -0.8305 3.4526, -0.5231 -0.7829 3.4526, -0.5168 -0.791 3.3465, -0.6659 -0.6659 3.4526, -0.64 -0.6952 3.3465, -0.5974 -0.7279 3.4526, -0.5976 -0.7281 3.3465, -0.5245 -0.785 3.3465, -0.2734 -0.9011 3.4526, -0.232 -0.916 3.3465, -0.1837 -0.9235 3.4526, -0.1839 -0.924 3.3465, -0.0923 -0.9371 3.4526, -0.4439 -0.8305 3.3465, -0.3796 -0.8653 3.3465, -0.3604 -0.87 3.4526, -0.3611 -0.8716 3.3465, -0.2734 -0.9017 3.3465, -0.783 -0.5232 3.3465, -0.7456 -0.5804 3.3465, -0.7279 -0.5974 3.4526, -0.7291 -0.5983 3.3465, -0.6664 -0.6665 3.3465, 0.754 -0.15 4.0909, 0.7897 -0.0778 4.0427, 0.7651 -0.0753 4.0909, 0.7935 0.0 4.0427, 0.7688 0.0 4.0909, 0.7423 0.0 4.1373, 0.7387 -0.0728 4.1373, 0.7108 -0.07 4.1816, 0.7005 -0.1393 4.1816, 0.0 -0.9417 3.4526, 0.078 -0.9417 3.3465, 0.0923 -0.9371 3.4526, 0.0924 -0.9393 3.3465, 0.1837 -0.9235 3.4526, 0.4439 -0.8305 3.4526, 0.3604 -0.87 3.4526, 0.3796 -0.8653 3.3465, 0.4439 -0.8305 3.3465, 0.5168 -0.791 3.3465, 0.5231 -0.7829 3.4526, 0.5245 -0.785 3.3465, 0.5974 -0.7279 3.4526, 0.1839 -0.924 3.3465, 0.232 -0.916 3.3465, 0.2734 -0.9011 3.4526, 0.2734 -0.9017 3.3465, 0.3611 -0.8716 3.3465, 0.8751 -0.2655 3.6714, 0.8513 -0.2582 3.7812, 0.8449 -0.35 3.6714, 0.8219 -0.3404 3.7812, 0.8065 -0.4311 3.6714, 0.7845 -0.4193 3.7812, 0.7603 -0.508 3.6714, 0.7396 -0.4942 3.7812, 0.7069 -0.5801 3.6714, 0.6876 -0.5643 3.7812, 0.6466 -0.6466 3.6714, 0.629 -0.629 3.7812, 0.5801 -0.7069 3.6714, 0.5643 -0.6876 3.7812, 0.508 -0.7603 3.6714, 0.4942 -0.7396 3.7812, 0.4311 -0.8065 3.6714, 0.4193 -0.7845 3.7812, 0.35 -0.8449 3.6714, 0.3404 -0.8219 3.7812, 0.2655 -0.8751 3.6714, 0.2582 -0.8513 3.7812, 0.1784 -0.8969 3.6714, 0.1735 -0.8724 3.7812, 0.0896 -0.9101 3.6714, 0.0872 -0.8853 3.7812, 0.0 -0.9145 3.6714, 0.0 -0.8896 3.7812, -0.0896 -0.9101 3.6714, -0.0872 -0.8853 3.7812, 0.924 0.0 3.6163, 0.9145 0.0 3.6714, 0.903 0.0 3.7265, 0.7829 -0.5231 3.4526, 0.7279 -0.5974 3.4526, 0.7456 -0.5804 3.3465, 0.9235 -0.1837 3.4526, 0.932 -0.1555 3.3465, 0.9395 -0.0925 3.3991, 0.9372 -0.0924 3.3465, 0.87 -0.3604 3.4526, 0.8937 -0.3068 3.3465, 0.9011 -0.2734 3.4526, 0.9021 -0.2737 3.3465, 0.9248 -0.1839 3.3465, 0.9371 -0.0923 3.4526, 0.9417 0.0 3.4526, 0.9331 -0.0919 3.5067, 0.9376 0.0 3.5067, 0.9272 -0.0913 3.5614, 0.783 -0.5232 3.3465, 0.831 -0.4497 3.3465, 0.8305 -0.4439 3.4526, 0.833 -0.4453 3.3465, 0.8702 -0.3604 3.3465, 0.5976 -0.7281 3.3465, 0.64 -0.6952 3.3465, 0.6659 -0.6659 3.4526, 0.6664 -0.6665 3.3465, 0.7291 -0.5983 3.3465, -0.0924 -0.9393 3.3465, -0.078 -0.9417 3.3465, 0.0 -0.9417 3.3465, 0.8126 -0.08 3.9928, 0.8377 0.0 3.9414, 0.8165 0.0 3.9928, 0.8528 0.084 3.8889, 0.8336 -0.0821 3.9414, 0.8528 -0.084 3.8889, 0.8569 0.0 3.8889, 0.8742 0.0 3.8354, 0.8853 0.0872 3.7812, 0.8404 -0.1672 3.8889, 0.8008 -0.1593 3.9928, 0.82 -0.2487 3.8889, 0.7813 -0.237 3.9928, 0.7917 -0.3279 3.8889, 0.7544 -0.3125 3.9928, 0.7557 -0.4039 3.8889, 0.7201 -0.3849 3.9928, 0.7125 -0.476 3.8889, 0.6789 -0.4536 3.9928, 0.6624 -0.5436 3.8889, 0.6312 -0.518 3.9928, 0.6059 -0.6059 3.8889, 0.5774 -0.5774 3.9928, 0.5436 -0.6624 3.8889, 0.518 -0.6312 3.9928, 0.476 -0.7125 3.8889, 0.4536 -0.6789 3.9928, 0.4039 -0.7557 3.8889, 0.3849 -0.7201 3.9928, 0.3279 -0.7917 3.8889, 0.3125 -0.7544 3.9928, 0.2487 -0.82 3.8889, 0.237 -0.7813 3.9928, 0.1672 -0.8404 3.8889, 0.1593 -0.8008 3.9928, 0.084 -0.8528 3.8889, 0.08 -0.8126 3.9928, 0.0 -0.8569 3.8889, 0.0 -0.8165 3.9928, -0.084 -0.8528 3.8889, -0.08 -0.8126 3.9928, -0.1672 -0.8404 3.8889, -0.1593 -0.8008 3.9928, -0.2487 -0.82 3.8889, -0.237 -0.7813 3.9928, -0.3279 -0.7917 3.8889, -0.3125 -0.7544 3.9928, -0.4039 -0.7557 3.8889, -0.3849 -0.7201 3.9928, -0.476 -0.7125 3.8889, -0.4536 -0.6789 3.9928, -0.5436 -0.6624 3.8889, -0.518 -0.6312 3.9928, -0.6059 -0.6059 3.8889, -0.5774 -0.5774 3.9928, -0.6624 -0.5436 3.8889, -0.6312 -0.518 3.9928, -0.7125 -0.476 3.8889, -0.6789 -0.4536 3.9928, -0.7557 -0.4039 3.8889, -0.7201 -0.3849 3.9928, -0.7917 -0.3279 3.8889, -0.7544 -0.3125 3.9928, -0.82 -0.2487 3.8889, -0.7813 -0.237 3.9928, -0.8404 -0.1672 3.8889, -0.8008 -0.1593 3.9928, -0.8528 -0.084 3.8889, -0.8126 -0.08 3.9928, -0.8569 0.0 3.8889, -0.8165 0.0 3.9928, -0.8528 0.084 3.8889, -0.8126 0.08 3.9928, -0.8404 0.1672 3.8889, -0.8008 0.1593 3.9928, -0.82 0.2487 3.8889, -0.7813 0.237 3.9928, -0.7917 0.3279 3.8889, -0.7544 0.3125 3.9928, -0.7557 0.4039 3.8889, -0.7201 0.3849 3.9928, -0.7125 0.476 3.8889, -0.6789 0.4536 3.9928, -0.6624 0.5436 3.8889, -0.6312 0.518 3.9928, -0.6059 0.6059 3.8889, -0.5774 0.5774 3.9928, -0.5436 0.6624 3.8889, -0.518 0.6312 3.9928, -0.476 0.7125 3.8889, -0.4536 0.6789 3.9928, -0.4039 0.7557 3.8889, -0.3849 0.7201 3.9928, -0.3279 0.7917 3.8889, -0.3125 0.7544 3.9928, -0.2487 0.82 3.8889, -0.237 0.7813 3.9928, -0.1672 0.8404 3.8889, -0.1593 0.8008 3.9928, -0.084 0.8528 3.8889, -0.08 0.8126 3.9928, 0.0 0.8569 3.8889, 0.0 0.8165 3.9928, 0.084 0.8528 3.8889, 0.08 0.8126 3.9928, 0.1672 0.8404 3.8889, 0.1593 0.8008 3.9928, 0.2487 0.82 3.8889, 0.237 0.7813 3.9928, 0.3279 0.7917 3.8889, 0.3125 0.7544 3.9928, 0.4039 0.7557 3.8889, 0.3849 0.7201 3.9928, 0.476 0.7125 3.8889, 0.4536 0.6789 3.9928, 0.5436 0.6624 3.8889, 0.518 0.6312 3.9928, 0.6059 0.6059 3.8889, 0.5774 0.5774 3.9928, 0.6624 0.5436 3.8889, 0.6312 0.518 3.9928, 0.7125 0.476 3.8889, 0.6789 0.4536 3.9928, 0.7557 0.4039 3.8889, 0.7201 0.3849 3.9928, 0.7917 0.3279 3.8889, 0.7544 0.3125 3.9928, 0.82 0.2487 3.8889, 0.7813 0.237 3.9928, 0.8404 0.1672 3.8889, 0.8008 0.1593 3.9928, 0.8126 0.08 3.9928, 0.7651 0.0753 4.0909, 0.754 0.15 4.0909, 0.7357 0.2232 4.0909, 0.7103 0.2942 4.0909, 0.678 0.3624 4.0909, 0.6392 0.4271 4.0909, 0.5943 0.4877 4.0909, 0.5436 0.5436 4.0909, 0.4877 0.5943 4.0909, 0.4271 0.6392 4.0909, 0.3624 0.678 4.0909, 0.2942 0.7103 4.0909, 0.2232 0.7357 4.0909, 0.15 0.754 4.0909, 0.0753 0.7651 4.0909, 0.0 0.7688 4.0909, -0.0753 0.7651 4.0909, -0.15 0.754 4.0909, -0.2232 0.7357 4.0909, -0.2942 0.7103 4.0909, -0.3624 0.678 4.0909, -0.4271 0.6392 4.0909, -0.4877 0.5943 4.0909, -0.5436 0.5436 4.0909, -0.5943 0.4877 4.0909, -0.6392 0.4271 4.0909, -0.678 0.3624 4.0909, -0.7103 0.2942 4.0909, -0.7357 0.2232 4.0909, -0.754 0.15 4.0909, -0.7651 0.0753 4.0909, -0.7688 0.0 4.0909, -0.7651 -0.0753 4.0909, -0.754 -0.15 4.0909, -0.7357 -0.2232 4.0909, -0.7103 -0.2942 4.0909, -0.678 -0.3624 4.0909, -0.6392 -0.4271 4.0909, -0.5943 -0.4877 4.0909, -0.5436 -0.5436 4.0909, -0.4877 -0.5943 4.0909, -0.4271 -0.6392 4.0909, -0.3624 -0.678 4.0909, -0.2942 -0.7103 4.0909, -0.2232 -0.7357 4.0909, -0.15 -0.754 4.0909, -0.0753 -0.7651 4.0909, 0.0 -0.7688 4.0909, 0.0753 -0.7651 4.0909, 0.15 -0.754 4.0909, 0.2232 -0.7357 4.0909, 0.2942 -0.7103 4.0909, 0.3624 -0.678 4.0909, 0.4271 -0.6392 4.0909, 0.4877 -0.5943 4.0909, 0.5436 -0.5436 4.0909, 0.5943 -0.4877 4.0909, 0.6392 -0.4271 4.0909, 0.678 -0.3624 4.0909, 0.7103 -0.2942 4.0909, 0.7357 -0.2232 4.0909, 0.9441 0.0 3.3991, 0.9371 0.0923 3.4526, 0.9317 0.0 3.5614, 0.9372 0.0924 3.3465, 0.932 0.1555 3.3465, 0.9235 0.1837 3.4526, 0.9248 0.1839 3.3465, 0.9011 0.2734 3.4526, 0.7829 0.5231 3.4526, 0.8305 0.4439 3.4526, 0.831 0.4497 3.3465, 0.9021 0.2737 3.3465, 0.8937 0.3068 3.3465, 0.87 0.3604 3.4526, 0.8702 0.3604 3.3465, 0.833 0.4453 3.3465, 0.5231 0.7829 3.4526, 0.5176 0.7747 3.5614, 0.5974 0.7279 3.4526, 0.5911 0.7202 3.5614, 0.6659 0.6659 3.4526, 0.6588 0.6588 3.5614, 0.7279 0.5974 3.4526, 0.7202 0.5911 3.5614, 0.7747 0.5176 3.5614, 0.8217 0.4392 3.5614, 0.8608 0.3566 3.5614, 0.8916 0.2705 3.5614, 0.9138 0.1818 3.5614, 0.9272 0.0913 3.5614, 0.0923 0.9371 3.4526, 0.0913 0.9272 3.5614, 0.1837 0.9235 3.4526, 0.1818 0.9138 3.5614, 0.2734 0.9011 3.4526, 0.2705 0.8916 3.5614, 0.3604 0.87 3.4526, 0.3566 0.8608 3.5614, 0.4439 0.8305 3.4526, 0.4392 0.8217 3.5614, 0.5168 0.791 3.3465, 0.64 0.6952 3.3465, 0.5976 0.7281 3.3465, 0.5245 0.785 3.3465, 0.4439 0.8305 3.3465, 0.3796 0.8653 3.3465, 0.3611 0.8716 3.3465, 0.783 0.5232 3.3465, 0.7456 0.5804 3.3465, 0.7291 0.5983 3.3465, 0.6664 0.6665 3.3465, 0.9101 0.0896 3.6714, 0.8969 0.1784 3.6714, 0.8751 0.2655 3.6714, 0.8449 0.35 3.6714, 0.8065 0.4311 3.6714, 0.7603 0.508 3.6714, 0.7069 0.5801 3.6714, 0.6466 0.6466 3.6714, 0.5801 0.7069 3.6714, 0.508 0.7603 3.6714, 0.4311 0.8065 3.6714, 0.35 0.8449 3.6714, 0.2655 0.8751 3.6714, 0.1784 0.8969 3.6714, 0.0896 0.9101 3.6714, 0.0 0.9145 3.6714, 0.0 0.9417 3.4526, 0.0 0.9417 3.3465, -0.078 0.9417 3.3465, -0.0923 0.9371 3.4526, -0.0924 0.9393 3.3465, -0.1837 0.9235 3.4526, -0.4439 0.8305 3.4526, -0.3604 0.87 3.4526, -0.3796 0.8653 3.3465, -0.4439 0.8305 3.3465, -0.5168 0.791 3.3465, -0.5231 0.7829 3.4526, -0.5245 0.785 3.3465, -0.5974 0.7279 3.4526, -0.1839 0.924 3.3465, -0.232 0.916 3.3465, -0.2734 0.9011 3.4526, -0.2734 0.9017 3.3465, -0.3611 0.8716 3.3465, -0.7829 0.5231 3.4526, -0.7279 0.5974 3.4526, -0.7456 0.5804 3.3465, -0.87 0.3604 3.4526, -0.8937 0.3068 3.3465, -0.9011 0.2734 3.4526, -0.9021 0.2737 3.3465, -0.9235 0.1837 3.4526, -0.783 0.5232 3.3465, -0.831 0.4497 3.3465, -0.8305 0.4439 3.4526, -0.833 0.4453 3.3465, -0.8702 0.3604 3.3465, 0.9138 -0.1818 3.5614, 0.8916 -0.2705 3.5614, 0.8608 -0.3566 3.5614, 0.8217 -0.4392 3.5614, 0.7747 -0.5176 3.5614, 0.7202 -0.5911 3.5614, 0.6588 -0.6588 3.5614, 0.5911 -0.7202 3.5614, 0.5176 -0.7747 3.5614, 0.4392 -0.8217 3.5614, 0.3566 -0.8608 3.5614, 0.2705 -0.8916 3.5614, 0.1818 -0.9138 3.5614, 0.0913 -0.9272 3.5614, 0.0 -0.9317 3.5614, -0.0913 -0.9272 3.5614, -0.1818 -0.9138 3.5614, -0.2705 -0.8916 3.5614, -0.3566 -0.8608 3.5614, -0.4392 -0.8217 3.5614, -0.5176 -0.7747 3.5614, -0.5911 -0.7202 3.5614, -0.6588 -0.6588 3.5614, -0.7202 -0.5911 3.5614, -0.7747 -0.5176 3.5614, -0.8217 -0.4392 3.5614, -0.8608 -0.3566 3.5614, -0.8916 -0.2705 3.5614, -0.9138 -0.1818 3.5614, -0.9272 -0.0913 3.5614, -0.9417 0.0 3.4526, -0.9317 0.0 3.5614, -0.9371 0.0923 3.4526, -0.9272 0.0913 3.5614, -0.9138 0.1818 3.5614, -0.8916 0.2705 3.5614, -0.8608 0.3566 3.5614, -0.8217 0.4392 3.5614, -0.7747 0.5176 3.5614, -0.7202 0.5911 3.5614, -0.6659 0.6659 3.4526, -0.6588 0.6588 3.5614, -0.5911 0.7202 3.5614, -0.5176 0.7747 3.5614, -0.4392 0.8217 3.5614, -0.3566 0.8608 3.5614, -0.2705 0.8916 3.5614, -0.1818 0.9138 3.5614, -0.0913 0.9272 3.5614, 0.0 0.9317 3.5614, -0.5976 0.7281 3.3465, -0.64 0.6952 3.3465, -0.6664 0.6665 3.3465, -0.7291 0.5983 3.3465, -0.0896 0.9101 3.6714, -0.1784 0.8969 3.6714, -0.2655 0.8751 3.6714, -0.35 0.8449 3.6714, -0.4311 0.8065 3.6714, -0.508 0.7603 3.6714, -0.5801 0.7069 3.6714, -0.6466 0.6466 3.6714, -0.7069 0.5801 3.6714, -0.7603 0.508 3.6714, -0.8065 0.4311 3.6714, -0.8449 0.35 3.6714, -0.8751 0.2655 3.6714, -0.8969 0.1784 3.6714, -0.9101 0.0896 3.6714, -0.9145 0.0 3.6714, -0.9101 -0.0896 3.6714, -0.8969 -0.1784 3.6714, -0.8751 -0.2655 3.6714, -0.8449 -0.35 3.6714, -0.8065 -0.4311 3.6714, -0.7603 -0.508 3.6714, -0.7069 -0.5801 3.6714, -0.6466 -0.6466 3.6714, -0.5801 -0.7069 3.6714, -0.508 -0.7603 3.6714, -0.4311 -0.8065 3.6714, -0.35 -0.8449 3.6714, -0.2655 -0.8751 3.6714, -0.1784 -0.8969 3.6714, 0.2734 0.9017 3.3465, 0.232 0.916 3.3465, 0.1839 0.924 3.3465, 0.0924 0.9393 3.3465, 0.078 0.9417 3.3465, 0.295 0.0587 4.5078, 0.2238 0.0445 4.5228, 0.2993 0.0295 4.5078, 0.3008 0.0 4.5078, 0.2109 0.0873 4.5228, 0.1898 0.1268 4.5228, 0.2878 0.0873 4.5078, 0.2779 0.1151 4.5078, 0.2652 0.1418 4.5078, -0.3723 -0.0367 4.482, -0.3669 -0.073 4.482, -0.358 -0.1086 4.482, -0.3457 -0.1432 4.482, -0.33 -0.1764 4.482, -0.3111 -0.2078 4.482, -0.2892 -0.2373 4.482, -0.2646 -0.2646 4.482, -0.2373 -0.2892 4.482, -0.2078 -0.3111 4.482, -0.1764 -0.33 4.482, -0.1432 -0.3457 4.482, -0.1086 -0.358 4.482, -0.073 -0.3669 4.482, -0.0367 -0.3723 4.482, 0.0 -0.3741 4.482, 0.0367 -0.3723 4.482, 0.073 -0.3669 4.482, 0.1086 -0.358 4.482, 0.1432 -0.3457 4.482, 0.1764 -0.33 4.482, 0.2078 -0.3111 4.482, 0.2373 -0.2892 4.482, 0.2646 -0.2646 4.482, 0.2892 -0.2373 4.482, 0.3111 -0.2078 4.482, 0.33 -0.1764 4.482, 0.3457 -0.1432 4.482, 0.358 -0.1086 4.482, 0.3669 -0.073 4.482, 0.3723 -0.0367 4.482, 0.2501 0.1671 4.5078, 0.2325 0.1908 4.5078, 0.1614 0.1614 4.5228, 0.1268 0.1898 4.5228, 0.2127 0.2127 4.5078, 0.1908 0.2325 4.5078, 0.0873 0.2109 4.5228, 0.0445 0.2238 4.5228, 0.0873 0.2878 4.5078, 0.0587 0.295 4.5078, 0.1671 0.2501 4.5078, 0.1418 0.2652 4.5078, 0.1151 0.2779 4.5078, 0.0295 0.2993 4.5078, 0.0 0.2282 4.5228, 0.5166 -0.0509 4.3956, 0.5541 0.0 4.3667, 0.5191 0.0 4.3956, 0.5855 0.0577 4.335, 0.5515 -0.0543 4.3667, 0.5855 -0.0577 4.335, 0.5884 0.0 4.335, 0.6216 0.0 4.3006, 0.6506 0.0641 4.2634, 0.6186 -0.0609 4.3006, 0.6506 -0.0641 4.2634, 0.6538 0.0 4.2634, 0.6847 0.0 4.2237, 0.7108 0.07 4.1816, -0.0445 0.2238 4.5228, 0.0 0.3008 4.5078, -0.0295 0.2993 4.5078, -0.0873 0.2109 4.5228, -0.1268 0.1898 4.5228, -0.1418 0.2652 4.5078, -0.1671 0.2501 4.5078, -0.0587 0.295 4.5078, -0.0873 0.2878 4.5078, -0.1151 0.2779 4.5078, -0.2325 0.1908 4.5078, -0.1898 0.1268 4.5228, -0.2109 0.0873 4.5228, -0.2878 0.0873 4.5078, -0.2238 0.0445 4.5228, -0.3457 0.1432 4.482, -0.2779 0.1151 4.5078, -0.2652 0.1418 4.5078, -0.2501 0.1671 4.5078, -0.33 0.1764 4.482, -0.3111 0.2078 4.482, -0.2892 0.2373 4.482, -0.2646 0.2646 4.482, -0.2373 0.2892 4.482, -0.2078 0.3111 4.482, -0.1764 0.33 4.482, -0.1432 0.3457 4.482, -0.1086 0.358 4.482, -0.073 0.3669 4.482, -0.0367 0.3723 4.482, 0.0 0.3741 4.482, 0.0367 0.3723 4.482, 0.073 0.3669 4.482, 0.1086 0.358 4.482, 0.1432 0.3457 4.482, 0.1764 0.33 4.482, 0.2078 0.3111 4.482, 0.2373 0.2892 4.482, 0.2646 0.2646 4.482, 0.2892 0.2373 4.482, 0.3111 0.2078 4.482, 0.33 0.1764 4.482, 0.3457 0.1432 4.482, 0.358 0.1086 4.482, 0.3669 0.073 4.482, -0.3741 0.0 4.482, -0.3008 0.0 4.5078, -0.3723 0.0367 4.482, -0.2993 0.0295 4.5078, -0.3669 0.073 4.482, -0.295 0.0587 4.5078, -0.358 0.1086 4.482, 0.4451 0.0438 4.4446, 0.5166 0.0509 4.3956, 0.4387 0.0873 4.4446, 0.5091 0.1013 4.3956, 0.428 0.1298 4.4446, 0.4968 0.1507 4.3956, 0.4133 0.1712 4.4446, 0.4796 0.1987 4.3956, 0.3945 0.2109 4.4446, 0.4578 0.2447 4.3956, 0.3719 0.2485 4.4446, 0.4316 0.2884 4.3956, 0.3458 0.2838 4.4446, 0.4013 0.3293 4.3956, 0.3163 0.3163 4.4446, 0.3671 0.3671 4.3956, 0.2838 0.3458 4.4446, 0.3293 0.4013 4.3956, 0.2485 0.3719 4.4446, 0.2884 0.4316 4.3956, 0.2109 0.3945 4.4446, 0.2447 0.4578 4.3956, 0.1712 0.4133 4.4446, 0.1987 0.4796 4.3956, 0.1298 0.428 4.4446, 0.1507 0.4968 4.3956, 0.0873 0.4387 4.4446, 0.1013 0.5091 4.3956, 0.0438 0.4451 4.4446, 0.0509 0.5166 4.3956, 0.0 0.4473 4.4446, 0.0 0.5191 4.3956, -0.0438 0.4451 4.4446, -0.0509 0.5166 4.3956, -0.0873 0.4387 4.4446, -0.1013 0.5091 4.3956, -0.1298 0.428 4.4446, -0.1507 0.4968 4.3956, -0.1712 0.4133 4.4446, -0.1987 0.4796 4.3956, -0.2109 0.3945 4.4446, -0.2447 0.4578 4.3956, -0.2485 0.3719 4.4446, -0.2884 0.4316 4.3956, -0.2838 0.3458 4.4446, -0.3293 0.4013 4.3956, -0.3163 0.3163 4.4446, -0.3671 0.3671 4.3956, -0.3458 0.2838 4.4446, -0.4013 0.3293 4.3956, -0.3719 0.2485 4.4446, -0.4316 0.2884 4.3956, -0.3945 0.2109 4.4446, -0.4578 0.2447 4.3956, -0.4133 0.1712 4.4446, -0.4796 0.1987 4.3956, -0.428 0.1298 4.4446, -0.4968 0.1507 4.3956, -0.4387 0.0873 4.4446, -0.5091 0.1013 4.3956, -0.4451 0.0438 4.4446, -0.5166 0.0509 4.3956, -0.4473 0.0 4.4446, -0.5191 0.0 4.3956, -0.4451 -0.0438 4.4446, -0.5166 -0.0509 4.3956, -0.4387 -0.0873 4.4446, -0.5091 -0.1013 4.3956, -0.428 -0.1298 4.4446, -0.4968 -0.1507 4.3956, -0.4133 -0.1712 4.4446, -0.4796 -0.1987 4.3956, -0.3945 -0.2109 4.4446, -0.4578 -0.2447 4.3956, -0.3719 -0.2485 4.4446, -0.4316 -0.2884 4.3956, -0.3458 -0.2838 4.4446, -0.4013 -0.3293 4.3956, -0.3163 -0.3163 4.4446, -0.3671 -0.3671 4.3956, -0.2838 -0.3458 4.4446, -0.3293 -0.4013 4.3956, -0.2485 -0.3719 4.4446, -0.2884 -0.4316 4.3956, -0.2109 -0.3945 4.4446, -0.2447 -0.4578 4.3956, -0.1712 -0.4133 4.4446, -0.1987 -0.4796 4.3956, -0.1298 -0.428 4.4446, -0.1507 -0.4968 4.3956, -0.0873 -0.4387 4.4446, -0.1013 -0.5091 4.3956, -0.0438 -0.4451 4.4446, -0.0509 -0.5166 4.3956, 0.0 -0.4473 4.4446, 0.0 -0.5191 4.3956, 0.0438 -0.4451 4.4446, 0.0509 -0.5166 4.3956, 0.0873 -0.4387 4.4446, 0.1013 -0.5091 4.3956, 0.1298 -0.428 4.4446, 0.1507 -0.4968 4.3956, 0.1712 -0.4133 4.4446, 0.1987 -0.4796 4.3956, 0.2109 -0.3945 4.4446, 0.2447 -0.4578 4.3956, 0.2485 -0.3719 4.4446, 0.2884 -0.4316 4.3956, 0.2838 -0.3458 4.4446, 0.3293 -0.4013 4.3956, 0.3163 -0.3163 4.4446, 0.3671 -0.3671 4.3956, 0.3458 -0.2838 4.4446, 0.4013 -0.3293 4.3956, 0.3719 -0.2485 4.4446, 0.4316 -0.2884 4.3956, 0.3945 -0.2109 4.4446, 0.4578 -0.2447 4.3956, 0.4133 -0.1712 4.4446, 0.4796 -0.1987 4.3956, 0.428 -0.1298 4.4446, 0.4968 -0.1507 4.3956, 0.5091 -0.1013 4.3956, 0.6412 -0.1275 4.2634, 0.577 -0.1148 4.335, 0.6256 -0.1898 4.2634, 0.563 -0.1708 4.335, 0.604 -0.2502 4.2634, 0.5436 -0.2252 4.335, 0.5766 -0.3082 4.2634, 0.5189 -0.2773 4.335, 0.5436 -0.3632 4.2634, 0.4892 -0.3269 4.335, 0.5054 -0.4147 4.2634, 0.4548 -0.3732 4.335, 0.4623 -0.4623 4.2634, 0.416 -0.416 4.335, 0.4147 -0.5054 4.2634, 0.3732 -0.4548 4.335, 0.3632 -0.5436 4.2634, 0.3269 -0.4892 4.335, 0.3082 -0.5766 4.2634, 0.2773 -0.5189 4.335, 0.2502 -0.604 4.2634, 0.2252 -0.5436 4.335, 0.1898 -0.6256 4.2634, 0.1708 -0.563 4.335, 0.1275 -0.6412 4.2634, 0.1148 -0.577 4.335, 0.0641 -0.6506 4.2634, 0.0577 -0.5855 4.335, 0.0 -0.6538 4.2634, 0.0 -0.5884 4.335, -0.0641 -0.6506 4.2634, -0.0577 -0.5855 4.335, -0.1275 -0.6412 4.2634, -0.1148 -0.577 4.335, -0.1898 -0.6256 4.2634, -0.1708 -0.563 4.335, -0.2502 -0.604 4.2634, -0.2252 -0.5436 4.335, -0.3082 -0.5766 4.2634, -0.2773 -0.5189 4.335, -0.3632 -0.5436 4.2634, -0.3269 -0.4892 4.335, -0.4147 -0.5054 4.2634, -0.3732 -0.4548 4.335, -0.4623 -0.4623 4.2634, -0.416 -0.416 4.335, -0.5054 -0.4147 4.2634, -0.4548 -0.3732 4.335, -0.5436 -0.3632 4.2634, -0.4892 -0.3269 4.335, -0.5766 -0.3082 4.2634, -0.5189 -0.2773 4.335, -0.604 -0.2502 4.2634, -0.5436 -0.2252 4.335, -0.6256 -0.1898 4.2634, -0.563 -0.1708 4.335, -0.6412 -0.1275 4.2634, -0.577 -0.1148 4.335, -0.6506 -0.0641 4.2634, -0.5855 -0.0577 4.335, -0.6538 0.0 4.2634, -0.5884 0.0 4.335, -0.6506 0.0641 4.2634, -0.5855 0.0577 4.335, -0.6412 0.1275 4.2634, -0.577 0.1148 4.335, -0.6256 0.1898 4.2634, -0.563 0.1708 4.335, -0.604 0.2502 4.2634, -0.5436 0.2252 4.335, -0.5766 0.3082 4.2634, -0.5189 0.2773 4.335, -0.5436 0.3632 4.2634, -0.4892 0.3269 4.335, -0.5054 0.4147 4.2634, -0.4548 0.3732 4.335, -0.4623 0.4623 4.2634, -0.416 0.416 4.335, -0.4147 0.5054 4.2634, -0.3732 0.4548 4.335, -0.3632 0.5436 4.2634, -0.3269 0.4892 4.335, -0.3082 0.5766 4.2634, -0.2773 0.5189 4.335, -0.2502 0.604 4.2634, -0.2252 0.5436 4.335, -0.1898 0.6256 4.2634, -0.1708 0.563 4.335, -0.1275 0.6412 4.2634, -0.1148 0.577 4.335, -0.0641 0.6506 4.2634, -0.0577 0.5855 4.335, 0.0 0.6538 4.2634, 0.0 0.5884 4.335, 0.0641 0.6506 4.2634, 0.0577 0.5855 4.335, 0.1275 0.6412 4.2634, 0.1148 0.577 4.335, 0.1898 0.6256 4.2634, 0.1708 0.563 4.335, 0.2502 0.604 4.2634, 0.2252 0.5436 4.335, 0.3082 0.5766 4.2634, 0.2773 0.5189 4.335, 0.3632 0.5436 4.2634, 0.3269 0.4892 4.335, 0.4147 0.5054 4.2634, 0.3732 0.4548 4.335, 0.4623 0.4623 4.2634, 0.416 0.416 4.335, 0.5054 0.4147 4.2634, 0.4548 0.3732 4.335, 0.5436 0.3632 4.2634, 0.4892 0.3269 4.335, 0.5766 0.3082 4.2634, 0.5189 0.2773 4.335, 0.604 0.2502 4.2634, 0.5436 0.2252 4.335, 0.6256 0.1898 4.2634, 0.563 0.1708 4.335, 0.6412 0.1275 4.2634, 0.577 0.1148 4.335, 0.8724 0.1735 3.7812, 0.8513 0.2582 3.7812, 0.8219 0.3404 3.7812, 0.7845 0.4193 3.7812, 0.7396 0.4942 3.7812, 0.6876 0.5643 3.7812, 0.629 0.629 3.7812, 0.5643 0.6876 3.7812, 0.4942 0.7396 3.7812, 0.4193 0.7845 3.7812, 0.3404 0.8219 3.7812, 0.2582 0.8513 3.7812, 0.1735 0.8724 3.7812, 0.0872 0.8853 3.7812, 0.0 0.8896 3.7812, -0.0872 0.8853 3.7812, -0.1735 0.8724 3.7812, -0.2582 0.8513 3.7812, -0.3404 0.8219 3.7812, -0.4193 0.7845 3.7812, -0.4942 0.7396 3.7812, -0.5643 0.6876 3.7812, -0.629 0.629 3.7812, -0.6876 0.5643 3.7812, -0.7396 0.4942 3.7812, -0.7845 0.4193 3.7812, -0.8219 0.3404 3.7812, -0.8513 0.2582 3.7812, -0.8724 0.1735 3.7812, -0.8853 0.0872 3.7812, -0.8896 0.0 3.7812, -0.8853 -0.0872 3.7812, -0.8724 -0.1735 3.7812, -0.8513 -0.2582 3.7812, -0.8219 -0.3404 3.7812, -0.7845 -0.4193 3.7812, -0.7396 -0.4942 3.7812, -0.6876 -0.5643 3.7812, -0.629 -0.629 3.7812, -0.5643 -0.6876 3.7812, -0.4942 -0.7396 3.7812, -0.4193 -0.7845 3.7812, -0.3404 -0.8219 3.7812, -0.2582 -0.8513 3.7812, -0.1735 -0.8724 3.7812, 0.87 -0.0857 3.8354, 0.8896 0.0 3.7812, 0.6835 -0.2073 4.1816, 0.6599 -0.2733 4.1816, 0.6299 -0.3367 4.1816, 0.5938 -0.3968 4.1816, 0.5521 -0.4531 4.1816, 0.5051 -0.5051 4.1816, 0.4531 -0.5521 4.1816, 0.3968 -0.5938 4.1816, 0.3367 -0.6299 4.1816, 0.2733 -0.6599 4.1816, 0.2073 -0.6835 4.1816, 0.1393 -0.7005 4.1816, 0.07 -0.7108 4.1816, 0.0 -0.7143 4.1816, -0.07 -0.7108 4.1816, -0.1393 -0.7005 4.1816, -0.2073 -0.6835 4.1816, -0.2733 -0.6599 4.1816, -0.3367 -0.6299 4.1816, -0.3968 -0.5938 4.1816, -0.4531 -0.5521 4.1816, -0.5051 -0.5051 4.1816, -0.5521 -0.4531 4.1816, -0.5938 -0.3968 4.1816, -0.6299 -0.3367 4.1816, -0.6599 -0.2733 4.1816, -0.6835 -0.2073 4.1816, -0.7005 -0.1393 4.1816, -0.7108 -0.07 4.1816, -0.7143 0.0 4.1816, -0.7108 0.07 4.1816, -0.7005 0.1393 4.1816, -0.6835 0.2073 4.1816, -0.6599 0.2733 4.1816, -0.6299 0.3367 4.1816, -0.5938 0.3968 4.1816, -0.5521 0.4531 4.1816, -0.5051 0.5051 4.1816, -0.4531 0.5521 4.1816, -0.3968 0.5938 4.1816, -0.3367 0.6299 4.1816, -0.2733 0.6599 4.1816, -0.2073 0.6835 4.1816, -0.1393 0.7005 4.1816, -0.07 0.7108 4.1816, 0.0 0.7143 4.1816, 0.07 0.7108 4.1816, 0.1393 0.7005 4.1816, 0.2073 0.6835 4.1816, 0.2733 0.6599 4.1816, 0.3367 0.6299 4.1816, 0.3968 0.5938 4.1816, 0.4531 0.5521 4.1816, 0.5051 0.5051 4.1816, 0.5521 0.4531 4.1816, 0.5938 0.3968 4.1816, 0.6299 0.3367 4.1816, 0.6599 0.2733 4.1816, 0.6835 0.2073 4.1816, 0.7005 0.1393 4.1816, 0.7143 0.0 4.1816, 0.6814 -0.0671 4.2237, -0.9248 0.1839 3.3465, -0.932 0.1555 3.3465, -0.9372 0.0924 3.3465, -0.9372 -0.0924 3.3465, -0.4148 -0.0492 -0.4016, -0.3807 -0.0689 -0.4016, -0.4304 -0.0696 -0.4016, -0.4026 -0.0974 -0.4016, -0.4508 -0.0852 -0.4016, -0.4311 -0.1193 -0.4016, -0.4745 -0.0951 -0.4016, -0.4643 -0.1331 -0.4016, -0.5 -0.0984 -0.4016, -0.5 -0.1378 -0.4016, -0.5255 -0.0951 -0.4016, -0.5357 -0.1331 -0.4016, -0.5492 -0.0852 -0.4016, -0.5689 -0.1193 -0.4016, -0.5696 -0.0696 -0.4016, -0.5974 -0.0974 -0.4016, -0.5852 -0.0492 -0.4016, -0.6193 -0.0689 -0.4016, -0.5951 -0.0255 -0.4016, -0.6331 -0.0357 -0.4016, -0.5984 0.0 -0.4016, -0.6378 -0.0 -0.4016, -0.5951 0.0255 -0.4016, -0.6331 0.0357 -0.4016, -0.5852 0.0492 -0.4016, -0.6193 0.0689 -0.4016, -0.5696 0.0696 -0.4016, -0.5974 0.0974 -0.4016, -0.5492 0.0852 -0.4016, -0.5689 0.1193 -0.4016, -0.5255 0.0951 -0.4016, -0.5357 0.1331 -0.4016, -0.5 0.0984 -0.4016, -0.5 0.1378 -0.4016, -0.4745 0.0951 -0.4016, -0.4643 0.1331 -0.4016, -0.4508 0.0852 -0.4016, -0.4311 0.1193 -0.4016, -0.4304 0.0696 -0.4016, -0.4026 0.0974 -0.4016, -0.4148 0.0492 -0.4016, -0.3807 0.0689 -0.4016, -0.4049 0.0255 -0.4016, -0.3669 0.0357 -0.4016, -0.4016 0.0 -0.4016, -0.3622 -0.0 -0.4016, -0.4049 -0.0255 -0.4016, -0.3669 -0.0357 -0.4016, -0.6653 -0.0776 0.0921, -0.6677 -0.07 0.0944, -0.6794 -0.0701 0.0312, -0.6577 0.0961 0.0845, -0.6497 0.1113 0.0766, -0.6574 0.1122 0.0284, -0.5492 0.1906 -0.0411, -0.5509 0.19 -0.0411, -0.5659 0.1853 -0.0193, -0.5908 0.1747 -0.0411, -0.5814 0.1784 0.0001, -0.6198 0.1505 0.0448, -0.6075 0.1614 0.0311, -0.6259 0.1478 0.0245, -0.599 0.1676 0.0212, -0.5979 0.1698 -0.0411, -0.5942 0.171 0.0156, -0.5881 0.1745 0.0082, -0.6406 0.1257 0.0672, -0.631 0.1383 0.057, -0.6224 0.1477 0.0477, -0.6686 0.0676 0.0952, -0.6678 0.07 0.0945, -0.6794 0.0701 0.0312, -0.6644 0.0801 0.0912, -0.6731 0.0504 0.0996, -0.6908 0.0238 0.0327, -0.6763 0.0328 0.1026, -0.6908 -0.0238 0.0327, -0.6779 -0.0181 0.1041, -0.6786 0.0 0.1047, -0.6786 0.0018 0.1047, -0.6781 0.0149 0.1043, -0.6772 0.0238 0.1035, -0.6706 -0.0606 0.0972, -0.6724 -0.0534 0.0989, -0.6758 -0.0359 0.1022, -0.6772 -0.0238 0.1035, -0.6587 -0.0938 0.0856, -0.6373 -0.1303 0.0637, -0.6469 -0.1161 0.0737, -0.6574 -0.1122 0.0284, -0.6492 -0.1122 0.076, -0.651 -0.1091 0.0779, -0.6259 -0.1478 0.0245, -0.6223 -0.1476 0.0476, -0.6267 -0.1432 0.0524, -0.5989 -0.1677 0.0211, -0.6099 -0.1594 0.0339, -0.6151 -0.1549 0.0396, -0.5667 -0.185 -0.0182, -0.5908 -0.1747 -0.0411, -0.5611 -0.187 -0.0255, -0.5509 -0.19 -0.0411, -0.5492 -0.1906 -0.0411, -0.5822 -0.178 0.0011, -0.5881 -0.1745 0.0082, -0.5979 -0.1698 -0.0411, -0.5965 -0.1695 0.0184, -0.6301 -0.1478 -0.0411, -0.6384 -0.1384 -0.0411, -0.6888 -0.0506 -0.0411, -0.684 -0.0701 -0.0411, -0.6693 -0.0978 -0.0411, -0.6617 -0.1122 -0.0411, -0.6954 -0.0238 -0.0411, -0.6954 0.0 -0.0411, -0.6954 0.0238 -0.0411, -0.6888 0.0506 -0.0411, -0.684 0.0701 -0.0411, -0.6693 0.0978 -0.0411, -0.6301 0.1478 -0.0411, -0.6384 0.1384 -0.0411, -0.6617 0.1122 -0.0411, -0.3276 -0.095 -0.3096, -0.3296 -0.0984 -0.3082, -0.3295 -0.0984 -0.3425, -0.4755 -0.1953 -0.1484, -0.492 -0.1967 -0.1256, -0.5 -0.1969 -0.3425, -0.5 -0.1966 -0.1142, -0.5509 -0.1901 -0.3425, -0.5111 -0.1965 -0.0983, -0.5302 -0.1945 -0.0701, -0.4058 -0.1729 -0.2356, -0.4223 -0.1809 -0.2163, -0.4491 -0.1901 -0.3425, -0.4395 -0.1873 -0.1952, -0.4491 -0.1899 -0.183, -0.4572 -0.1921 -0.1726, -0.3608 -0.1392 -0.3425, -0.3608 -0.1392 -0.2831, -0.4016 -0.1705 -0.3425, -0.3733 -0.1507 -0.2709, -0.3873 -0.1614 -0.2563, -0.4016 -0.1705 -0.2405, -0.4022 -0.1708 -0.2398, -0.3364 -0.1095 -0.3038, -0.3466 -0.1233 -0.2958, -0.3487 -0.1259 -0.294, -0.3605 -0.1389 -0.2834, -0.3103 -0.0508 -0.315, -0.3126 -0.0604 -0.315, -0.3099 -0.0509 -0.3425, -0.3147 -0.0664 -0.3148, -0.32 -0.0798 -0.3133, -0.3099 0.0509 -0.3425, -0.3103 0.0508 -0.315, -0.3061 0.0341 -0.315, -0.3031 0.0 -0.3425, -0.3032 0.0004 -0.315, -0.3032 0.0 -0.315, -0.306 -0.0334 -0.315, -0.3258 0.0917 -0.3106, -0.3186 0.0764 -0.3139, -0.3295 0.0984 -0.3425, -0.3126 0.0604 -0.315, -0.3518 0.1296 -0.2913, -0.3409 0.1159 -0.3004, -0.3608 0.1392 -0.3425, -0.3344 0.1064 -0.3052, -0.3297 0.0983 -0.3082, -0.4016 0.1705 -0.3425, -0.396 0.1672 -0.2467, -0.381 0.1568 -0.2629, -0.3771 0.1538 -0.267, -0.3639 0.1422 -0.2802, -0.3609 0.1391 -0.2829, -0.4328 0.185 -0.2036, -0.4286 0.1834 -0.2087, -0.4491 0.1901 -0.3425, -0.4119 0.176 -0.2287, -0.4017 0.1703 -0.2403, -0.4949 0.1968 -0.1216, -0.4882 0.1965 -0.1308, -0.5 0.1969 -0.3425, -0.4694 0.1945 -0.1565, -0.4509 0.1906 -0.1808, -0.4491 0.1901 -0.1831, -0.5336 0.194 -0.065, -0.5509 0.1901 -0.3425, -0.5143 0.1963 -0.0937, -0.5 0.1967 -0.1142, -0.6901 -0.0509 -0.3425, -0.6969 0.0 -0.3425, -0.6705 -0.0984 -0.3425, -0.6392 -0.1392 -0.3425, -0.5984 -0.1705 -0.3425, -0.5984 0.1705 -0.3425, -0.6392 0.1392 -0.3425, -0.6705 0.0984 -0.3425, -0.6901 0.0509 -0.3425, 0.5852 -0.0492 -0.4016, 0.6193 -0.0689 -0.4016, 0.5696 -0.0696 -0.4016, 0.5974 -0.0974 -0.4016, 0.5492 -0.0852 -0.4016, 0.5689 -0.1193 -0.4016, 0.5255 -0.0951 -0.4016, 0.5357 -0.1331 -0.4016, 0.5 -0.0984 -0.4016, 0.5 -0.1378 -0.4016, 0.4745 -0.0951 -0.4016, 0.4643 -0.1331 -0.4016, 0.4508 -0.0852 -0.4016, 0.4311 -0.1193 -0.4016, 0.4304 -0.0696 -0.4016, 0.4026 -0.0974 -0.4016, 0.4148 -0.0492 -0.4016, 0.3807 -0.0689 -0.4016, 0.4049 -0.0255 -0.4016, 0.3669 -0.0357 -0.4016, 0.4016 0.0 -0.4016, 0.3622 -0.0 -0.4016, 0.4049 0.0255 -0.4016, 0.3669 0.0357 -0.4016, 0.4148 0.0492 -0.4016, 0.3807 0.0689 -0.4016, 0.4304 0.0696 -0.4016, 0.4026 0.0974 -0.4016, 0.4508 0.0852 -0.4016, 0.4311 0.1193 -0.4016, 0.4745 0.0951 -0.4016, 0.4643 0.1331 -0.4016, 0.5 0.0984 -0.4016, 0.5 0.1378 -0.4016, 0.5255 0.0951 -0.4016, 0.5357 0.1331 -0.4016, 0.5492 0.0852 -0.4016, 0.5689 0.1193 -0.4016, 0.5696 0.0696 -0.4016, 0.5974 0.0974 -0.4016, 0.5852 0.0492 -0.4016, 0.6193 0.0689 -0.4016, 0.5951 0.0255 -0.4016, 0.6331 0.0357 -0.4016, 0.5984 0.0 -0.4016, 0.6378 -0.0 -0.4016, 0.5951 -0.0255 -0.4016, 0.6331 -0.0357 -0.4016, 0.6653 0.0776 0.0921, 0.6677 0.07 0.0944, 0.6794 0.0701 0.0312, 0.6577 -0.0961 0.0845, 0.6497 -0.1113 0.0766, 0.6574 -0.1122 0.0284, 0.5492 -0.1906 -0.0411, 0.5509 -0.19 -0.0411, 0.5659 -0.1853 -0.0193, 0.5908 -0.1747 -0.0411, 0.5814 -0.1784 0.0001, 0.6198 -0.1505 0.0448, 0.6075 -0.1614 0.0311, 0.6259 -0.1478 0.0245, 0.599 -0.1676 0.0212, 0.5979 -0.1698 -0.0411, 0.5942 -0.171 0.0156, 0.5881 -0.1745 0.0082, 0.6406 -0.1257 0.0672, 0.631 -0.1383 0.057, 0.6224 -0.1477 0.0477, 0.6686 -0.0676 0.0952, 0.6678 -0.07 0.0945, 0.6794 -0.0701 0.0312, 0.6644 -0.0801 0.0912, 0.6731 -0.0504 0.0996, 0.6908 -0.0238 0.0327, 0.6763 -0.0328 0.1026, 0.6908 0.0238 0.0327, 0.6779 0.0181 0.1041, 0.6786 -0.0 0.1047, 0.6786 -0.0018 0.1047, 0.6781 -0.0149 0.1043, 0.6772 -0.0238 0.1035, 0.6706 0.0606 0.0972, 0.6724 0.0534 0.0989, 0.6758 0.0359 0.1022, 0.6772 0.0238 0.1035, 0.6587 0.0938 0.0856, 0.6373 0.1303 0.0637, 0.6469 0.1161 0.0737, 0.6574 0.1122 0.0284, 0.6492 0.1122 0.076, 0.651 0.1091 0.0779, 0.6259 0.1478 0.0245, 0.6223 0.1476 0.0476, 0.6267 0.1432 0.0524, 0.5989 0.1677 0.0211, 0.6099 0.1594 0.0339, 0.6151 0.1549 0.0396, 0.5667 0.185 -0.0182, 0.5908 0.1747 -0.0411, 0.5611 0.187 -0.0255, 0.5509 0.19 -0.0411, 0.5492 0.1906 -0.0411, 0.5822 0.178 0.0011, 0.5881 0.1745 0.0082, 0.5979 0.1698 -0.0411, 0.5965 0.1695 0.0184, 0.6301 0.1478 -0.0411, 0.6384 0.1384 -0.0411, 0.6888 0.0506 -0.0411, 0.684 0.0701 -0.0411, 0.6693 0.0978 -0.0411, 0.6617 0.1122 -0.0411, 0.6954 0.0238 -0.0411, 0.6954 -0.0 -0.0411, 0.6954 -0.0238 -0.0411, 0.6888 -0.0506 -0.0411, 0.684 -0.0701 -0.0411, 0.6693 -0.0978 -0.0411, 0.6301 -0.1478 -0.0411, 0.6384 -0.1384 -0.0411, 0.6617 -0.1122 -0.0411, 0.3276 0.095 -0.3096, 0.3296 0.0984 -0.3082, 0.3295 0.0984 -0.3425, 0.4755 0.1953 -0.1484, 0.492 0.1967 -0.1256, 0.5 0.1969 -0.3425, 0.5 0.1966 -0.1142, 0.5509 0.1901 -0.3425, 0.5111 0.1965 -0.0983, 0.5302 0.1945 -0.0701, 0.4058 0.1729 -0.2356, 0.4223 0.1809 -0.2163, 0.4491 0.1901 -0.3425, 0.4395 0.1873 -0.1952, 0.4491 0.1899 -0.183, 0.4572 0.1921 -0.1726, 0.3608 0.1392 -0.3425, 0.3608 0.1392 -0.2831, 0.4016 0.1705 -0.3425, 0.3733 0.1507 -0.2709, 0.3873 0.1614 -0.2563, 0.4016 0.1705 -0.2405, 0.4022 0.1708 -0.2398, 0.3364 0.1095 -0.3038, 0.3466 0.1233 -0.2958, 0.3487 0.1259 -0.294, 0.3605 0.1389 -0.2834, 0.3103 0.0508 -0.315, 0.3126 0.0604 -0.315, 0.3099 0.0509 -0.3425, 0.3147 0.0664 -0.3148, 0.32 0.0798 -0.3133, 0.3099 -0.0509 -0.3425, 0.3103 -0.0508 -0.315, 0.3061 -0.0341 -0.315, 0.3031 0.0 -0.3425, 0.3032 -0.0004 -0.315, 0.3032 -0.0 -0.315, 0.306 0.0334 -0.315, 0.3258 -0.0917 -0.3106, 0.3186 -0.0764 -0.3139, 0.3295 -0.0984 -0.3425, 0.3126 -0.0604 -0.315, 0.3518 -0.1296 -0.2913, 0.3409 -0.1159 -0.3004, 0.3608 -0.1392 -0.3425, 0.3344 -0.1064 -0.3052, 0.3297 -0.0983 -0.3082, 0.4016 -0.1705 -0.3425, 0.396 -0.1672 -0.2467, 0.381 -0.1568 -0.2629, 0.3771 -0.1538 -0.267, 0.3639 -0.1422 -0.2802, 0.3609 -0.1391 -0.2829, 0.4328 -0.185 -0.2036, 0.4286 -0.1834 -0.2087, 0.4491 -0.1901 -0.3425, 0.4119 -0.176 -0.2287, 0.4017 -0.1703 -0.2403, 0.4949 -0.1968 -0.1216, 0.4882 -0.1965 -0.1308, 0.5 -0.1969 -0.3425, 0.4694 -0.1945 -0.1565, 0.4509 -0.1906 -0.1808, 0.4491 -0.1901 -0.1831, 0.5509 -0.1901 -0.3425, 0.5336 -0.194 -0.065, 0.5143 -0.1963 -0.0937, 0.5 -0.1967 -0.1142, 0.5984 -0.1705 -0.3425, 0.6392 -0.1392 -0.3425, 0.6705 -0.0984 -0.3425, 0.6901 -0.0509 -0.3425, 0.6969 0.0 -0.3425, 0.6901 0.0509 -0.3425, 0.6705 0.0984 -0.3425, 0.6392 0.1392 -0.3425, 0.5984 0.1705 -0.3425, -0.6903 0.0 0.2968, -0.6731 0.0 0.2341, -0.6903 0.0028 0.2968, -0.6691 0.002 0.1691, -0.6685 0.017 0.1687, -0.6895 0.0239 0.2963, -0.6863 0.0525 0.2941, -0.6807 0.0806 0.2902, -0.6727 0.1083 0.2847, -0.6663 0.0374 0.1668, -0.6625 0.0574 0.1637, -0.657 0.0771 0.1591, -0.6652 0.1282 0.2796, -0.6534 0.1537 0.2714, -0.6394 0.1778 0.2617, -0.6233 0.2004 0.2505, -0.6064 0.22 0.2387, -0.6519 0.0913 0.1548, -0.6438 0.1094 0.1478, -0.6342 0.1265 0.1396, -0.6231 0.1426 0.1299, -0.6115 0.1565 0.1195, -0.5867 0.2388 0.225, -0.5653 0.2554 0.2102, -0.5979 0.1698 0.1073, -0.5832 0.1815 0.0936, -0.5422 0.2698 0.1943, -0.5672 0.1915 0.0785, -0.5201 0.2806 0.1791, -0.4939 0.2903 0.1612, -0.4664 0.2971 0.1426, -0.4631 0.3182 0.1571, -0.4729 0.28 0.1244, -0.5091 0.241 0.1067, -0.5311 0.2336 0.1244, -0.5496 0.225 0.1391, -0.5689 0.2134 0.1544, -0.5867 0.1997 0.1683, -0.6031 0.1842 0.181, -0.6173 0.1679 0.1919, -0.6307 0.149 0.2022, -0.6423 0.1289 0.211, -0.6522 0.1075 0.2185, -0.6584 0.0908 0.2231, -0.6651 0.0677 0.2281, -0.6697 0.044 0.2316, -0.6724 0.0201 0.2336, -0.673 0.0024 0.2341, -0.6691 0.0 0.1691, -0.4859 0.2457 0.0879, -0.5335 0.2053 0.0454, -0.5519 0.1989 0.0637, -0.5047 0.2216 0.0463, -0.5141 0.2095 0.0254, -0.5258 0.2032 0.0033, -0.6854 -0.0575 0.2935, -0.6794 -0.0855 0.2894, -0.5258 -0.2032 0.0033, -0.5141 -0.2095 0.0254, -0.528 -0.2068 0.0397, -0.4631 -0.3182 0.1571, -0.4859 -0.2926 0.1558, -0.4859 -0.2457 0.0879, -0.4729 -0.28 0.1244, -0.4664 -0.2971 0.1426, -0.4953 -0.2899 0.1622, -0.5215 -0.2801 0.1801, -0.5529 -0.1985 0.0646, -0.5346 -0.205 0.0464, -0.57 -0.1899 0.0812, -0.5462 -0.2676 0.1971, -0.5695 -0.2524 0.2132, -0.5785 -0.2456 0.2194, -0.5923 -0.1746 0.1021, -0.5861 -0.1794 0.0964, -0.5989 -0.2276 0.2335, -0.6175 -0.2075 0.2464, -0.6307 -0.1319 0.1366, -0.6191 -0.1477 0.1264, -0.6063 -0.1619 0.1149, -0.6344 -0.1853 0.2582, -0.6417 -0.1742 0.2632, -0.6553 -0.1499 0.2727, -0.653 -0.0884 0.1557, -0.6451 -0.1067 0.149, -0.6357 -0.124 0.1409, -0.6762 -0.097 0.2872, -0.6669 -0.1241 0.2807, -0.5047 -0.2216 0.0463, -0.5024 -0.2426 0.1014, -0.5103 -0.2406 0.1077, -0.5323 -0.2331 0.1254, -0.5529 -0.2232 0.1418, -0.5724 -0.2109 0.1571, -0.5799 -0.2053 0.163, -0.5969 -0.1905 0.1762, -0.6124 -0.1738 0.1882, -0.6265 -0.1553 0.199, -0.6326 -0.1461 0.2036, -0.6439 -0.1257 0.2123, -0.6536 -0.1042 0.2195, -0.6614 -0.0814 0.2254, -0.664 -0.0718 0.2274, -0.6595 -0.0691 0.1611, -0.6616 -0.0609 0.163, -0.6658 -0.041 0.1664, -0.6891 -0.029 0.296, -0.672 -0.0243 0.2333, -0.669 -0.0483 0.2311, -0.6683 -0.0207 0.1684, -0.3093 0.0614 -0.2719, -0.112 0.171 -0.0099, -0.4353 0.3213 0.1414, -0.4848 0.221 0.0268, -0.508 0.2031 -0.0185, -0.4872 0.2034 -0.0446, -0.3706 0.3227 0.1021, -0.4028 0.3235 0.1212, -0.3597 0.3217 0.0958, -0.3291 0.3171 0.0787, -0.2996 0.31 0.063, -0.4667 0.2016 -0.0698, -0.4599 0.2005 -0.0781, -0.4406 0.1962 -0.1011, -0.4222 0.1901 -0.1226, -0.2712 0.3004 0.0487, -0.2647 0.2978 0.0456, -0.4047 0.1825 -0.1425, -0.4008 0.1804 -0.147, -0.3852 0.1714 -0.1641, -0.2391 0.2861 0.0335, -0.2153 0.2726 0.023, -0.193 0.2575 0.0139, -0.1873 0.2532 0.0117, -0.168 0.237 0.0046, -0.371 0.1613 -0.1795, -0.3579 0.1502 -0.1931, -0.3546 0.147 -0.1964, -0.3435 0.1354 -0.2072, -0.1504 0.2199 -0.0011, -0.4479 0.281 0.1079, -0.4189 0.2814 0.0872, -0.3904 0.2789 0.0676, -0.3808 0.2775 0.0612, -0.3542 0.2718 0.0438, -0.3288 0.2638 0.028, -0.3048 0.2539 0.0136, -0.2993 0.2513 0.0105, -0.2781 0.2397 -0.0015, -0.2586 0.2268 -0.0118, -0.2408 0.2129 -0.0206, -0.2363 0.209 -0.0227, -0.2212 0.1946 -0.0294, -0.2077 0.1798 -0.0347, -0.1956 0.1645 -0.0386, -0.4645 0.2472 0.0693, -0.4388 0.2466 0.0473, -0.4136 0.2434 0.0265, -0.4052 0.2418 0.0197, -0.3819 0.2356 0.0011, -0.3599 0.2275 -0.0159, -0.3392 0.2177 -0.0314, -0.3346 0.2152 -0.0348, -0.3166 0.204 -0.0477, -0.3004 0.1919 -0.0589, -0.2858 0.179 -0.0685, -0.2821 0.1754 -0.0708, -0.27 0.1624 -0.0781, -0.2593 0.1492 -0.0838, -0.2499 0.1358 -0.0882, -0.2444 0.1271 -0.0902, -0.3336 0.1233 -0.2162, -0.3249 0.1107 -0.2233, -0.3198 0.1023 -0.227, -0.4618 0.2203 0.0029, -0.4393 0.2173 -0.0199, -0.4318 0.2158 -0.0274, -0.411 0.2101 -0.0479, -0.3914 0.2026 -0.0668, -0.3731 0.1935 -0.0842, -0.369 0.1912 -0.0881, -0.353 0.1809 -0.1028, -0.3385 0.1697 -0.1158, -0.3256 0.1577 -0.127, -0.3223 0.1544 -0.1298, -0.3115 0.1422 -0.1385, -0.3021 0.1299 -0.1456, -0.2939 0.1175 -0.151, -0.2891 0.1094 -0.1537, -0.2828 0.0973 -0.1565, -0.313 0.0896 -0.2309, -0.3073 0.0768 -0.2331, -0.0459 0.1463 -0.0019, -0.0538 0.1438 -0.0035, -0.1006 0.1518 -0.0109, -0.0904 0.132 -0.011, -0.0936 0.1309 -0.0117, -0.1163 0.1236 -0.0204, -0.1704 0.1242 -0.0428, -0.1392 0.1162 -0.0294, -0.1623 0.1088 -0.0431, -0.1742 0.105 -0.0502, -0.1815 0.1026 -0.0546, -0.1249 0.1897 -0.0076, -0.1789 0.1394 -0.0422, -0.2306 0.1015 -0.0929, -0.2193 0.0904 -0.0866, -0.2244 0.0888 -0.0926, -0.2517 0.08 -0.1246, -0.1344 0.2018 -0.0055, -0.1885 0.1545 -0.0404, -0.2371 0.1143 -0.0922, -0.2773 0.0853 -0.1578, -0.2645 0.0759 -0.1457, -0.2719 0.0735 -0.1579, -0.2778 0.0716 -0.1677, -0.2936 0.0665 -0.2062, -0.297 0.0654 -0.2146, -0.3015 0.0639 -0.2337, -0.3087 0.0616 -0.2641, -0.5044 -0.2033 -0.0231, -0.4807 -0.2211 0.0225, -0.1745 -0.1049 -0.0497, -0.1622 -0.1088 -0.0433, -0.1655 -0.1144 -0.0426, -0.0539 -0.1437 -0.003, -0.1166 -0.1235 -0.0195, -0.09 -0.1321 -0.0125, -0.0941 -0.1394 -0.0109, -0.2248 -0.0887 -0.0922, -0.2941 -0.0663 -0.2059, -0.2714 -0.0736 -0.158, -0.2742 -0.0778 -0.1578, -0.3098 -0.0613 -0.2718, -0.3008 -0.0642 -0.2339, -0.3041 -0.0685 -0.2335, -0.103 -0.156 -0.0108, -0.1147 -0.1751 -0.0095, -0.3085 -0.0796 -0.2328, -0.3144 -0.0924 -0.2302, -0.1279 -0.1936 -0.007, -0.1428 -0.2116 -0.0033, -0.1459 -0.215 -0.0024, -0.163 -0.2324 0.0029, -0.3214 -0.105 -0.2259, -0.3294 -0.1175 -0.2197, -0.3311 -0.1199 -0.2183, -0.3407 -0.1321 -0.2098, -0.1817 -0.2488 0.0096, -0.3514 -0.1438 -0.1996, -0.3633 -0.155 -0.1875, -0.2022 -0.2641 0.0176, -0.2245 -0.2781 0.027, -0.23 -0.2812 0.0294, -0.2551 -0.2937 0.041, -0.2817 -0.3043 0.0539, -0.3765 -0.1654 -0.1736, -0.3798 -0.1677 -0.1701, -0.3949 -0.1772 -0.1535, -0.4112 -0.1855 -0.1352, -0.3096 -0.3127 0.0683, -0.3389 -0.3189 0.0841, -0.4285 -0.1924 -0.1154, -0.4468 -0.1978 -0.0938, -0.4638 -0.2012 -0.0735, -0.3976 -0.3236 0.118, -0.3659 -0.3223 0.0993, -0.4296 -0.3219 0.1378, -0.4428 -0.2813 0.1042, -0.4142 -0.2812 0.0839, -0.3862 -0.2784 0.0648, -0.3627 -0.2739 0.0493, -0.3374 -0.2668 0.0333, -0.3136 -0.2578 0.0188, -0.2913 -0.2472 0.0059, -0.2706 -0.235 -0.0055, -0.2661 -0.232 -0.0079, -0.2481 -0.2189 -0.0171, -0.2319 -0.205 -0.0247, -0.2173 -0.1906 -0.031, -0.2042 -0.1756 -0.0359, -0.2019 -0.1727 -0.0367, -0.1907 -0.1577 -0.0399, -0.1808 -0.1426 -0.0419, -0.1722 -0.1275 -0.0428, -0.46 -0.2473 0.0654, -0.4346 -0.2463 0.0438, -0.4099 -0.2427 0.0235, -0.3893 -0.2378 0.0069, -0.3673 -0.2305 -0.0102, -0.3468 -0.2216 -0.0258, -0.3278 -0.2112 -0.0397, -0.3104 -0.1996 -0.0521, -0.3066 -0.1968 -0.0546, -0.2918 -0.1845 -0.0646, -0.2786 -0.1718 -0.073, -0.2669 -0.1588 -0.0798, -0.2566 -0.1455 -0.0851, -0.2548 -0.143 -0.086, -0.2461 -0.1299 -0.0896, -0.2386 -0.117 -0.0919, -0.232 -0.1043 -0.0928, -0.2269 -0.0934 -0.0926, -0.2653 -0.0756 -0.1452, -0.4581 -0.22 -0.0009, -0.4361 -0.2167 -0.0232, -0.4177 -0.2122 -0.0414, -0.3981 -0.2054 -0.0605, -0.3798 -0.1971 -0.0779, -0.3629 -0.1875 -0.0937, -0.3474 -0.1768 -0.1079, -0.3441 -0.1742 -0.1108, -0.3309 -0.1628 -0.1225, -0.3192 -0.151 -0.1324, -0.3088 -0.1389 -0.1406, -0.2998 -0.1265 -0.1472, -0.2982 -0.1242 -0.1483, -0.2906 -0.112 -0.1529, -0.2841 -0.0999 -0.156, -0.2784 -0.0879 -0.1576, -0.4839 -0.2032 -0.0488, -0.287 0.0375 -0.2059, -0.1033 0.0699 -0.0195, -0.3002 0.0004 -0.2718, -0.3032 0.0347 -0.2718, -0.3031 -0.0339 -0.2718, -0.2868 -0.0367 -0.2059, -0.257 -0.0419 -0.1452, -0.2151 -0.0491 -0.0922, -0.163 -0.0581 -0.0497, -0.103 -0.0684 -0.0195, 0.0 -0.0883 -0.0, 0.0 -0.1059 -0.0, -0.0381 -0.0796 -0.003, -0.0313 0.0009 -0.003, 0.0 0.0 -0.0002, 0.0 -0.0864 -0.0, 0.0 0.1059 -0.0, 0.0 0.0883 -0.0, -0.0384 0.0813 -0.003, 0.0 0.0864 -0.0, -0.1632 0.0593 -0.0497, -0.2153 0.0501 -0.0922, -0.2572 0.0428 -0.1452, -0.2244 0.0888 -0.0926, -0.2837 0.0004 -0.2059, -0.2535 0.0005 -0.1452, -0.2109 0.0005 -0.0922, -0.158 0.0006 -0.0497, -0.0972 0.0008 -0.0195, 0.3093 -0.0614 -0.2719, 0.112 -0.171 -0.0099, 0.462 -0.3171 0.1585, 0.4353 -0.3213 0.1414, 0.4669 -0.2978 0.142, 0.4719 -0.2785 0.1255, 0.5251 -0.2012 0.0035, 0.5145 -0.2105 0.0252, 0.4848 -0.221 0.0268, 0.508 -0.2031 -0.0185, 0.4872 -0.2034 -0.0446, 0.3706 -0.3227 0.1021, 0.4028 -0.3235 0.1212, 0.3597 -0.3217 0.0958, 0.3291 -0.3171 0.0787, 0.2996 -0.31 0.063, 0.4667 -0.2016 -0.0698, 0.4599 -0.2005 -0.0781, 0.4406 -0.1962 -0.1011, 0.4222 -0.1901 -0.1226, 0.2712 -0.3004 0.0487, 0.2647 -0.2978 0.0456, 0.4047 -0.1825 -0.1425, 0.4008 -0.1804 -0.147, 0.3852 -0.1714 -0.1641, 0.2391 -0.2861 0.0335, 0.2153 -0.2726 0.023, 0.193 -0.2575 0.0139, 0.1873 -0.2532 0.0117, 0.168 -0.237 0.0046, 0.371 -0.1613 -0.1795, 0.3579 -0.1502 -0.1931, 0.3546 -0.147 -0.1964, 0.3435 -0.1354 -0.2072, 0.1504 -0.2199 -0.0011, 0.4859 -0.2457 0.0879, 0.4479 -0.281 0.1079, 0.4189 -0.2814 0.0872, 0.3904 -0.2789 0.0676, 0.3808 -0.2775 0.0612, 0.3542 -0.2718 0.0438, 0.3288 -0.2638 0.028, 0.3048 -0.2539 0.0136, 0.2993 -0.2513 0.0105, 0.2781 -0.2397 -0.0015, 0.2586 -0.2268 -0.0118, 0.2408 -0.2129 -0.0206, 0.2363 -0.209 -0.0227, 0.2212 -0.1946 -0.0294, 0.2077 -0.1798 -0.0347, 0.1956 -0.1645 -0.0386, 0.5039 -0.2197 0.0469, 0.4645 -0.2472 0.0693, 0.4388 -0.2466 0.0473, 0.4136 -0.2434 0.0265, 0.4052 -0.2418 0.0197, 0.3819 -0.2356 0.0011, 0.3599 -0.2275 -0.0159, 0.3392 -0.2177 -0.0314, 0.3346 -0.2152 -0.0348, 0.3166 -0.204 -0.0477, 0.3004 -0.1919 -0.0589, 0.2858 -0.179 -0.0685, 0.2821 -0.1754 -0.0708, 0.27 -0.1624 -0.0781, 0.2593 -0.1492 -0.0838, 0.2499 -0.1358 -0.0882, 0.2444 -0.1271 -0.0902, 0.3336 -0.1233 -0.2162, 0.3249 -0.1107 -0.2233, 0.3198 -0.1023 -0.227, 0.4618 -0.2203 0.0029, 0.4393 -0.2173 -0.0199, 0.4318 -0.2158 -0.0274, 0.411 -0.2101 -0.0479, 0.3914 -0.2026 -0.0668, 0.3731 -0.1935 -0.0842, 0.369 -0.1912 -0.0881, 0.353 -0.1809 -0.1028, 0.3385 -0.1697 -0.1158, 0.3256 -0.1577 -0.127, 0.3223 -0.1544 -0.1298, 0.3115 -0.1422 -0.1385, 0.3021 -0.1299 -0.1456, 0.2939 -0.1175 -0.151, 0.2891 -0.1094 -0.1537, 0.2828 -0.0973 -0.1565, 0.313 -0.0896 -0.2309, 0.3073 -0.0768 -0.2331, 0.0459 -0.1463 -0.0019, 0.0538 -0.1438 -0.0035, 0.1006 -0.1518 -0.0109, 0.0904 -0.132 -0.011, 0.0936 -0.1309 -0.0117, 0.1163 -0.1236 -0.0204, 0.1704 -0.1242 -0.0428, 0.1392 -0.1162 -0.0294, 0.1623 -0.1088 -0.0431, 0.1742 -0.105 -0.0502, 0.1815 -0.1026 -0.0546, 0.1249 -0.1897 -0.0076, 0.1789 -0.1394 -0.0422, 0.2306 -0.1015 -0.0929, 0.2193 -0.0904 -0.0866, 0.2244 -0.0888 -0.0926, 0.2517 -0.08 -0.1246, 0.1344 -0.2018 -0.0055, 0.1885 -0.1545 -0.0404, 0.2371 -0.1143 -0.0922, 0.2773 -0.0853 -0.1578, 0.2645 -0.0759 -0.1457, 0.2719 -0.0735 -0.1579, 0.2778 -0.0716 -0.1677, 0.2936 -0.0665 -0.2062, 0.297 -0.0654 -0.2146, 0.3015 -0.0639 -0.2337, 0.3087 -0.0616 -0.2641, 0.3002 -0.0004 -0.2718, 0.287 -0.0375 -0.2059, 0.1033 -0.0699 -0.0195, 0.0384 -0.0813 -0.003, 0.1632 -0.0593 -0.0497, 0.2153 -0.0501 -0.0922, 0.2572 -0.0428 -0.1452, 0.2244 -0.0888 -0.0926, 0.3032 -0.0347 -0.2718, 0.3031 0.0339 -0.2718, 0.3073 0.0621 -0.2722, 0.3024 0.0637 -0.2334, 0.2868 0.0367 -0.2059, 0.1627 0.1087 -0.0422, 0.1736 0.1052 -0.0509, 0.163 0.0581 -0.0497, 0.2248 0.0887 -0.0922, 0.2151 0.0491 -0.0922, 0.2642 0.076 -0.1461, 0.257 0.0419 -0.1452, 0.2725 0.0733 -0.1575, 0.2919 0.067 -0.2069, 0.0381 0.0796 -0.003, 0.1157 0.1238 -0.0217, 0.103 0.0684 -0.0195, 0.0904 0.132 -0.0107, 0.0536 0.1438 -0.0056, 0.0313 -0.0009 -0.003, 0.2837 -0.0004 -0.2059, 0.2535 -0.0005 -0.1452, 0.2109 -0.0005 -0.0922, 0.158 -0.0006 -0.0497, 0.0972 -0.0008 -0.0195, 0.4939 -0.2903 0.1612, 0.6903 -0.0 0.2968, 0.6731 -0.0 0.2341, 0.6903 -0.0028 0.2968, 0.6691 -0.002 0.1691, 0.6685 -0.017 0.1687, 0.6895 -0.0239 0.2963, 0.6863 -0.0525 0.2941, 0.6807 -0.0806 0.2902, 0.6727 -0.1083 0.2847, 0.6663 -0.0374 0.1668, 0.6625 -0.0574 0.1637, 0.657 -0.0771 0.1591, 0.6652 -0.1282 0.2796, 0.6534 -0.1537 0.2714, 0.6394 -0.1778 0.2617, 0.6233 -0.2004 0.2505, 0.6064 -0.22 0.2387, 0.6519 -0.0913 0.1548, 0.6438 -0.1094 0.1478, 0.6342 -0.1265 0.1396, 0.6231 -0.1426 0.1299, 0.6115 -0.1565 0.1195, 0.5867 -0.2388 0.225, 0.5653 -0.2554 0.2102, 0.5979 -0.1698 0.1073, 0.5832 -0.1815 0.0936, 0.5422 -0.2698 0.1943, 0.5672 -0.1915 0.0785, 0.5201 -0.2806 0.1791, 0.5091 -0.241 0.1067, 0.5311 -0.2336 0.1244, 0.5496 -0.225 0.1391, 0.5689 -0.2134 0.1544, 0.5867 -0.1997 0.1683, 0.6031 -0.1842 0.181, 0.6173 -0.1679 0.1919, 0.6307 -0.149 0.2022, 0.6423 -0.1289 0.211, 0.6522 -0.1075 0.2185, 0.6584 -0.0908 0.2231, 0.6651 -0.0677 0.2281, 0.6697 -0.044 0.2316, 0.6724 -0.0201 0.2336, 0.673 -0.0024 0.2341, 0.6691 -0.0 0.1691, 0.5335 -0.2053 0.0454, 0.5519 -0.1989 0.0637, 0.5145 0.2105 0.0252, 0.5251 0.2012 0.0035, 0.5044 0.2033 -0.0231, 0.4859 0.2457 0.0879, 0.5039 0.2197 0.0469, 0.4807 0.2211 0.0225, 0.3041 0.0685 -0.2335, 0.2742 0.0778 -0.1578, 0.1655 0.1144 -0.0426, 0.0941 0.1394 -0.0109, 0.103 0.156 -0.0108, 0.1147 0.1751 -0.0095, 0.3085 0.0796 -0.2328, 0.3144 0.0924 -0.2302, 0.1279 0.1936 -0.007, 0.1428 0.2116 -0.0033, 0.1459 0.215 -0.0024, 0.163 0.2324 0.0029, 0.3214 0.105 -0.2259, 0.3294 0.1175 -0.2197, 0.3311 0.1199 -0.2183, 0.3407 0.1321 -0.2098, 0.1817 0.2488 0.0096, 0.3514 0.1438 -0.1996, 0.3633 0.155 -0.1875, 0.2022 0.2641 0.0176, 0.2245 0.2781 0.027, 0.23 0.2812 0.0294, 0.2551 0.2937 0.041, 0.2817 0.3043 0.0539, 0.3765 0.1654 -0.1736, 0.3798 0.1677 -0.1701, 0.3949 0.1772 -0.1535, 0.4112 0.1855 -0.1352, 0.3096 0.3127 0.0683, 0.3389 0.3189 0.0841, 0.4285 0.1924 -0.1154, 0.4468 0.1978 -0.0938, 0.4638 0.2012 -0.0735, 0.3976 0.3236 0.118, 0.3659 0.3223 0.0993, 0.462 0.3171 0.1585, 0.4296 0.3219 0.1378, 0.4669 0.2978 0.142, 0.4428 0.2813 0.1042, 0.4142 0.2812 0.0839, 0.3862 0.2784 0.0648, 0.3627 0.2739 0.0493, 0.3374 0.2668 0.0333, 0.3136 0.2578 0.0188, 0.2913 0.2472 0.0059, 0.2706 0.235 -0.0055, 0.2661 0.232 -0.0079, 0.2481 0.2189 -0.0171, 0.2319 0.205 -0.0247, 0.2173 0.1906 -0.031, 0.2042 0.1756 -0.0359, 0.2019 0.1727 -0.0367, 0.1907 0.1577 -0.0399, 0.1808 0.1426 -0.0419, 0.1722 0.1275 -0.0428, 0.4719 0.2785 0.1255, 0.46 0.2473 0.0654, 0.4346 0.2463 0.0438, 0.4099 0.2427 0.0235, 0.3893 0.2378 0.0069, 0.3673 0.2305 -0.0102, 0.3468 0.2216 -0.0258, 0.3278 0.2112 -0.0397, 0.3104 0.1996 -0.0521, 0.3066 0.1968 -0.0546, 0.2918 0.1845 -0.0646, 0.2786 0.1718 -0.073, 0.2669 0.1588 -0.0798, 0.2566 0.1455 -0.0851, 0.2548 0.143 -0.086, 0.2461 0.1299 -0.0896, 0.2386 0.117 -0.0919, 0.232 0.1043 -0.0928, 0.2269 0.0934 -0.0926, 0.4581 0.22 -0.0009, 0.4361 0.2167 -0.0232, 0.4177 0.2122 -0.0414, 0.3981 0.2054 -0.0605, 0.3798 0.1971 -0.0779, 0.3629 0.1875 -0.0937, 0.3474 0.1768 -0.1079, 0.3441 0.1742 -0.1108, 0.3309 0.1628 -0.1225, 0.3192 0.151 -0.1324, 0.3088 0.1389 -0.1406, 0.2998 0.1265 -0.1472, 0.2982 0.1242 -0.1483, 0.2906 0.112 -0.1529, 0.2841 0.0999 -0.156, 0.2784 0.0879 -0.1576, 0.4839 0.2032 -0.0488, 0.6854 0.0575 0.2935, 0.6794 0.0855 0.2894, 0.528 0.2068 0.0397, 0.4859 0.2926 0.1558, 0.4953 0.2899 0.1622, 0.5215 0.2801 0.1801, 0.5529 0.1985 0.0646, 0.5346 0.205 0.0464, 0.57 0.1899 0.0812, 0.5462 0.2676 0.1971, 0.5695 0.2524 0.2132, 0.5785 0.2456 0.2194, 0.5923 0.1746 0.1021, 0.5861 0.1794 0.0964, 0.5989 0.2276 0.2335, 0.6175 0.2075 0.2464, 0.6307 0.1319 0.1366, 0.6191 0.1477 0.1264, 0.6063 0.1619 0.1149, 0.6344 0.1853 0.2582, 0.6417 0.1742 0.2632, 0.6553 0.1499 0.2727, 0.653 0.0884 0.1557, 0.6451 0.1067 0.149, 0.6357 0.124 0.1409, 0.6762 0.097 0.2872, 0.6669 0.1241 0.2807, 0.5024 0.2426 0.1014, 0.5103 0.2406 0.1077, 0.5323 0.2331 0.1254, 0.5529 0.2232 0.1418, 0.5724 0.2109 0.1571, 0.5799 0.2053 0.163, 0.5969 0.1905 0.1762, 0.6124 0.1738 0.1882, 0.6265 0.1553 0.199, 0.6326 0.1461 0.2036, 0.6439 0.1257 0.2123, 0.6536 0.1042 0.2195, 0.6614 0.0814 0.2254, 0.664 0.0718 0.2274, 0.6595 0.0691 0.1611, 0.6616 0.0609 0.163, 0.6658 0.041 0.1664, 0.6891 0.029 0.296, 0.672 0.0243 0.2333, 0.669 0.0483 0.2311, 0.6683 0.0207 0.1684, 0.6882 0.0504 -0.3578, 0.6687 0.0974 -0.3578, 0.6378 0.1378 -0.3578, 0.5974 0.1687 -0.3578, 0.5504 0.1882 -0.3578, 0.5 0.1948 -0.3578, 0.4496 0.1882 -0.3578, 0.4026 0.1687 -0.3578, 0.3622 0.1378 -0.3578, 0.3313 0.0974 -0.3578, 0.3118 0.0504 -0.3578, 0.3052 0.0 -0.3578, 0.3118 -0.0504 -0.3578, 0.3313 -0.0974 -0.3578, 0.3622 -0.1378 -0.3578, 0.4026 -0.1687 -0.3578, 0.4496 -0.1882 -0.3578, 0.5 -0.1948 -0.3578, 0.5504 -0.1882 -0.3578, 0.5974 -0.1687 -0.3578, 0.6378 -0.1378 -0.3578, 0.6687 -0.0974 -0.3578, 0.6882 -0.0504 -0.3578, 0.6948 0.0 -0.3578, 0.6825 0.0489 -0.3721, 0.6636 0.0945 -0.3721, 0.6336 0.1336 -0.3721, 0.5945 0.1636 -0.3721, 0.5489 0.1825 -0.3721, 0.5 0.1889 -0.3721, 0.4511 0.1825 -0.3721, 0.4055 0.1636 -0.3721, 0.3664 0.1336 -0.3721, 0.3364 0.0945 -0.3721, 0.3175 0.0489 -0.3721, 0.3111 0.0 -0.3721, 0.3175 -0.0489 -0.3721, 0.3364 -0.0945 -0.3721, 0.3664 -0.1336 -0.3721, 0.4055 -0.1636 -0.3721, 0.4511 -0.1825 -0.3721, 0.5 -0.1889 -0.3721, 0.5489 -0.1825 -0.3721, 0.5945 -0.1636 -0.3721, 0.6336 -0.1336 -0.3721, 0.6636 -0.0945 -0.3721, 0.6825 -0.0489 -0.3721, 0.6889 0.0 -0.3721, 0.6734 0.0465 -0.3843, 0.6555 0.0898 -0.3843, 0.627 0.127 -0.3843, 0.5898 0.1555 -0.3843, 0.5465 0.1734 -0.3843, 0.5 0.1796 -0.3843, 0.4535 0.1734 -0.3843, 0.4102 0.1555 -0.3843, 0.373 0.127 -0.3843, 0.3445 0.0898 -0.3843, 0.3266 0.0465 -0.3843, 0.3204 0.0 -0.3843, 0.3266 -0.0465 -0.3843, 0.3445 -0.0898 -0.3843, 0.373 -0.127 -0.3843, 0.4102 -0.1555 -0.3843, 0.4535 -0.1734 -0.3843, 0.5 -0.1796 -0.3843, 0.5465 -0.1734 -0.3843, 0.5898 -0.1555 -0.3843, 0.627 -0.127 -0.3843, 0.6555 -0.0898 -0.3843, 0.6734 -0.0465 -0.3843, 0.6796 0.0 -0.3843, 0.6616 0.0433 -0.3937, 0.6449 0.0837 -0.3937, 0.6183 0.1183 -0.3937, 0.5837 0.1449 -0.3937, 0.5433 0.1616 -0.3937, 0.5 0.1673 -0.3937, 0.4567 0.1616 -0.3937, 0.4163 0.1449 -0.3937, 0.3817 0.1183 -0.3937, 0.3551 0.0837 -0.3937, 0.3384 0.0433 -0.3937, 0.3327 0.0 -0.3937, 0.3384 -0.0433 -0.3937, 0.3551 -0.0837 -0.3937, 0.3817 -0.1183 -0.3937, 0.4163 -0.1449 -0.3937, 0.4567 -0.1616 -0.3937, 0.5 -0.1673 -0.3937, 0.5433 -0.1616 -0.3937, 0.5837 -0.1449 -0.3937, 0.6183 -0.1183 -0.3937, 0.6449 -0.0837 -0.3937, 0.6616 -0.0433 -0.3937, 0.6673 0.0 -0.3937, 0.6479 0.0396 -0.3996, 0.6326 0.0765 -0.3996, 0.6082 0.1082 -0.3996, 0.5765 0.1326 -0.3996, 0.5396 0.1479 -0.3996, 0.5 0.1531 -0.3996, 0.4604 0.1479 -0.3996, 0.4235 0.1326 -0.3996, 0.3918 0.1082 -0.3996, 0.3674 0.0765 -0.3996, 0.3521 0.0396 -0.3996, 0.3469 0.0 -0.3996, 0.3521 -0.0396 -0.3996, 0.3674 -0.0765 -0.3996, 0.3918 -0.1082 -0.3996, 0.4235 -0.1326 -0.3996, 0.4604 -0.1479 -0.3996, 0.5 -0.1531 -0.3996, 0.5396 -0.1479 -0.3996, 0.5765 -0.1326 -0.3996, 0.6082 -0.1082 -0.3996, 0.6326 -0.0765 -0.3996, 0.6479 -0.0396 -0.3996, 0.6531 0.0 -0.3996, -0.3118 0.0504 -0.3578, -0.3313 0.0974 -0.3578, -0.3622 0.1378 -0.3578, -0.4026 0.1687 -0.3578, -0.4496 0.1882 -0.3578, -0.5 0.1948 -0.3578, -0.5504 0.1882 -0.3578, -0.5974 0.1687 -0.3578, -0.6378 0.1378 -0.3578, -0.6687 0.0974 -0.3578, -0.6882 0.0504 -0.3578, -0.6948 0.0 -0.3578, -0.6882 -0.0504 -0.3578, -0.6687 -0.0974 -0.3578, -0.6378 -0.1378 -0.3578, -0.5974 -0.1687 -0.3578, -0.5504 -0.1882 -0.3578, -0.5 -0.1948 -0.3578, -0.4496 -0.1882 -0.3578, -0.4026 -0.1687 -0.3578, -0.3622 -0.1378 -0.3578, -0.3313 -0.0974 -0.3578, -0.3118 -0.0504 -0.3578, -0.3052 0.0 -0.3578, -0.3175 0.0489 -0.3721, -0.3364 0.0945 -0.3721, -0.3664 0.1336 -0.3721, -0.4055 0.1636 -0.3721, -0.4511 0.1825 -0.3721, -0.5 0.1889 -0.3721, -0.5489 0.1825 -0.3721, -0.5945 0.1636 -0.3721, -0.6336 0.1336 -0.3721, -0.6636 0.0945 -0.3721, -0.6825 0.0489 -0.3721, -0.6889 0.0 -0.3721, -0.6825 -0.0489 -0.3721, -0.6636 -0.0945 -0.3721, -0.6336 -0.1336 -0.3721, -0.5945 -0.1636 -0.3721, -0.5489 -0.1825 -0.3721, -0.5 -0.1889 -0.3721, -0.4511 -0.1825 -0.3721, -0.4055 -0.1636 -0.3721, -0.3664 -0.1336 -0.3721, -0.3364 -0.0945 -0.3721, -0.3175 -0.0489 -0.3721, -0.3111 0.0 -0.3721, -0.3266 0.0465 -0.3843, -0.3445 0.0898 -0.3843, -0.373 0.127 -0.3843, -0.4102 0.1555 -0.3843, -0.4535 0.1734 -0.3843, -0.5 0.1796 -0.3843, -0.5465 0.1734 -0.3843, -0.5898 0.1555 -0.3843, -0.627 0.127 -0.3843, -0.6555 0.0898 -0.3843, -0.6734 0.0465 -0.3843, -0.6796 0.0 -0.3843, -0.6734 -0.0465 -0.3843, -0.6555 -0.0898 -0.3843, -0.627 -0.127 -0.3843, -0.5898 -0.1555 -0.3843, -0.5465 -0.1734 -0.3843, -0.5 -0.1796 -0.3843, -0.4535 -0.1734 -0.3843, -0.4102 -0.1555 -0.3843, -0.373 -0.127 -0.3843, -0.3445 -0.0898 -0.3843, -0.3266 -0.0465 -0.3843, -0.3204 0.0 -0.3843, -0.3384 0.0433 -0.3937, -0.3551 0.0837 -0.3937, -0.3817 0.1183 -0.3937, -0.4163 0.1449 -0.3937, -0.4567 0.1616 -0.3937, -0.5 0.1673 -0.3937, -0.5433 0.1616 -0.3937, -0.5837 0.1449 -0.3937, -0.6183 0.1183 -0.3937, -0.6449 0.0837 -0.3937, -0.6616 0.0433 -0.3937, -0.6673 0.0 -0.3937, -0.6616 -0.0433 -0.3937, -0.6449 -0.0837 -0.3937, -0.6183 -0.1183 -0.3937, -0.5837 -0.1449 -0.3937, -0.5433 -0.1616 -0.3937, -0.5 -0.1673 -0.3937, -0.4567 -0.1616 -0.3937, -0.4163 -0.1449 -0.3937, -0.3817 -0.1183 -0.3937, -0.3551 -0.0837 -0.3937, -0.3384 -0.0433 -0.3937, -0.3327 0.0 -0.3937, -0.3521 0.0396 -0.3996, -0.3674 0.0765 -0.3996, -0.3918 0.1082 -0.3996, -0.4235 0.1326 -0.3996, -0.4604 0.1479 -0.3996, -0.5 0.1531 -0.3996, -0.5396 0.1479 -0.3996, -0.5765 0.1326 -0.3996, -0.6082 0.1082 -0.3996, -0.6326 0.0765 -0.3996, -0.6479 0.0396 -0.3996, -0.6531 0.0 -0.3996, -0.6479 -0.0396 -0.3996, -0.6326 -0.0765 -0.3996, -0.6082 -0.1082 -0.3996, -0.5765 -0.1326 -0.3996, -0.5396 -0.1479 -0.3996, -0.5 -0.1531 -0.3996, -0.4604 -0.1479 -0.3996, -0.4235 -0.1326 -0.3996, -0.3918 -0.1082 -0.3996, -0.3674 -0.0765 -0.3996, -0.3521 -0.0396 -0.3996, -0.3469 0.0 -0.3996, -0.3469 0.0 -0.3996
            ]
        }
        coordIndex [
            0,1,2,-1,2,1,3,-1,4,5,6,-1,7,8,9,-1,10,11,12,-1,13,14,15,-1,16,17,18,-1,19,20,21,-1,22,23,24,-1,25,26,27,-1,28,29,30,-1,31,32,33,-1,34,35,36,-1,37,38,39,-1,40,41,42,-1,43,44,45,-1,46,47,48,-1,48,47,49,-1,48,49,50,-1,50,49,51,-1,51,49,52,-1,51,52,53,-1,54,55,56,-1,56,55,57,-1,56,57,58,-1,58,57,59,-1,58,59,60,-1,54,56,61,-1,61,56,62,-1,61,62,63,-1,64,65,66,-1,66,65,67,-1,66,67,62,-1,62,67,68,-1,62,68,63,-1,69,70,71,-1,71,70,72,-1,71,72,73,-1,73,72,74,-1,73,74,75,-1,69,71,76,-1,76,71,77,-1,76,77,78,-1,43,79,44,-1,44,79,80,-1,44,80,81,-1,81,80,82,-1,81,82,83,-1,84,85,86,-1,86,87,84,-1,84,87,88,-1,84,88,89,-1,85,84,90,-1,90,84,91,-1,90,91,92,-1,93,94,95,-1,95,94,96,-1,95,96,97,-1,97,96,98,-1,97,98,99,-1,100,101,102,-1,102,101,103,-1,102,103,104,-1,105,106,107,-1,107,106,108,-1,107,108,109,-1,109,108,110,-1,109,110,102,-1,102,110,111,-1,102,111,100,-1,112,113,114,-1,114,113,115,-1,114,115,107,-1,107,115,116,-1,107,116,105,-1,117,112,118,-1,117,118,3,-1,118,119,120,-1,3,118,2,-1,2,118,120,-1,2,120,0,-1,121,122,123,-1,123,122,124,-1,123,124,42,-1,42,124,125,-1,42,125,40,-1,39,126,127,-1,127,126,128,-1,127,128,123,-1,123,128,129,-1,123,129,121,-1,38,130,39,-1,39,130,131,-1,39,131,126,-1,132,133,134,-1,134,133,135,-1,134,135,136,-1,136,135,36,-1,136,36,137,-1,137,36,35,-1,138,33,139,-1,32,140,33,-1,33,140,141,-1,33,141,139,-1,142,143,144,-1,144,143,30,-1,144,30,145,-1,145,30,29,-1,146,147,148,-1,148,147,149,-1,148,149,150,-1,26,151,27,-1,27,151,152,-1,27,152,149,-1,149,152,153,-1,149,153,150,-1,154,155,156,-1,156,155,157,-1,156,157,158,-1,158,157,159,-1,159,157,160,-1,160,157,161,-1,160,161,162,-1,163,164,161,-1,161,164,165,-1,161,165,162,-1,166,167,163,-1,163,167,168,-1,163,168,164,-1,169,170,171,-1,171,170,172,-1,171,172,173,-1,174,175,176,-1,176,175,177,-1,176,177,178,-1,174,179,175,-1,175,179,180,-1,175,180,172,-1,172,180,181,-1,172,181,173,-1,178,177,182,-1,182,177,183,-1,182,183,184,-1,185,186,187,-1,187,186,188,-1,187,188,189,-1,189,188,190,-1,189,190,191,-1,185,187,192,-1,192,187,193,-1,192,193,194,-1,195,196,197,-1,197,196,198,-1,197,198,193,-1,193,198,199,-1,193,199,194,-1,200,201,202,-1,202,201,203,-1,202,203,204,-1,204,203,205,-1,204,205,206,-1,200,202,207,-1,207,202,208,-1,207,208,209,-1,22,210,23,-1,23,210,211,-1,23,211,212,-1,212,211,213,-1,212,213,214,-1,215,216,217,-1,217,218,215,-1,215,218,219,-1,215,219,220,-1,216,215,221,-1,221,215,222,-1,221,222,223,-1,224,225,226,-1,226,225,227,-1,226,227,228,-1,228,227,229,-1,228,229,230,-1,231,232,233,-1,233,232,234,-1,233,234,235,-1,236,237,238,-1,238,237,239,-1,238,239,240,-1,240,239,241,-1,240,241,233,-1,233,241,242,-1,233,242,231,-1,243,244,245,-1,245,244,246,-1,245,246,238,-1,238,246,247,-1,238,247,236,-1,248,243,249,-1,248,249,250,-1,249,251,252,-1,250,249,253,-1,253,249,252,-1,253,252,254,-1,255,256,257,-1,257,258,255,-1,255,258,259,-1,255,259,21,-1,21,259,260,-1,21,260,19,-1,256,255,261,-1,261,255,262,-1,261,262,263,-1,264,265,266,-1,266,265,267,-1,266,267,263,-1,17,268,269,-1,264,266,270,-1,270,266,271,-1,270,271,272,-1,273,274,18,-1,18,274,275,-1,18,275,16,-1,276,277,278,-1,278,277,279,-1,278,279,280,-1,276,278,14,-1,14,278,281,-1,14,281,15,-1,11,282,12,-1,12,282,283,-1,12,283,15,-1,15,283,284,-1,15,284,13,-1,285,286,287,-1,287,286,288,-1,287,288,289,-1,8,290,9,-1,9,290,291,-1,9,291,288,-1,288,291,292,-1,288,292,289,-1,293,294,295,-1,295,294,296,-1,295,296,297,-1,297,296,298,-1,298,296,299,-1,299,296,300,-1,299,300,301,-1,302,303,300,-1,300,303,304,-1,300,304,301,-1,305,306,302,-1,302,306,307,-1,302,307,303,-1,308,309,310,-1,310,309,311,-1,310,311,312,-1,46,313,47,-1,47,313,314,-1,47,314,311,-1,311,314,315,-1,311,315,312,-1,316,317,318,-1,60,53,58,-1,58,53,52,-1,58,52,56,-1,56,52,319,-1,56,319,62,-1,62,319,320,-1,62,320,66,-1,66,320,321,-1,66,321,322,-1,322,321,323,-1,322,323,324,-1,324,323,325,-1,324,325,326,-1,326,325,327,-1,326,327,328,-1,328,327,329,-1,328,329,330,-1,330,329,331,-1,330,331,332,-1,332,331,333,-1,332,333,334,-1,334,333,335,-1,334,335,336,-1,336,335,337,-1,336,337,338,-1,338,337,316,-1,339,340,341,-1,341,340,342,-1,341,342,343,-1,343,342,344,-1,343,344,345,-1,345,344,346,-1,345,346,347,-1,347,346,348,-1,347,348,349,-1,349,348,350,-1,349,350,351,-1,351,350,352,-1,351,352,353,-1,353,352,354,-1,353,354,355,-1,355,354,356,-1,355,356,357,-1,357,356,358,-1,357,358,359,-1,359,358,360,-1,359,360,155,-1,155,360,361,-1,155,361,157,-1,157,361,362,-1,157,362,161,-1,161,362,363,-1,161,363,163,-1,163,363,170,-1,163,170,166,-1,166,170,169,-1,364,339,365,-1,365,339,341,-1,365,341,366,-1,366,341,343,-1,366,343,367,-1,367,343,345,-1,367,345,368,-1,368,345,347,-1,368,347,369,-1,369,347,349,-1,369,349,370,-1,370,349,351,-1,370,351,371,-1,371,351,353,-1,371,353,372,-1,372,353,355,-1,372,355,147,-1,147,355,357,-1,147,357,149,-1,149,357,359,-1,149,359,27,-1,27,359,155,-1,27,155,25,-1,25,155,154,-1,373,374,375,-1,375,374,376,-1,375,376,377,-1,377,376,378,-1,377,378,379,-1,379,378,380,-1,379,380,381,-1,381,380,382,-1,381,382,383,-1,383,382,384,-1,383,384,138,-1,138,384,385,-1,138,385,33,-1,33,385,386,-1,33,386,31,-1,31,386,143,-1,31,143,387,-1,387,143,142,-1,374,364,376,-1,376,364,365,-1,376,365,378,-1,378,365,366,-1,378,366,380,-1,380,366,367,-1,380,367,382,-1,382,367,368,-1,382,368,384,-1,384,368,369,-1,384,369,385,-1,385,369,370,-1,385,370,386,-1,386,370,371,-1,386,371,143,-1,143,371,372,-1,143,372,30,-1,30,372,147,-1,30,147,28,-1,28,147,146,-1,132,37,133,-1,133,37,39,-1,133,39,388,-1,388,39,127,-1,388,127,389,-1,389,127,390,-1,391,392,390,-1,390,127,391,-1,391,127,123,-1,391,123,393,-1,393,123,42,-1,393,42,118,-1,118,42,41,-1,118,41,119,-1,392,373,390,-1,390,373,375,-1,390,375,389,-1,389,375,377,-1,389,377,388,-1,388,377,379,-1,388,379,133,-1,133,379,381,-1,133,381,135,-1,135,381,383,-1,135,383,36,-1,36,383,138,-1,36,138,34,-1,34,138,139,-1,89,43,84,-1,84,43,45,-1,84,45,91,-1,91,45,394,-1,91,394,395,-1,395,394,396,-1,395,396,397,-1,397,396,398,-1,397,398,399,-1,399,398,400,-1,399,400,401,-1,401,400,402,-1,99,92,97,-1,97,92,91,-1,97,91,95,-1,95,91,395,-1,95,395,93,-1,93,395,397,-1,93,397,403,-1,403,397,399,-1,403,399,404,-1,404,399,401,-1,75,64,73,-1,73,64,66,-1,73,66,71,-1,71,66,322,-1,71,322,77,-1,77,322,324,-1,77,324,405,-1,405,324,326,-1,405,326,406,-1,406,326,328,-1,406,328,407,-1,407,328,330,-1,407,330,408,-1,408,330,332,-1,408,332,409,-1,409,332,334,-1,409,334,410,-1,410,334,336,-1,410,336,411,-1,411,336,338,-1,411,402,410,-1,410,402,400,-1,410,400,409,-1,409,400,398,-1,409,398,408,-1,408,398,396,-1,408,396,407,-1,407,396,394,-1,407,394,406,-1,406,394,45,-1,406,45,405,-1,405,45,44,-1,405,44,77,-1,77,44,81,-1,77,81,78,-1,78,81,83,-1,316,318,338,-1,338,318,412,-1,338,412,411,-1,411,412,413,-1,411,413,402,-1,402,413,414,-1,402,414,401,-1,401,414,415,-1,401,415,404,-1,404,415,109,-1,404,109,403,-1,403,109,102,-1,403,102,93,-1,93,102,104,-1,93,104,94,-1,112,114,118,-1,118,114,107,-1,118,107,393,-1,393,107,109,-1,393,109,391,-1,391,109,415,-1,391,415,392,-1,392,415,414,-1,392,414,373,-1,373,414,413,-1,373,413,374,-1,374,413,412,-1,374,412,364,-1,364,412,318,-1,364,318,339,-1,339,318,317,-1,339,317,340,-1,293,7,294,-1,294,7,9,-1,294,9,416,-1,416,9,288,-1,416,288,417,-1,417,288,286,-1,417,286,418,-1,418,286,419,-1,418,419,420,-1,420,419,421,-1,420,421,422,-1,423,424,425,-1,281,421,15,-1,15,421,419,-1,15,419,12,-1,12,419,286,-1,12,286,10,-1,10,286,285,-1,422,421,426,-1,426,421,281,-1,426,281,427,-1,427,281,278,-1,427,278,273,-1,273,278,280,-1,273,280,274,-1,17,269,18,-1,18,269,428,-1,18,428,273,-1,273,428,429,-1,273,429,427,-1,427,429,425,-1,427,425,426,-1,426,425,424,-1,426,424,422,-1,423,425,430,-1,430,425,429,-1,430,429,431,-1,431,429,428,-1,431,428,432,-1,432,428,269,-1,432,269,271,-1,271,269,268,-1,271,268,272,-1,433,434,435,-1,206,195,204,-1,204,195,197,-1,204,197,202,-1,202,197,436,-1,202,436,208,-1,208,436,437,-1,208,437,438,-1,438,437,439,-1,438,439,440,-1,440,439,441,-1,440,441,442,-1,442,441,443,-1,442,443,444,-1,444,443,445,-1,444,445,446,-1,446,445,447,-1,446,447,448,-1,448,447,449,-1,448,449,450,-1,450,449,433,-1,214,209,212,-1,212,209,208,-1,212,208,23,-1,23,208,438,-1,23,438,24,-1,24,438,440,-1,24,440,451,-1,451,440,442,-1,451,442,452,-1,452,442,444,-1,452,444,453,-1,453,444,446,-1,453,446,454,-1,454,446,448,-1,454,448,455,-1,455,448,450,-1,220,22,215,-1,215,22,24,-1,215,24,222,-1,222,24,451,-1,222,451,456,-1,456,451,452,-1,456,452,457,-1,457,452,453,-1,457,453,458,-1,458,453,454,-1,458,454,459,-1,459,454,455,-1,230,223,228,-1,228,223,222,-1,228,222,226,-1,226,222,456,-1,226,456,224,-1,224,456,457,-1,224,457,460,-1,460,457,458,-1,460,458,461,-1,461,458,459,-1,262,462,463,-1,463,462,464,-1,463,464,465,-1,465,464,466,-1,465,466,467,-1,467,466,6,-1,467,6,468,-1,468,6,5,-1,468,5,469,-1,263,262,266,-1,266,262,463,-1,266,463,271,-1,271,463,465,-1,271,465,432,-1,432,465,467,-1,432,467,431,-1,431,467,468,-1,431,468,430,-1,430,468,469,-1,430,469,423,-1,470,471,472,-1,472,471,473,-1,472,473,474,-1,474,473,475,-1,474,475,476,-1,476,475,477,-1,476,477,478,-1,478,477,479,-1,478,479,4,-1,4,6,478,-1,478,6,466,-1,478,466,476,-1,476,466,464,-1,476,464,474,-1,474,464,462,-1,474,462,472,-1,472,462,262,-1,472,262,470,-1,470,262,255,-1,470,255,480,-1,480,255,21,-1,480,21,249,-1,249,21,20,-1,249,20,251,-1,433,435,450,-1,450,435,481,-1,450,481,455,-1,455,481,482,-1,455,482,459,-1,459,482,483,-1,459,483,461,-1,461,483,240,-1,461,240,460,-1,460,240,233,-1,460,233,224,-1,224,233,235,-1,224,235,225,-1,243,245,249,-1,249,245,238,-1,249,238,480,-1,480,238,240,-1,480,240,470,-1,470,240,483,-1,470,483,471,-1,471,483,482,-1,471,482,473,-1,473,482,481,-1,473,481,475,-1,475,481,435,-1,475,435,477,-1,477,435,434,-1,477,434,479,-1,484,485,486,-1,486,485,487,-1,486,487,488,-1,488,487,489,-1,488,489,490,-1,490,489,491,-1,490,491,492,-1,492,491,493,-1,492,493,494,-1,494,493,495,-1,494,495,496,-1,496,495,497,-1,496,497,498,-1,498,497,499,-1,498,499,500,-1,500,499,501,-1,500,501,502,-1,502,501,503,-1,502,503,504,-1,504,503,505,-1,504,505,506,-1,506,505,507,-1,506,507,508,-1,508,507,509,-1,508,509,510,-1,510,509,511,-1,510,511,512,-1,512,511,513,-1,512,513,514,-1,514,513,515,-1,514,515,516,-1,516,515,517,-1,516,517,518,-1,518,517,519,-1,518,519,520,-1,520,519,521,-1,520,521,522,-1,522,521,523,-1,522,523,524,-1,524,523,525,-1,524,525,526,-1,526,525,527,-1,526,527,528,-1,528,527,529,-1,528,529,530,-1,530,529,531,-1,530,531,532,-1,532,531,533,-1,532,533,534,-1,534,533,535,-1,534,535,536,-1,536,535,537,-1,536,537,538,-1,538,537,539,-1,538,539,540,-1,540,539,541,-1,540,541,542,-1,542,541,543,-1,542,543,544,-1,544,543,545,-1,544,545,546,-1,546,545,547,-1,546,547,548,-1,548,547,549,-1,548,549,550,-1,550,549,551,-1,550,551,552,-1,552,551,553,-1,552,553,554,-1,554,553,555,-1,554,555,556,-1,556,555,557,-1,556,557,558,-1,558,557,559,-1,558,559,560,-1,560,559,561,-1,560,561,562,-1,562,561,563,-1,562,563,564,-1,564,563,565,-1,564,565,566,-1,566,565,567,-1,566,567,568,-1,568,567,569,-1,568,569,570,-1,570,569,571,-1,570,571,572,-1,572,571,573,-1,572,573,574,-1,574,573,575,-1,574,575,576,-1,576,575,577,-1,576,577,578,-1,578,577,579,-1,578,579,580,-1,580,579,581,-1,580,581,582,-1,582,581,583,-1,582,583,584,-1,584,583,585,-1,584,585,586,-1,586,585,587,-1,586,587,588,-1,588,587,589,-1,588,589,590,-1,590,589,591,-1,590,591,592,-1,592,591,593,-1,592,593,594,-1,594,593,595,-1,594,595,596,-1,596,595,597,-1,596,597,598,-1,598,597,599,-1,598,599,600,-1,600,599,601,-1,600,601,602,-1,602,601,603,-1,602,603,604,-1,604,603,605,-1,604,605,606,-1,606,605,607,-1,606,607,608,-1,608,607,609,-1,608,609,610,-1,610,609,611,-1,610,611,484,-1,484,611,485,-1,612,613,614,-1,614,613,615,-1,614,615,616,-1,616,615,617,-1,616,617,618,-1,618,617,619,-1,618,619,620,-1,620,619,621,-1,620,621,622,-1,622,621,623,-1,622,623,624,-1,624,623,625,-1,624,625,626,-1,626,625,627,-1,626,627,628,-1,628,627,629,-1,628,629,630,-1,630,629,631,-1,630,631,632,-1,632,631,633,-1,632,633,634,-1,634,633,635,-1,634,635,636,-1,636,635,637,-1,636,637,638,-1,638,637,639,-1,638,639,640,-1,640,639,641,-1,640,641,642,-1,642,641,643,-1,642,643,644,-1,644,643,645,-1,644,645,646,-1,646,645,647,-1,646,647,648,-1,648,647,649,-1,648,649,650,-1,650,649,651,-1,650,651,652,-1,652,651,653,-1,652,653,654,-1,654,653,655,-1,654,655,656,-1,656,655,657,-1,656,657,658,-1,658,657,659,-1,658,659,660,-1,660,659,661,-1,660,661,662,-1,662,661,663,-1,662,663,664,-1,664,663,665,-1,664,665,666,-1,666,665,667,-1,666,667,668,-1,668,667,669,-1,668,669,670,-1,670,669,671,-1,670,671,672,-1,672,671,673,-1,672,673,674,-1,674,673,675,-1,674,675,676,-1,676,675,677,-1,676,677,678,-1,678,677,679,-1,678,679,680,-1,680,679,681,-1,680,681,682,-1,682,681,683,-1,682,683,684,-1,684,683,685,-1,684,685,686,-1,686,685,687,-1,686,687,688,-1,688,687,689,-1,688,689,690,-1,690,689,691,-1,690,691,692,-1,692,691,693,-1,692,693,694,-1,694,693,695,-1,694,695,696,-1,696,695,697,-1,696,697,698,-1,698,697,699,-1,698,699,700,-1,700,699,701,-1,700,701,702,-1,702,701,703,-1,702,703,704,-1,704,703,705,-1,704,705,706,-1,706,705,707,-1,706,707,708,-1,708,707,709,-1,708,709,710,-1,710,709,711,-1,710,711,712,-1,712,711,713,-1,712,713,714,-1,714,713,715,-1,714,715,716,-1,716,715,717,-1,716,717,718,-1,718,717,719,-1,718,719,720,-1,720,719,721,-1,720,721,722,-1,722,721,723,-1,722,723,724,-1,724,723,725,-1,724,725,726,-1,726,725,727,-1,726,727,728,-1,728,727,729,-1,728,729,730,-1,730,729,731,-1,730,731,732,-1,732,731,733,-1,732,733,734,-1,734,733,735,-1,734,735,736,-1,736,735,737,-1,736,737,738,-1,738,737,739,-1,738,739,612,-1,612,739,613,-1,613,484,615,-1,615,484,486,-1,615,486,617,-1,617,486,488,-1,617,488,619,-1,619,488,490,-1,619,490,621,-1,621,490,492,-1,621,492,623,-1,623,492,494,-1,623,494,625,-1,625,494,496,-1,625,496,627,-1,627,496,498,-1,627,498,629,-1,629,498,500,-1,629,500,631,-1,631,500,502,-1,631,502,633,-1,633,502,504,-1,633,504,635,-1,635,504,506,-1,635,506,637,-1,637,506,508,-1,637,508,639,-1,639,508,510,-1,639,510,641,-1,641,510,512,-1,641,512,643,-1,643,512,514,-1,643,514,645,-1,645,514,516,-1,645,516,647,-1,647,516,518,-1,647,518,649,-1,649,518,520,-1,649,520,651,-1,651,520,522,-1,651,522,653,-1,653,522,524,-1,653,524,655,-1,655,524,526,-1,655,526,657,-1,657,526,528,-1,657,528,659,-1,659,528,530,-1,659,530,661,-1,661,530,532,-1,661,532,663,-1,663,532,534,-1,663,534,665,-1,665,534,536,-1,665,536,667,-1,667,536,538,-1,667,538,669,-1,669,538,540,-1,669,540,671,-1,671,540,542,-1,671,542,673,-1,673,542,544,-1,673,544,675,-1,675,544,546,-1,675,546,677,-1,677,546,548,-1,677,548,679,-1,679,548,550,-1,679,550,681,-1,681,550,552,-1,681,552,683,-1,683,552,554,-1,683,554,685,-1,685,554,556,-1,685,556,687,-1,687,556,558,-1,687,558,689,-1,689,558,560,-1,689,560,691,-1,691,560,562,-1,691,562,693,-1,693,562,564,-1,693,564,695,-1,695,564,566,-1,695,566,697,-1,697,566,568,-1,697,568,699,-1,699,568,570,-1,699,570,701,-1,701,570,572,-1,701,572,703,-1,703,572,574,-1,703,574,705,-1,705,574,576,-1,705,576,707,-1,707,576,578,-1,707,578,709,-1,709,578,580,-1,709,580,711,-1,711,580,582,-1,711,582,713,-1,713,582,584,-1,713,584,715,-1,715,584,586,-1,715,586,717,-1,717,586,588,-1,717,588,719,-1,719,588,590,-1,719,590,721,-1,721,590,592,-1,721,592,723,-1,723,592,594,-1,723,594,725,-1,725,594,596,-1,725,596,727,-1,727,596,598,-1,727,598,729,-1,729,598,600,-1,729,600,731,-1,731,600,602,-1,731,602,733,-1,733,602,604,-1,733,604,735,-1,735,604,606,-1,735,606,737,-1,737,606,608,-1,737,608,739,-1,739,608,610,-1,739,610,613,-1,613,610,484,-1,740,741,742,-1,742,741,743,-1,742,743,744,-1,744,743,745,-1,744,745,746,-1,746,745,747,-1,746,747,748,-1,748,747,749,-1,748,749,750,-1,750,749,751,-1,750,751,752,-1,752,751,753,-1,752,753,754,-1,754,753,755,-1,754,755,756,-1,756,755,757,-1,756,757,758,-1,758,757,759,-1,758,759,760,-1,760,759,761,-1,760,761,762,-1,762,761,763,-1,762,763,764,-1,764,763,765,-1,764,765,766,-1,766,765,767,-1,766,767,768,-1,768,767,769,-1,768,769,770,-1,770,769,771,-1,770,771,772,-1,772,771,773,-1,772,773,774,-1,774,773,775,-1,774,775,776,-1,776,775,777,-1,776,777,778,-1,778,777,779,-1,778,779,780,-1,780,779,781,-1,780,781,782,-1,782,781,783,-1,782,783,784,-1,784,783,785,-1,784,785,786,-1,786,785,787,-1,786,787,788,-1,788,787,789,-1,788,789,790,-1,790,789,791,-1,790,791,792,-1,792,791,793,-1,792,793,794,-1,794,793,795,-1,794,795,796,-1,796,795,797,-1,796,797,798,-1,798,797,799,-1,798,799,800,-1,800,799,801,-1,800,801,802,-1,802,801,803,-1,802,803,804,-1,804,803,805,-1,804,805,806,-1,806,805,807,-1,806,807,808,-1,808,807,809,-1,808,809,810,-1,810,809,811,-1,810,811,812,-1,812,811,813,-1,812,813,814,-1,814,813,815,-1,814,815,816,-1,816,815,817,-1,816,817,818,-1,818,817,819,-1,818,819,820,-1,820,819,821,-1,820,821,822,-1,822,821,823,-1,822,823,824,-1,824,823,825,-1,824,825,826,-1,826,825,827,-1,826,827,828,-1,828,827,829,-1,828,829,830,-1,830,829,831,-1,830,831,832,-1,832,831,833,-1,832,833,834,-1,834,833,835,-1,834,835,836,-1,836,835,837,-1,836,837,838,-1,838,837,839,-1,838,839,840,-1,840,839,841,-1,840,841,842,-1,842,841,843,-1,842,843,844,-1,844,843,845,-1,844,845,846,-1,846,845,847,-1,846,847,848,-1,848,847,849,-1,848,849,850,-1,850,849,851,-1,850,851,852,-1,852,851,853,-1,852,853,854,-1,854,853,855,-1,854,855,856,-1,856,855,857,-1,856,857,858,-1,858,857,859,-1,858,859,860,-1,860,859,861,-1,860,861,862,-1,862,861,863,-1,862,863,864,-1,864,863,865,-1,864,865,866,-1,866,865,867,-1,866,867,740,-1,740,867,741,-1,177,868,183,-1,183,868,869,-1,183,869,870,-1,870,869,871,-1,870,871,872,-1,872,871,873,-1,872,873,874,-1,874,873,875,-1,874,875,876,-1,876,875,877,-1,876,877,878,-1,878,877,879,-1,878,879,880,-1,880,879,881,-1,880,881,882,-1,882,881,883,-1,882,883,884,-1,884,883,885,-1,884,885,886,-1,886,885,887,-1,886,887,888,-1,888,887,889,-1,888,889,890,-1,890,889,891,-1,890,891,892,-1,892,891,893,-1,892,893,894,-1,894,893,895,-1,894,895,896,-1,896,895,897,-1,896,897,898,-1,898,897,899,-1,898,899,900,-1,900,899,901,-1,900,901,902,-1,902,901,903,-1,902,903,904,-1,904,903,905,-1,904,905,906,-1,906,905,907,-1,906,907,908,-1,908,907,909,-1,908,909,910,-1,910,909,911,-1,910,911,912,-1,912,911,913,-1,912,913,914,-1,914,913,915,-1,914,915,916,-1,916,915,917,-1,916,917,918,-1,918,917,919,-1,918,919,920,-1,920,919,921,-1,920,921,922,-1,922,921,923,-1,922,923,309,-1,309,923,924,-1,309,924,311,-1,311,924,925,-1,311,925,47,-1,47,925,926,-1,47,926,49,-1,49,926,927,-1,49,927,52,-1,52,927,928,-1,52,928,319,-1,319,928,929,-1,319,929,320,-1,320,929,930,-1,320,930,321,-1,321,930,931,-1,321,931,323,-1,323,931,932,-1,323,932,325,-1,325,932,933,-1,325,933,327,-1,327,933,934,-1,327,934,329,-1,329,934,935,-1,329,935,331,-1,331,935,936,-1,331,936,333,-1,333,936,937,-1,333,937,335,-1,335,937,938,-1,335,938,337,-1,337,938,939,-1,337,939,316,-1,316,939,940,-1,316,940,317,-1,317,940,941,-1,317,941,340,-1,340,941,942,-1,340,942,342,-1,342,942,943,-1,342,943,344,-1,344,943,944,-1,344,944,346,-1,346,944,945,-1,346,945,348,-1,348,945,946,-1,348,946,350,-1,350,946,947,-1,350,947,352,-1,352,947,948,-1,352,948,354,-1,354,948,949,-1,354,949,356,-1,356,949,950,-1,356,950,358,-1,358,950,951,-1,358,951,360,-1,360,951,952,-1,360,952,361,-1,361,952,953,-1,361,953,362,-1,362,953,954,-1,362,954,363,-1,363,954,955,-1,363,955,170,-1,170,955,956,-1,170,956,172,-1,172,956,957,-1,172,957,175,-1,175,957,958,-1,175,958,177,-1,177,958,868,-1,868,740,869,-1,869,740,742,-1,869,742,871,-1,871,742,744,-1,871,744,873,-1,873,744,746,-1,873,746,875,-1,875,746,748,-1,875,748,877,-1,877,748,750,-1,877,750,879,-1,879,750,752,-1,879,752,881,-1,881,752,754,-1,881,754,883,-1,883,754,756,-1,883,756,885,-1,885,756,758,-1,885,758,887,-1,887,758,760,-1,887,760,889,-1,889,760,762,-1,889,762,891,-1,891,762,764,-1,891,764,893,-1,893,764,766,-1,893,766,895,-1,895,766,768,-1,895,768,897,-1,897,768,770,-1,897,770,899,-1,899,770,772,-1,899,772,901,-1,901,772,774,-1,901,774,903,-1,903,774,776,-1,903,776,905,-1,905,776,778,-1,905,778,907,-1,907,778,780,-1,907,780,909,-1,909,780,782,-1,909,782,911,-1,911,782,784,-1,911,784,913,-1,913,784,786,-1,913,786,915,-1,915,786,788,-1,915,788,917,-1,917,788,790,-1,917,790,919,-1,919,790,792,-1,919,792,921,-1,921,792,794,-1,921,794,923,-1,923,794,796,-1,923,796,924,-1,924,796,798,-1,924,798,925,-1,925,798,800,-1,925,800,926,-1,926,800,802,-1,926,802,927,-1,927,802,804,-1,927,804,928,-1,928,804,806,-1,928,806,929,-1,929,806,808,-1,929,808,930,-1,930,808,810,-1,930,810,931,-1,931,810,812,-1,931,812,932,-1,932,812,814,-1,932,814,933,-1,933,814,816,-1,933,816,934,-1,934,816,818,-1,934,818,935,-1,935,818,820,-1,935,820,936,-1,936,820,822,-1,936,822,937,-1,937,822,824,-1,937,824,938,-1,938,824,826,-1,938,826,939,-1,939,826,828,-1,939,828,940,-1,940,828,830,-1,940,830,941,-1,941,830,832,-1,941,832,942,-1,942,832,834,-1,942,834,943,-1,943,834,836,-1,943,836,944,-1,944,836,838,-1,944,838,945,-1,945,838,840,-1,945,840,946,-1,946,840,842,-1,946,842,947,-1,947,842,844,-1,947,844,948,-1,948,844,846,-1,948,846,949,-1,949,846,848,-1,949,848,950,-1,950,848,850,-1,950,850,951,-1,951,850,852,-1,951,852,952,-1,952,852,854,-1,952,854,953,-1,953,854,856,-1,953,856,954,-1,954,856,858,-1,954,858,955,-1,955,858,860,-1,955,860,956,-1,956,860,862,-1,956,862,957,-1,957,862,864,-1,957,864,958,-1,958,864,866,-1,958,866,868,-1,868,866,740,-1,741,612,743,-1,743,612,614,-1,743,614,745,-1,745,614,616,-1,745,616,747,-1,747,616,618,-1,747,618,749,-1,749,618,620,-1,749,620,751,-1,751,620,622,-1,751,622,753,-1,753,622,624,-1,753,624,755,-1,755,624,626,-1,755,626,757,-1,757,626,628,-1,757,628,759,-1,759,628,630,-1,759,630,761,-1,761,630,632,-1,761,632,763,-1,763,632,634,-1,763,634,765,-1,765,634,636,-1,765,636,767,-1,767,636,638,-1,767,638,769,-1,769,638,640,-1,769,640,771,-1,771,640,642,-1,771,642,773,-1,773,642,644,-1,773,644,775,-1,775,644,646,-1,775,646,777,-1,777,646,648,-1,777,648,779,-1,779,648,650,-1,779,650,781,-1,781,650,652,-1,781,652,783,-1,783,652,654,-1,783,654,785,-1,785,654,656,-1,785,656,787,-1,787,656,658,-1,787,658,789,-1,789,658,660,-1,789,660,791,-1,791,660,662,-1,791,662,793,-1,793,662,664,-1,793,664,795,-1,795,664,666,-1,795,666,797,-1,797,666,668,-1,797,668,799,-1,799,668,670,-1,799,670,801,-1,801,670,672,-1,801,672,803,-1,803,672,674,-1,803,674,805,-1,805,674,676,-1,805,676,807,-1,807,676,678,-1,807,678,809,-1,809,678,680,-1,809,680,811,-1,811,680,682,-1,811,682,813,-1,813,682,684,-1,813,684,815,-1,815,684,686,-1,815,686,817,-1,817,686,688,-1,817,688,819,-1,819,688,690,-1,819,690,821,-1,821,690,692,-1,821,692,823,-1,823,692,694,-1,823,694,825,-1,825,694,696,-1,825,696,827,-1,827,696,698,-1,827,698,829,-1,829,698,700,-1,829,700,831,-1,831,700,702,-1,831,702,833,-1,833,702,704,-1,833,704,835,-1,835,704,706,-1,835,706,837,-1,837,706,708,-1,837,708,839,-1,839,708,710,-1,839,710,841,-1,841,710,712,-1,841,712,843,-1,843,712,714,-1,843,714,845,-1,845,714,716,-1,845,716,847,-1,847,716,718,-1,847,718,849,-1,849,718,720,-1,849,720,851,-1,851,720,722,-1,851,722,853,-1,853,722,724,-1,853,724,855,-1,855,724,726,-1,855,726,857,-1,857,726,728,-1,857,728,859,-1,859,728,730,-1,859,730,861,-1,861,730,732,-1,861,732,863,-1,863,732,734,-1,863,734,865,-1,865,734,736,-1,865,736,867,-1,867,736,738,-1,867,738,741,-1,741,738,612,-1,191,184,189,-1,189,184,183,-1,189,183,187,-1,187,183,870,-1,187,870,193,-1,193,870,872,-1,193,872,197,-1,197,872,874,-1,197,874,436,-1,436,874,876,-1,436,876,437,-1,437,876,878,-1,437,878,439,-1,439,878,880,-1,439,880,441,-1,441,880,882,-1,441,882,443,-1,443,882,884,-1,443,884,445,-1,445,884,886,-1,445,886,447,-1,447,886,888,-1,447,888,449,-1,449,888,890,-1,449,890,433,-1,433,890,892,-1,433,892,434,-1,434,892,894,-1,434,894,479,-1,479,894,896,-1,479,896,4,-1,4,896,898,-1,4,898,5,-1,5,898,900,-1,5,900,469,-1,469,900,902,-1,469,902,423,-1,423,902,904,-1,423,904,424,-1,424,904,906,-1,424,906,422,-1,422,906,908,-1,422,908,420,-1,420,908,910,-1,420,910,418,-1,418,910,912,-1,418,912,417,-1,417,912,914,-1,417,914,416,-1,416,914,916,-1,416,916,294,-1,294,916,918,-1,294,918,296,-1,296,918,920,-1,296,920,300,-1,300,920,922,-1,300,922,302,-1,302,922,309,-1,302,309,305,-1,305,309,308,-1,959,960,961,-1,962,963,964,-1,965,966,967,-1,967,966,968,-1,967,968,969,-1,969,968,970,-1,971,972,973,-1,973,972,974,-1,975,971,976,-1,976,971,973,-1,976,973,977,-1,977,973,978,-1,979,980,981,-1,981,980,982,-1,982,983,984,-1,984,983,985,-1,985,986,984,-1,984,986,987,-1,984,987,988,-1,988,989,984,-1,984,989,990,-1,984,990,991,-1,991,990,992,-1,993,994,995,-1,995,994,996,-1,996,994,997,-1,996,997,998,-1,999,974,1000,-1,1000,974,972,-1,1000,972,995,-1,995,972,1001,-1,995,1001,993,-1,993,1001,1002,-1,993,1002,981,-1,981,1002,1003,-1,981,1003,979,-1,1004,1005,966,-1,1006,1007,966,-1,1008,1009,1010,-1,1010,1009,1011,-1,1008,1012,1009,-1,1009,1012,1013,-1,1009,1013,1000,-1,1013,1014,1000,-1,1000,1014,1015,-1,1000,1015,1016,-1,1016,1017,1000,-1,1000,1017,1018,-1,1000,1018,1019,-1,1007,1020,966,-1,966,1020,1021,-1,966,1021,1004,-1,1022,1023,1005,-1,1005,1023,1024,-1,1005,1024,966,-1,1022,1025,1023,-1,1023,1025,1026,-1,1023,1026,1027,-1,1027,1028,1023,-1,1023,1028,1029,-1,1023,1029,1030,-1,1030,1031,1032,-1,1031,1033,1032,-1,1032,1033,1034,-1,1032,1034,1035,-1,1035,1036,1032,-1,1032,1036,1037,-1,1032,1037,1009,-1,1009,1037,1038,-1,1009,1038,1011,-1,982,984,981,-1,981,984,1039,-1,981,1039,1040,-1,1030,1032,1023,-1,1023,1032,1041,-1,1023,1041,1040,-1,1042,1043,1044,-1,964,963,1045,-1,1046,1047,511,-1,992,1048,991,-1,991,1048,1049,-1,991,1049,1050,-1,1050,1051,991,-1,991,1051,1052,-1,991,1052,1053,-1,1052,1054,1053,-1,1053,1054,1055,-1,1053,1055,1056,-1,1056,1057,1053,-1,1053,1057,1058,-1,1053,1058,1059,-1,1042,1044,507,-1,507,1044,1060,-1,507,1060,509,-1,509,1060,1053,-1,509,1053,511,-1,511,1053,1059,-1,511,1059,1046,-1,1047,1061,511,-1,511,1061,1062,-1,511,1062,971,-1,1063,1064,964,-1,1063,964,1065,-1,1065,964,999,-1,1065,999,965,-1,965,999,1000,-1,965,1000,966,-1,966,1000,1019,-1,966,1019,1006,-1,1064,1066,964,-1,964,1066,1067,-1,964,1067,1068,-1,1068,1069,964,-1,964,1069,1070,-1,964,1070,962,-1,1071,1072,1073,-1,1073,1072,1074,-1,1075,1076,1077,-1,1077,1076,1078,-1,1077,1078,1079,-1,1079,1080,1077,-1,1077,1080,1081,-1,1077,1081,1082,-1,1082,1083,1077,-1,1077,1083,1084,-1,1077,1084,1085,-1,1085,1084,1086,-1,1085,1086,1087,-1,1087,1086,1088,-1,1089,1090,1091,-1,1091,1090,1092,-1,1091,1092,1088,-1,1088,1092,1093,-1,1088,1093,1087,-1,1091,1094,1095,-1,1095,1096,1091,-1,1091,1096,1097,-1,1091,1097,1098,-1,1098,1099,1091,-1,1091,1099,1100,-1,1091,1100,1101,-1,1101,1102,1091,-1,1091,1102,1103,-1,1091,1103,1104,-1,1104,1105,1091,-1,1091,1105,1106,-1,1091,1106,1107,-1,1107,1108,1091,-1,1091,1108,1109,-1,1091,1109,1089,-1,1110,1111,1112,-1,1075,1077,1113,-1,1113,1077,1114,-1,1113,1114,1115,-1,1116,1117,1115,-1,1115,1117,1118,-1,1119,1120,1118,-1,1118,1120,1121,-1,1121,1122,1118,-1,1118,1122,1123,-1,1118,1123,1124,-1,1124,1125,1118,-1,1118,1125,1126,-1,1118,1126,1115,-1,1115,1126,1127,-1,1115,1127,1113,-1,1071,1128,1072,-1,1072,1128,1129,-1,1072,1129,1130,-1,1130,1129,1131,-1,1132,1133,1134,-1,1134,1133,1135,-1,1135,1136,1134,-1,1134,1136,1137,-1,1134,1137,1138,-1,1138,1139,1134,-1,1134,1139,1140,-1,1134,1140,1131,-1,1131,1140,1141,-1,1131,1141,1130,-1,1142,1143,511,-1,1144,1145,975,-1,975,1145,1146,-1,975,1146,971,-1,971,1146,1045,-1,971,1045,511,-1,511,1045,963,-1,511,963,1142,-1,1143,1147,511,-1,511,1147,1148,-1,511,1148,1149,-1,1149,1150,511,-1,511,1150,1151,-1,511,1151,513,-1,1152,515,1131,-1,1131,515,513,-1,1131,513,1134,-1,1134,513,1151,-1,1153,1154,1155,-1,1155,1154,1156,-1,1153,1157,1154,-1,1154,1157,1158,-1,1154,1158,1118,-1,1118,1158,1159,-1,1118,1159,1119,-1,1152,1160,1161,-1,1161,1162,1152,-1,1152,1162,1163,-1,1152,1163,1164,-1,1164,1165,1152,-1,1152,1165,1166,-1,1152,1166,515,-1,515,1166,1167,-1,515,1167,1168,-1,1168,1169,515,-1,515,1169,1170,-1,515,1170,1156,-1,1171,1172,1173,-1,1173,1172,1174,-1,1174,1175,1173,-1,1173,1175,1176,-1,1173,1176,1177,-1,1177,1178,1173,-1,1173,1178,1179,-1,1173,1179,1180,-1,1180,1179,1181,-1,1180,1181,1182,-1,1182,1181,1183,-1,1182,1183,959,-1,1156,1154,515,-1,515,1154,1184,-1,515,1184,1185,-1,1171,1173,1186,-1,1186,1173,1187,-1,1186,1187,1188,-1,1185,1189,1187,-1,1112,1114,1110,-1,1110,1114,1077,-1,1110,1077,1189,-1,1189,1077,1190,-1,1191,1192,1072,-1,1193,1194,1195,-1,1195,1196,1193,-1,1193,1196,1197,-1,1193,1197,1198,-1,1198,1199,1193,-1,1193,1199,1200,-1,1193,1200,1201,-1,1201,1202,1193,-1,1193,1202,1203,-1,1193,1203,1204,-1,1205,1206,1207,-1,1204,1208,1193,-1,1193,1208,1209,-1,1193,1209,1210,-1,1210,1211,1193,-1,1193,1211,1212,-1,1193,1212,1205,-1,1205,1207,1193,-1,1193,1207,1213,-1,1193,1213,1214,-1,1214,1215,1193,-1,1193,1215,1216,-1,1193,1216,1217,-1,1217,1216,1218,-1,1194,1193,1219,-1,1219,1193,1220,-1,1219,1220,1221,-1,1221,1220,1222,-1,1221,1222,1223,-1,1223,1222,1072,-1,1072,1222,1224,-1,1072,1224,1191,-1,1192,1225,1072,-1,1072,1225,1226,-1,1072,1226,1074,-1,1074,1226,1227,-1,1228,1229,1230,-1,1229,1231,1230,-1,1230,1231,1232,-1,1230,1232,1233,-1,1233,1232,1074,-1,1233,1074,1234,-1,1234,1074,1227,-1,1190,1235,1189,-1,1189,1235,1236,-1,1189,1236,1237,-1,1237,1238,1189,-1,1189,1238,1239,-1,1189,1239,1240,-1,1240,1241,1189,-1,1189,1241,1242,-1,1189,1242,1243,-1,1228,1230,1244,-1,1244,1230,1245,-1,1244,1245,1246,-1,1247,1248,1249,-1,1249,1248,1244,-1,1249,1244,1250,-1,1250,1244,1246,-1,1188,1187,1251,-1,1251,1187,1189,-1,1251,1189,1247,-1,1247,1189,1243,-1,1247,1243,1248,-1,1252,1024,1253,-1,1253,1024,1254,-1,1253,1254,1255,-1,1256,1257,1252,-1,1256,1252,1258,-1,1259,1260,1261,-1,1261,1260,1262,-1,1261,1262,1252,-1,1252,1262,1263,-1,1252,1263,1258,-1,1257,1264,1252,-1,1252,1264,1265,-1,1252,1265,1266,-1,1266,1267,1252,-1,1252,1267,1268,-1,1252,1268,1024,-1,1024,1268,1269,-1,1269,1270,1024,-1,1024,1270,1271,-1,1024,1271,1272,-1,1272,1273,1024,-1,1024,1273,1274,-1,1024,1274,1275,-1,1275,1276,1024,-1,1024,1276,1277,-1,1024,1277,1278,-1,1278,1277,1279,-1,1278,1279,1280,-1,1281,1282,1283,-1,1284,1285,1286,-1,1286,1285,1283,-1,1286,1283,1287,-1,1287,1283,1282,-1,1287,1282,1288,-1,1288,1282,1289,-1,1290,960,1291,-1,1291,960,959,-1,1291,959,1292,-1,1290,1293,960,-1,960,1293,1294,-1,960,1294,1295,-1,1295,1294,1296,-1,1295,1296,1297,-1,1297,1296,1298,-1,1297,1298,1299,-1,1300,1301,1302,-1,1302,1301,1298,-1,1298,1301,1303,-1,1298,1303,1304,-1,1304,1305,1298,-1,1298,1305,1306,-1,1298,1306,1307,-1,1307,1308,1298,-1,1298,1308,1309,-1,1298,1309,1299,-1,1300,1302,1310,-1,1310,1302,1311,-1,1310,1311,1132,-1,1132,1311,1312,-1,1132,1312,1133,-1,1313,1314,1315,-1,1316,1313,1317,-1,1317,1313,1315,-1,1317,1315,1180,-1,1180,1315,1318,-1,1180,1318,1319,-1,1319,1320,1180,-1,1180,1320,1321,-1,1180,1321,1322,-1,1322,1323,1180,-1,1180,1323,1324,-1,1180,1324,1325,-1,1325,1326,1180,-1,1180,1326,1327,-1,1180,1327,1173,-1,1173,1327,1328,-1,1173,1328,1329,-1,1329,1330,1173,-1,1173,1330,1331,-1,1173,1331,1261,-1,1261,1331,1332,-1,1261,1332,1259,-1,1278,1281,1024,-1,1024,1281,1283,-1,1024,1283,966,-1,966,1283,1316,-1,966,1316,1333,-1,1333,1316,1317,-1,1313,1278,1314,-1,1314,1278,1280,-1,1314,1280,1334,-1,1334,1280,1335,-1,1334,1335,1336,-1,1336,1335,1337,-1,1337,1335,1338,-1,1338,1335,1339,-1,1338,1339,1340,-1,1340,1341,1338,-1,1338,1341,1342,-1,1338,1342,1343,-1,1343,1344,1338,-1,1338,1344,1345,-1,1338,1345,1346,-1,1346,1347,1338,-1,1338,1347,1348,-1,1338,1348,1349,-1,1350,1351,1352,-1,1352,1351,1353,-1,1352,1353,1354,-1,1354,1355,1352,-1,1352,1355,1356,-1,1352,1356,1357,-1,1357,1358,1352,-1,1352,1358,1359,-1,1352,1359,1360,-1,1360,1361,1362,-1,1362,1363,1364,-1,1364,1365,1362,-1,1362,1365,1366,-1,1362,1366,1360,-1,1360,1366,1367,-1,1360,1367,1352,-1,1350,1352,1348,-1,1348,1352,1368,-1,1348,1368,1349,-1,1369,1370,1371,-1,1371,1370,1372,-1,1371,1372,1373,-1,1373,1374,1371,-1,1371,1374,1375,-1,1371,1375,1376,-1,1376,1377,1371,-1,1371,1377,1378,-1,1371,1378,1379,-1,1379,1380,1371,-1,1371,1380,1381,-1,1371,1381,1382,-1,1382,1383,1371,-1,1371,1383,1384,-1,1371,1384,1385,-1,1386,1371,1387,-1,1387,1371,1385,-1,1387,1385,1388,-1,1386,1389,1371,-1,1371,1389,1390,-1,1371,1390,1391,-1,1392,1393,1391,-1,1391,1393,1394,-1,1391,1394,1371,-1,1369,1371,1395,-1,1395,1371,1396,-1,1395,1396,1183,-1,1183,1396,1397,-1,1183,1397,1398,-1,1399,1400,959,-1,1398,1401,1183,-1,1183,1401,1402,-1,1183,1402,959,-1,959,1402,1403,-1,959,1403,1399,-1,1400,1404,959,-1,959,1404,1405,-1,959,1405,1292,-1,1040,1039,1023,-1,1023,1039,1406,-1,1023,1406,1407,-1,1407,1406,1408,-1,1407,1408,1409,-1,1410,1411,519,-1,519,1411,1412,-1,519,1412,1413,-1,1414,521,1415,-1,1415,521,519,-1,1415,519,1416,-1,1416,519,1413,-1,1417,1418,523,-1,1414,1419,521,-1,521,1419,1420,-1,521,1420,523,-1,523,1420,1421,-1,523,1421,1417,-1,1418,1422,523,-1,523,1422,1423,-1,523,1423,1424,-1,1425,523,1426,-1,1426,523,1424,-1,1426,1424,1427,-1,1425,1428,523,-1,523,1428,1429,-1,523,1429,1430,-1,1430,1431,523,-1,523,1431,1432,-1,523,1432,1433,-1,1433,1434,523,-1,523,1434,1435,-1,523,1435,1436,-1,1437,1438,1439,-1,1439,1438,1440,-1,1439,1440,1441,-1,1441,1442,1439,-1,1439,1442,1443,-1,1439,1443,1444,-1,1444,1445,1439,-1,1439,1445,1446,-1,1439,1446,1447,-1,1447,1448,1439,-1,1439,1448,1449,-1,1439,1449,1450,-1,1450,1451,1439,-1,1439,1451,1452,-1,1439,1452,1453,-1,1454,1455,1453,-1,1456,1454,1457,-1,1457,1454,1453,-1,1457,1453,1458,-1,1458,1453,1452,-1,1455,1459,1453,-1,1453,1459,1460,-1,1453,1460,1461,-1,1462,1463,1464,-1,1464,1463,1465,-1,1464,1465,1466,-1,1467,1468,1465,-1,1465,1468,1469,-1,1465,1469,1470,-1,1470,1471,1465,-1,1465,1471,1472,-1,1465,1472,1473,-1,1473,1474,1465,-1,1465,1474,1475,-1,1465,1475,1466,-1,1476,1477,1478,-1,1477,1479,1478,-1,1478,1479,1480,-1,1478,1480,1481,-1,1481,1482,1478,-1,1478,1482,1483,-1,1478,1483,1484,-1,1484,1485,1478,-1,1478,1485,1486,-1,1478,1486,1487,-1,1487,1488,1478,-1,1478,1488,1489,-1,1478,1489,1490,-1,1491,1492,1478,-1,1478,1492,1493,-1,1478,1493,1494,-1,1494,1495,1478,-1,1478,1495,1496,-1,1478,1496,1497,-1,1497,1498,1478,-1,1478,1498,1499,-1,1478,1499,1500,-1,1500,1501,1478,-1,1478,1501,1502,-1,1478,1502,1503,-1,1503,1504,1478,-1,1478,1504,1505,-1,1478,1505,1506,-1,1506,1507,1478,-1,1478,1507,1508,-1,1478,1508,1509,-1,1509,1510,1478,-1,1478,1510,1511,-1,1478,1511,1512,-1,1512,1513,1478,-1,1478,1513,1514,-1,1478,1514,1476,-1,1515,1516,1517,-1,1490,1518,1478,-1,1478,1518,1519,-1,1478,1519,1520,-1,1520,1519,1521,-1,1520,1521,1517,-1,1517,1521,1522,-1,1517,1522,1515,-1,1516,1523,1517,-1,1517,1523,1524,-1,1517,1524,1465,-1,1465,1524,1525,-1,1465,1525,1467,-1,1461,1526,1453,-1,1453,1526,1527,-1,1453,1527,1528,-1,1528,1529,1453,-1,1453,1529,1530,-1,1453,1530,1254,-1,1254,1530,1531,-1,1254,1531,1532,-1,1532,1533,1254,-1,1254,1533,1534,-1,1254,1534,1535,-1,1536,1537,1538,-1,1535,1539,1254,-1,1254,1539,1540,-1,1254,1540,1536,-1,1541,1542,1254,-1,1541,1254,1543,-1,1536,1538,1254,-1,1254,1538,1544,-1,1254,1544,1543,-1,1542,1545,1254,-1,1254,1545,1546,-1,1254,1546,1547,-1,1547,1548,1254,-1,1254,1548,1549,-1,1254,1549,1550,-1,1187,1255,1185,-1,1185,1255,1254,-1,1185,1254,515,-1,515,1254,1550,-1,1550,1551,515,-1,515,1551,1552,-1,515,1552,1553,-1,1553,1554,515,-1,515,1554,1555,-1,515,1555,1556,-1,1556,1557,515,-1,515,1557,1558,-1,515,1558,1559,-1,1560,1561,1562,-1,1562,1561,1563,-1,1562,1563,1564,-1,1564,1565,1562,-1,1562,1565,1566,-1,1562,1566,1567,-1,1567,1568,1562,-1,1562,1568,1569,-1,1562,1569,1570,-1,1570,1571,1562,-1,1562,1571,1572,-1,1562,1572,1573,-1,1559,1574,515,-1,515,1574,1575,-1,515,1575,1576,-1,1577,515,1562,-1,1562,515,1576,-1,1562,1576,1560,-1,1577,1578,515,-1,515,1578,1579,-1,515,1579,1580,-1,1581,1582,519,-1,519,1582,1583,-1,519,1583,1410,-1,1581,519,1580,-1,1580,519,517,-1,1580,517,515,-1,1478,1584,1491,-1,1491,1584,1585,-1,1491,1585,1586,-1,1586,1585,1587,-1,1586,1587,1588,-1,1588,1587,1589,-1,1588,1589,1590,-1,1590,1589,1591,-1,1590,1591,1573,-1,1573,1591,1592,-1,1573,1592,1562,-1,1593,1594,1595,-1,1595,1594,1596,-1,1595,1596,1597,-1,1598,1599,1600,-1,1600,1599,1595,-1,1600,1595,1601,-1,1601,1595,1597,-1,1593,1595,1464,-1,1464,1595,1602,-1,1464,1602,1462,-1,1603,1604,1605,-1,1605,1606,1603,-1,1603,1606,1607,-1,1603,1607,1608,-1,1608,1609,1603,-1,1603,1609,1610,-1,1603,1610,1611,-1,1611,1610,1612,-1,1604,1603,1613,-1,1613,1603,1614,-1,1613,1614,1615,-1,1616,1617,1618,-1,1618,1617,1619,-1,1618,1619,1620,-1,1620,1619,1621,-1,1620,1621,1622,-1,1622,1621,1623,-1,1622,1623,1614,-1,1614,1623,1624,-1,1614,1624,1615,-1,1625,1626,1618,-1,1618,1626,1627,-1,1618,1627,1616,-1,1628,1629,1630,-1,1629,1631,1630,-1,1630,1631,1632,-1,1630,1632,1633,-1,1633,1632,1634,-1,1633,1634,1625,-1,1625,1634,1635,-1,1625,1635,1626,-1,1636,1637,1630,-1,1630,1637,1638,-1,1630,1638,1628,-1,1639,1640,1636,-1,1636,1640,1641,-1,1636,1641,1637,-1,1642,1643,1598,-1,1639,1636,1598,-1,1598,1636,1644,-1,1598,1644,1642,-1,1643,1645,1598,-1,1598,1645,1646,-1,1598,1646,1599,-1,1647,1648,609,-1,609,607,1647,-1,1647,607,605,-1,1647,605,1649,-1,605,603,1649,-1,1649,603,601,-1,1649,601,1650,-1,601,599,1650,-1,1650,599,597,-1,1650,597,1651,-1,597,595,1651,-1,1651,595,593,-1,1651,593,1652,-1,593,591,1652,-1,1652,591,589,-1,1652,589,1653,-1,589,587,1653,-1,1653,587,585,-1,1653,585,1654,-1,585,583,1654,-1,1654,583,581,-1,1654,581,1655,-1,581,579,1655,-1,1655,579,577,-1,1655,577,1656,-1,577,575,1656,-1,1656,575,573,-1,1656,573,1657,-1,573,571,1657,-1,1657,571,569,-1,1657,569,1658,-1,569,567,1658,-1,1658,567,565,-1,1658,565,1659,-1,565,563,1659,-1,1659,563,561,-1,1659,561,1660,-1,561,559,1660,-1,1660,559,557,-1,1660,557,1661,-1,557,555,1661,-1,1661,555,553,-1,1661,553,1662,-1,553,551,1662,-1,1662,551,549,-1,1662,549,1663,-1,549,547,1663,-1,1663,547,545,-1,1663,545,1664,-1,545,543,1664,-1,1664,543,541,-1,1664,541,1665,-1,541,539,1665,-1,1665,539,537,-1,1665,537,1666,-1,537,535,1666,-1,1666,535,533,-1,1666,533,1667,-1,533,531,1667,-1,1667,531,529,-1,1667,529,1668,-1,1436,1437,523,-1,523,1437,1439,-1,523,1439,525,-1,525,1439,1668,-1,525,1668,527,-1,527,1668,529,-1,1669,1042,1670,-1,1670,1042,507,-1,1670,507,1671,-1,1671,507,505,-1,1671,505,1409,-1,1409,505,503,-1,1409,503,1407,-1,1407,503,501,-1,1407,501,1672,-1,501,499,1672,-1,1672,499,497,-1,1672,497,1673,-1,497,495,1673,-1,1673,495,493,-1,1673,493,1674,-1,493,491,1674,-1,1674,491,489,-1,1674,489,1675,-1,489,487,1675,-1,1675,487,485,-1,1675,485,1648,-1,1648,485,611,-1,1648,611,609,-1,1648,1676,1675,-1,1675,1676,1677,-1,1675,1677,1674,-1,1674,1677,1678,-1,1674,1678,1673,-1,1673,1678,1679,-1,1673,1679,1672,-1,1672,1679,1680,-1,1672,1680,1407,-1,1407,1680,1681,-1,1407,1681,1023,-1,1023,1681,1682,-1,1023,1682,1024,-1,1024,1682,1683,-1,1024,1683,1254,-1,1254,1683,1684,-1,1254,1684,1453,-1,1453,1684,1685,-1,1453,1685,1439,-1,1439,1685,1686,-1,1439,1686,1668,-1,1668,1686,1687,-1,1668,1687,1667,-1,1667,1687,1688,-1,1667,1688,1666,-1,1666,1688,1689,-1,1666,1689,1665,-1,1665,1689,1690,-1,1665,1690,1664,-1,1664,1690,1691,-1,1664,1691,1663,-1,1663,1691,1692,-1,1663,1692,1662,-1,1662,1692,1693,-1,1662,1693,1661,-1,1661,1693,1694,-1,1661,1694,1660,-1,1660,1694,1695,-1,1660,1695,1659,-1,1659,1695,1696,-1,1659,1696,1658,-1,1658,1696,1697,-1,1658,1697,1657,-1,1657,1697,1698,-1,1657,1698,1656,-1,1656,1698,1699,-1,1656,1699,1655,-1,1655,1699,1700,-1,1655,1700,1654,-1,1654,1700,1701,-1,1654,1701,1653,-1,1653,1701,1702,-1,1653,1702,1652,-1,1652,1702,1703,-1,1652,1703,1651,-1,1651,1703,1704,-1,1651,1704,1650,-1,1650,1704,1705,-1,1650,1705,1649,-1,1649,1705,1706,-1,1649,1706,1647,-1,1647,1706,1707,-1,1647,1707,1648,-1,1648,1707,1676,-1,1708,1709,1710,-1,1711,1710,1712,-1,1712,1710,1713,-1,1711,1714,1710,-1,1710,1714,1715,-1,1710,1715,1716,-1,1716,1717,1710,-1,1710,1717,1718,-1,1710,1718,1719,-1,1719,1720,1710,-1,1710,1720,1721,-1,1710,1721,1722,-1,1722,1723,1710,-1,1710,1723,1724,-1,1710,1724,1725,-1,1725,1726,1710,-1,1710,1726,1727,-1,1710,1727,1708,-1,1728,1729,1730,-1,1730,1729,1731,-1,1730,1731,1732,-1,1733,1734,1730,-1,1730,1734,1735,-1,1709,1736,1710,-1,1710,1736,1737,-1,1710,1737,1738,-1,1738,1739,1710,-1,1710,1739,1740,-1,1710,1740,1741,-1,1730,1742,1743,-1,1732,1744,1730,-1,1730,1744,1745,-1,1730,1745,1746,-1,1735,1747,1730,-1,1730,1747,1748,-1,1730,1748,1749,-1,1710,1750,1713,-1,1713,1750,1730,-1,1713,1730,1751,-1,1751,1730,1749,-1,1752,1753,1754,-1,1755,1756,1752,-1,1752,1756,1757,-1,1752,1757,1758,-1,1741,1759,1710,-1,1710,1759,1752,-1,1710,1752,1760,-1,1760,1752,1758,-1,1728,1730,1761,-1,1761,1730,1743,-1,1761,1743,1762,-1,1746,1763,1730,-1,1730,1763,1764,-1,1730,1764,1765,-1,1765,1766,1730,-1,1730,1766,1767,-1,1730,1767,1733,-1,1755,1752,1768,-1,1768,1752,1754,-1,1768,1754,1769,-1,254,1770,253,-1,253,1770,250,-1,1759,1741,1771,-1,1772,1773,1771,-1,1774,1775,1776,-1,1777,1778,1779,-1,1780,1781,1782,-1,1746,1745,1783,-1,1784,1785,1783,-1,1786,1730,1750,-1,1758,1787,1760,-1,1760,1787,1788,-1,1760,1788,1710,-1,1758,1757,1787,-1,1787,1757,1789,-1,1787,1789,1790,-1,1791,1786,1788,-1,1788,1786,1750,-1,1788,1750,1710,-1,1790,1792,1787,-1,1787,1792,1793,-1,1787,1793,1788,-1,1788,1793,1794,-1,1788,1794,1791,-1,1730,1786,1742,-1,1742,1786,1795,-1,1742,1795,1743,-1,1744,1732,1796,-1,1796,1732,1731,-1,1731,1729,1797,-1,1797,1729,1728,-1,1797,1728,1798,-1,1798,1728,1761,-1,1798,1761,1762,-1,1799,1798,1795,-1,1795,1798,1762,-1,1795,1762,1743,-1,1731,1797,1796,-1,1796,1797,1800,-1,1796,1800,1801,-1,1799,1802,1798,-1,1798,1802,1803,-1,1798,1803,1797,-1,1797,1803,1804,-1,1797,1804,1800,-1,1791,1805,1786,-1,1786,1805,1806,-1,1786,1806,1795,-1,1795,1806,1807,-1,1795,1807,1799,-1,1801,1784,1796,-1,1796,1784,1783,-1,1796,1783,1744,-1,1744,1783,1745,-1,1808,1767,1766,-1,1763,1809,1764,-1,1764,1809,1810,-1,1764,1810,1765,-1,1785,1811,1783,-1,1783,1811,1809,-1,1783,1809,1746,-1,1746,1809,1763,-1,1812,1808,1810,-1,1810,1808,1766,-1,1810,1766,1765,-1,1811,1813,1809,-1,1809,1813,1814,-1,1809,1814,1810,-1,1810,1814,1815,-1,1810,1815,1812,-1,1767,1808,1733,-1,1733,1808,1816,-1,1733,1816,1734,-1,1712,1713,1817,-1,1817,1713,1751,-1,1751,1749,1818,-1,1818,1749,1748,-1,1818,1748,1819,-1,1819,1748,1747,-1,1819,1747,1735,-1,1820,1819,1816,-1,1816,1819,1735,-1,1816,1735,1734,-1,1751,1818,1817,-1,1817,1818,1821,-1,1817,1821,1822,-1,1820,1823,1819,-1,1819,1823,1824,-1,1819,1824,1818,-1,1818,1824,1825,-1,1818,1825,1821,-1,1812,1826,1808,-1,1808,1826,1827,-1,1808,1827,1816,-1,1816,1827,1828,-1,1816,1828,1820,-1,1822,1829,1817,-1,1817,1829,1830,-1,1817,1830,1712,-1,1831,1832,1833,-1,1833,1832,1834,-1,1833,1834,1776,-1,1835,1836,1837,-1,1837,1836,1838,-1,1837,1838,1839,-1,1840,1841,1842,-1,1838,1843,1839,-1,1839,1843,1844,-1,1839,1844,1845,-1,1845,1844,1846,-1,1845,1846,1841,-1,1841,1846,1847,-1,1841,1847,1842,-1,1848,1849,1850,-1,1851,1852,1853,-1,1853,1852,1854,-1,1853,1854,1849,-1,1849,1854,1855,-1,1849,1855,1850,-1,1856,1857,1858,-1,1858,1857,1859,-1,1858,1859,1860,-1,1850,1861,1848,-1,1848,1861,1862,-1,1848,1862,1863,-1,1863,1862,1864,-1,1863,1864,1856,-1,1856,1864,1865,-1,1856,1865,1857,-1,1842,1866,1840,-1,1840,1866,1867,-1,1840,1867,1868,-1,1868,1867,1869,-1,1868,1869,1851,-1,1851,1869,1870,-1,1851,1870,1852,-1,1871,1872,1873,-1,1873,1872,1874,-1,1875,1876,1877,-1,1877,1876,1878,-1,1877,1878,1879,-1,1880,1881,1882,-1,1882,1881,1883,-1,1882,1883,1884,-1,1885,1886,1887,-1,1887,1888,1885,-1,1885,1888,1889,-1,1885,1889,1890,-1,1890,1889,1891,-1,1890,1891,1892,-1,1883,1893,1884,-1,1884,1893,1894,-1,1884,1894,1895,-1,1895,1894,1896,-1,1895,1896,1886,-1,1886,1896,1897,-1,1886,1897,1887,-1,1778,1780,1779,-1,1779,1780,1782,-1,1779,1782,1898,-1,1898,1782,1899,-1,1898,1899,1900,-1,1900,1899,1901,-1,1900,1901,1902,-1,1902,1901,1903,-1,1902,1903,1904,-1,1904,1903,1905,-1,1904,1905,1906,-1,1906,1905,1907,-1,1906,1907,1908,-1,1908,1907,1909,-1,1908,1909,1910,-1,1910,1909,1911,-1,1910,1911,1912,-1,1912,1911,1913,-1,1912,1913,1914,-1,1914,1913,1915,-1,1914,1915,1916,-1,1916,1915,1917,-1,1916,1917,1918,-1,1918,1917,1919,-1,1918,1919,1920,-1,1920,1919,1921,-1,1920,1921,1922,-1,1922,1921,1923,-1,1922,1923,1924,-1,1924,1923,1925,-1,1924,1925,1926,-1,1926,1925,1927,-1,1777,1928,1778,-1,1778,1928,1929,-1,1778,1929,1780,-1,1780,1929,1930,-1,1780,1930,1781,-1,1931,1932,1933,-1,1934,1935,1936,-1,1936,1935,1937,-1,1936,1937,1691,-1,1938,1939,1940,-1,1940,1939,1941,-1,1940,1941,1934,-1,1934,1941,1942,-1,1934,1942,1935,-1,1943,1944,1945,-1,1945,1944,1946,-1,1945,1946,1947,-1,1933,1948,1931,-1,1931,1948,1949,-1,1931,1949,1950,-1,1950,1949,1951,-1,1950,1951,1938,-1,1938,1951,1952,-1,1938,1952,1939,-1,1891,1953,1892,-1,1892,1953,1954,-1,1892,1954,1955,-1,1955,1954,1956,-1,1955,1956,1932,-1,1932,1956,1957,-1,1932,1957,1933,-1,1859,1958,1860,-1,1860,1958,1959,-1,1860,1959,1880,-1,1880,1959,1960,-1,1880,1960,1881,-1,1961,1962,1963,-1,1963,1962,1964,-1,1965,1966,1967,-1,1967,1966,1968,-1,1967,1968,1969,-1,1970,1971,1972,-1,1972,1971,1973,-1,1972,1973,1974,-1,1974,1973,1975,-1,1974,1975,1976,-1,1976,1975,1977,-1,1976,1977,1978,-1,1978,1977,1979,-1,1978,1979,1980,-1,1980,1979,1981,-1,1980,1981,1982,-1,1982,1981,1983,-1,1982,1983,1984,-1,1984,1983,1985,-1,1984,1985,1986,-1,1986,1985,1987,-1,1986,1987,1988,-1,1988,1987,1989,-1,1988,1989,1990,-1,1990,1989,1991,-1,1990,1991,1992,-1,1992,1991,1993,-1,1992,1993,1994,-1,1994,1993,1995,-1,1994,1995,1996,-1,1996,1995,1997,-1,1996,1997,1998,-1,1998,1997,1999,-1,1998,1999,2000,-1,2000,1999,2001,-1,2000,2001,2002,-1,2002,2001,2003,-1,2002,2003,2004,-1,2004,2003,2005,-1,2004,2005,2006,-1,2006,2005,2007,-1,2006,2007,2008,-1,2008,2007,2009,-1,2008,2009,2010,-1,2010,2009,2011,-1,2010,2011,2012,-1,2012,2011,2013,-1,2012,2013,2014,-1,2014,2013,2015,-1,2014,2015,2016,-1,2016,2015,2017,-1,2016,2017,2018,-1,2018,2017,2019,-1,2018,2019,2020,-1,2020,2019,2021,-1,2020,2021,2022,-1,2022,2021,2023,-1,2022,2023,2024,-1,2024,2023,2025,-1,2024,2025,2026,-1,2026,2025,2027,-1,2026,2027,2028,-1,2028,2027,2029,-1,2028,2029,2030,-1,2030,2029,2031,-1,2030,2031,2032,-1,2032,2031,2033,-1,2032,2033,2034,-1,2034,2033,2035,-1,2034,2035,2036,-1,2036,2035,2037,-1,2036,2037,2038,-1,2038,2037,2039,-1,2038,2039,2040,-1,2040,2039,2041,-1,2040,2041,2042,-1,2042,2041,2043,-1,2042,2043,2044,-1,2044,2043,2045,-1,2044,2045,2046,-1,2046,2045,2047,-1,2046,2047,2048,-1,2048,2047,2049,-1,2048,2049,2050,-1,2050,2049,2051,-1,2050,2051,2052,-1,2052,2051,2053,-1,2052,2053,2054,-1,2054,2053,2055,-1,2054,2055,2056,-1,2056,2055,2057,-1,2056,2057,2058,-1,2058,2057,2059,-1,2058,2059,2060,-1,2060,2059,2061,-1,2060,2061,2062,-1,2062,2061,2063,-1,2062,2063,2064,-1,2064,2063,2065,-1,2064,2065,2066,-1,2066,2065,2067,-1,2066,2067,2068,-1,2068,2067,2069,-1,2068,2069,2070,-1,2070,2069,2071,-1,2070,2071,2072,-1,2072,2071,2073,-1,2072,2073,2074,-1,2074,2073,2075,-1,2074,2075,2076,-1,2076,2075,2077,-1,2076,2077,2078,-1,2078,2077,2079,-1,2078,2079,2080,-1,2080,2079,2081,-1,2080,2081,2082,-1,2082,2081,2083,-1,2082,2083,2084,-1,2084,2083,2085,-1,2084,2085,2086,-1,2086,2085,2087,-1,2086,2087,2088,-1,2088,2087,2089,-1,2088,2089,2090,-1,2090,2089,2091,-1,2090,2091,1964,-1,1964,2091,2092,-1,1964,2092,1963,-1,2093,2092,2094,-1,2094,2092,2091,-1,2094,2091,2095,-1,2095,2091,2089,-1,2095,2089,2096,-1,2096,2089,2087,-1,2096,2087,2097,-1,2097,2087,2085,-1,2097,2085,2098,-1,2098,2085,2083,-1,2098,2083,2099,-1,2099,2083,2081,-1,2099,2081,2100,-1,2100,2081,2079,-1,2100,2079,2101,-1,2101,2079,2077,-1,2101,2077,2102,-1,2102,2077,2075,-1,2102,2075,2103,-1,2103,2075,2073,-1,2103,2073,2104,-1,2104,2073,2071,-1,2104,2071,2105,-1,2105,2071,2069,-1,2105,2069,2106,-1,2106,2069,2067,-1,2106,2067,2107,-1,2107,2067,2065,-1,2107,2065,2108,-1,2108,2065,2063,-1,2108,2063,2109,-1,2109,2063,2061,-1,2109,2061,2110,-1,2110,2061,2059,-1,2110,2059,2111,-1,2111,2059,2057,-1,2111,2057,2112,-1,2112,2057,2055,-1,2112,2055,2113,-1,2113,2055,2053,-1,2113,2053,2114,-1,2114,2053,2051,-1,2114,2051,2115,-1,2115,2051,2049,-1,2115,2049,2116,-1,2116,2049,2047,-1,2116,2047,2117,-1,2117,2047,2045,-1,2117,2045,2118,-1,2118,2045,2043,-1,2118,2043,2119,-1,2119,2043,2041,-1,2119,2041,2120,-1,2120,2041,2039,-1,2120,2039,2121,-1,2121,2039,2037,-1,2121,2037,2122,-1,2122,2037,2035,-1,2122,2035,2123,-1,2123,2035,2033,-1,2123,2033,2124,-1,2124,2033,2031,-1,2124,2031,2125,-1,2125,2031,2029,-1,2125,2029,2126,-1,2126,2029,2027,-1,2126,2027,2127,-1,2127,2027,2025,-1,2127,2025,2128,-1,2128,2025,2023,-1,2128,2023,2129,-1,2129,2023,2021,-1,2129,2021,2130,-1,2130,2021,2019,-1,2130,2019,2131,-1,2131,2019,2017,-1,2131,2017,2132,-1,2132,2017,2015,-1,2132,2015,2133,-1,2133,2015,2013,-1,2133,2013,2134,-1,2134,2013,2011,-1,2134,2011,2135,-1,2135,2011,2009,-1,2135,2009,2136,-1,2136,2009,2007,-1,2136,2007,2137,-1,2137,2007,2005,-1,2137,2005,2138,-1,2138,2005,2003,-1,2138,2003,2139,-1,2139,2003,2001,-1,2139,2001,2140,-1,2140,2001,1999,-1,2140,1999,2141,-1,2141,1999,1997,-1,2141,1997,2142,-1,2142,1997,1995,-1,2142,1995,2143,-1,2143,1995,1993,-1,2143,1993,2144,-1,2144,1993,1991,-1,2144,1991,2145,-1,2145,1991,1989,-1,2145,1989,2146,-1,2146,1989,1987,-1,2146,1987,2147,-1,2147,1987,1985,-1,2147,1985,2148,-1,2148,1985,1983,-1,2148,1983,2149,-1,2149,1983,1981,-1,2149,1981,2150,-1,2150,1981,1979,-1,2150,1979,2151,-1,2151,1979,1977,-1,2151,1977,2152,-1,2152,1977,1975,-1,2152,1975,2153,-1,2153,1975,1973,-1,2153,1973,1871,-1,1871,1973,1971,-1,1871,1971,1872,-1,1943,2154,1944,-1,1944,2154,2155,-1,1944,2155,1946,-1,1946,2155,2156,-1,1946,2156,1947,-1,2154,2157,2155,-1,2155,2157,2158,-1,2155,2158,2159,-1,2159,2158,2160,-1,2159,2160,2161,-1,2162,2163,2164,-1,2160,2165,2161,-1,2161,2165,2166,-1,2161,2166,2167,-1,2167,2166,2168,-1,2167,2168,2163,-1,2163,2168,2169,-1,2163,2169,2164,-1,2170,2171,2172,-1,2172,2171,2173,-1,2172,2173,2174,-1,2174,2173,2175,-1,2174,2175,2176,-1,2176,2175,2177,-1,2176,2177,2162,-1,2162,2177,2178,-1,2162,2178,2163,-1,2163,2178,2179,-1,2163,2179,2167,-1,2167,2179,2180,-1,2167,2180,2161,-1,2161,2180,2181,-1,2161,2181,2159,-1,2159,2181,2182,-1,2159,2182,2155,-1,2155,2182,2183,-1,2155,2183,2156,-1,2184,2185,2186,-1,2186,2185,2187,-1,2186,2187,2188,-1,2188,2187,2189,-1,2188,2189,2190,-1,2190,2189,2191,-1,2190,2191,2192,-1,2192,2191,2193,-1,2194,2192,2170,-1,2170,2192,2193,-1,2170,2193,2171,-1,2174,2195,2172,-1,2172,2195,2196,-1,2172,2196,2170,-1,2170,2196,2197,-1,2170,2197,2194,-1,2194,2198,2192,-1,2192,2198,2199,-1,2192,2199,2190,-1,2190,2199,2200,-1,2190,2200,2188,-1,2164,2201,2162,-1,2162,2201,2202,-1,2162,2202,2176,-1,2176,2202,2203,-1,2176,2203,2174,-1,2174,2203,2204,-1,2174,2204,2195,-1,2205,2183,2206,-1,2206,2183,2182,-1,2206,2182,2207,-1,2207,2182,2181,-1,2207,2181,2208,-1,2208,2181,2180,-1,2208,2180,2209,-1,2209,2180,2179,-1,2209,2179,2210,-1,2210,2179,2178,-1,2210,2178,2211,-1,2211,2178,2177,-1,2211,2177,2212,-1,2212,2177,2175,-1,2212,2175,2213,-1,2213,2175,2173,-1,2213,2173,2214,-1,2214,2173,2171,-1,2214,2171,2215,-1,2215,2171,2193,-1,2215,2193,2216,-1,2216,2193,2191,-1,2216,2191,2217,-1,2217,2191,2189,-1,2217,2189,2218,-1,2218,2189,2187,-1,2218,2187,2219,-1,2219,2187,2185,-1,2219,2185,2220,-1,2221,2222,2223,-1,2221,2223,2224,-1,2224,2223,2225,-1,2224,2225,2226,-1,2227,2228,2229,-1,2229,2230,2227,-1,2227,2230,2231,-1,2227,2231,2232,-1,2232,2231,2233,-1,2232,2233,2234,-1,2225,2235,2226,-1,2226,2235,2236,-1,2226,2236,2237,-1,2237,2236,2238,-1,2237,2238,2228,-1,2228,2238,2239,-1,2228,2239,2229,-1,2240,2241,2242,-1,2243,2244,2245,-1,2245,2244,2246,-1,2245,2246,2247,-1,2242,2248,2240,-1,2240,2248,2249,-1,2240,2249,2250,-1,2250,2249,2251,-1,2250,2251,2243,-1,2243,2251,2252,-1,2243,2252,2244,-1,1934,2253,1940,-1,1940,2253,2254,-1,1940,2254,1938,-1,1938,2254,2255,-1,1938,2255,1950,-1,1950,2255,2256,-1,1950,2256,1931,-1,1931,2256,2257,-1,1931,2257,1932,-1,1932,2257,2258,-1,1932,2258,1955,-1,1955,2258,2259,-1,1955,2259,1892,-1,1892,2259,2260,-1,1892,2260,1890,-1,1890,2260,2261,-1,1890,2261,1885,-1,1885,2261,2262,-1,1885,2262,1886,-1,1886,2262,2263,-1,1886,2263,1895,-1,1895,2263,2264,-1,1895,2264,1884,-1,1884,2264,2265,-1,1884,2265,1882,-1,1882,2265,2266,-1,1882,2266,1880,-1,1880,2266,2267,-1,1880,2267,1860,-1,1860,2267,2268,-1,1860,2268,1858,-1,1858,2268,2269,-1,1858,2269,1856,-1,1856,2269,2270,-1,1856,2270,1863,-1,1863,2270,2271,-1,1863,2271,1848,-1,1848,2271,2272,-1,1848,2272,1849,-1,1849,2272,2273,-1,1849,2273,1853,-1,1853,2273,2274,-1,1853,2274,1851,-1,1851,2274,2275,-1,1851,2275,1868,-1,1868,2275,2276,-1,1868,2276,1840,-1,1840,2276,2277,-1,1840,2277,1841,-1,1841,2277,2278,-1,1841,2278,1845,-1,1845,2278,2279,-1,1845,2279,1839,-1,1839,2279,2280,-1,1839,2280,1837,-1,1837,2280,2281,-1,1837,2281,1835,-1,1835,2281,2282,-1,1835,2282,2283,-1,2283,2282,2284,-1,2283,2284,2285,-1,2285,2284,2286,-1,2285,2286,2247,-1,2247,2286,2287,-1,2247,2287,2245,-1,2245,2287,2288,-1,2245,2288,2243,-1,2243,2288,2289,-1,2243,2289,2250,-1,2250,2289,2290,-1,2250,2290,2240,-1,2240,2290,2291,-1,2240,2291,2241,-1,2241,2291,2292,-1,2241,2292,2293,-1,2293,2292,2294,-1,2293,2294,2234,-1,2234,2294,2295,-1,2234,2295,2232,-1,2232,2295,2296,-1,2232,2296,2227,-1,2227,2296,2297,-1,2227,2297,2228,-1,2228,2297,2298,-1,2228,2298,2237,-1,2237,2298,2299,-1,2237,2299,2226,-1,2226,2299,2300,-1,2226,2300,2224,-1,2224,2300,2301,-1,2224,2301,2221,-1,2221,2301,2302,-1,2233,2303,2234,-1,2234,2303,2304,-1,2234,2304,2293,-1,2293,2304,2305,-1,2293,2305,2241,-1,2241,2305,2306,-1,2241,2306,2242,-1,2220,2302,2307,-1,2307,2302,2301,-1,2307,2301,2308,-1,2308,2301,2300,-1,2308,2300,2309,-1,2309,2300,2299,-1,2309,2299,2310,-1,2310,2299,2298,-1,2310,2298,2311,-1,2311,2298,2297,-1,2311,2297,2312,-1,2312,2297,2296,-1,2312,2296,2313,-1,2313,2296,2295,-1,2313,2295,2314,-1,2314,2295,2294,-1,2314,2294,2315,-1,2315,2294,2292,-1,2315,2292,2316,-1,2316,2292,2291,-1,2316,2291,2317,-1,2317,2291,2290,-1,2317,2290,2318,-1,2318,2290,2289,-1,2318,2289,2319,-1,2319,2289,2288,-1,2319,2288,2320,-1,2320,2288,2287,-1,2320,2287,2321,-1,2321,2287,2286,-1,2321,2286,2322,-1,2322,2286,2284,-1,2322,2284,2323,-1,2323,2284,2282,-1,2323,2282,2324,-1,2324,2282,2281,-1,2324,2281,2325,-1,2325,2281,2280,-1,2325,2280,2326,-1,2326,2280,2279,-1,2326,2279,2327,-1,2327,2279,2278,-1,2327,2278,2328,-1,2328,2278,2277,-1,2328,2277,2329,-1,2329,2277,2276,-1,2329,2276,2330,-1,2330,2276,2275,-1,2330,2275,2331,-1,2331,2275,2274,-1,2331,2274,2332,-1,2332,2274,2273,-1,2332,2273,2333,-1,2333,2273,2272,-1,2333,2272,2334,-1,2334,2272,2271,-1,2334,2271,2335,-1,2335,2271,2270,-1,2335,2270,2336,-1,2336,2270,2269,-1,2336,2269,1926,-1,1926,2269,2268,-1,1926,2268,1924,-1,1924,2268,2267,-1,1924,2267,1922,-1,1922,2267,2266,-1,1922,2266,1920,-1,1920,2266,2265,-1,1920,2265,1918,-1,1918,2265,2264,-1,1918,2264,1916,-1,1916,2264,2263,-1,1916,2263,1914,-1,1914,2263,2262,-1,1914,2262,1912,-1,1912,2262,2261,-1,1912,2261,1910,-1,1910,2261,2260,-1,1910,2260,1908,-1,1908,2260,2259,-1,1908,2259,1906,-1,1906,2259,2258,-1,1906,2258,1904,-1,1904,2258,2257,-1,1904,2257,1902,-1,1902,2257,2256,-1,1902,2256,1900,-1,1900,2256,2255,-1,1900,2255,1898,-1,1898,2255,2254,-1,1898,2254,1779,-1,1779,2254,2253,-1,1779,2253,1777,-1,2200,2337,2188,-1,2188,2337,2338,-1,2188,2338,2186,-1,2186,2338,2339,-1,2186,2339,2184,-1,2184,2339,2340,-1,2184,2340,2341,-1,2220,2185,2302,-1,2302,2185,2184,-1,2302,2184,2221,-1,2221,2184,2341,-1,2221,2341,2222,-1,2342,2343,2344,-1,2344,2343,1830,-1,2344,1830,2345,-1,2345,1830,1829,-1,1716,1715,2343,-1,2343,1715,1714,-1,2343,1714,1830,-1,1830,1714,1711,-1,1830,1711,1712,-1,2346,2347,1717,-1,2348,2349,2346,-1,2346,2349,2350,-1,2346,2350,2347,-1,1790,2351,1792,-1,1792,2351,2352,-1,1792,2352,1793,-1,1793,2352,2353,-1,1793,2353,1794,-1,1794,2353,2354,-1,1794,2354,1791,-1,1791,2354,2355,-1,1791,2355,1805,-1,1805,2355,2356,-1,1805,2356,1806,-1,1806,2356,2357,-1,1806,2357,1807,-1,1807,2357,2358,-1,1807,2358,1799,-1,1799,2358,2359,-1,1799,2359,1802,-1,1802,2359,2360,-1,1802,2360,1803,-1,1803,2360,2361,-1,1803,2361,1804,-1,1804,2361,2362,-1,1804,2362,1800,-1,1800,2362,2363,-1,1800,2363,1801,-1,1801,2363,2364,-1,1801,2364,1784,-1,1784,2364,2365,-1,1784,2365,1785,-1,1785,2365,2366,-1,1785,2366,1811,-1,1811,2366,2367,-1,1811,2367,1813,-1,1813,2367,2368,-1,1813,2368,1814,-1,1814,2368,2369,-1,1814,2369,1815,-1,1815,2369,2370,-1,1815,2370,1812,-1,1812,2370,2371,-1,1812,2371,1826,-1,1826,2371,2372,-1,1826,2372,1827,-1,1827,2372,2373,-1,1827,2373,1828,-1,1828,2373,2374,-1,1828,2374,1820,-1,1820,2374,2375,-1,1820,2375,1823,-1,1823,2375,2376,-1,1823,2376,1824,-1,1824,2376,2377,-1,1824,2377,1825,-1,1825,2377,2378,-1,1825,2378,1821,-1,1821,2378,2379,-1,1821,2379,1822,-1,1822,2379,2380,-1,1822,2380,1829,-1,1829,2380,2381,-1,1829,2381,2345,-1,2345,2381,1775,-1,2345,1775,2344,-1,2344,1775,1774,-1,2344,1774,2342,-1,2350,2382,2347,-1,2347,2382,2383,-1,2347,2383,2384,-1,2385,1720,2384,-1,2384,1720,1719,-1,2384,1719,2347,-1,2347,1719,1718,-1,2347,1718,1717,-1,2383,2386,2384,-1,2384,2386,2387,-1,2384,2387,2385,-1,1724,1723,2388,-1,2388,1723,1722,-1,2388,1722,2385,-1,2385,1722,1721,-1,2385,1721,1720,-1,1726,1725,2389,-1,2389,1725,1724,-1,1724,2388,2389,-1,2389,2388,2390,-1,2389,2390,2391,-1,2387,2392,2385,-1,2385,2392,2393,-1,2385,2393,2388,-1,2388,2393,2394,-1,2388,2394,2390,-1,2391,2395,2389,-1,2389,2395,2396,-1,2389,2396,1726,-1,2397,2398,2399,-1,2399,2398,2400,-1,2401,2402,2403,-1,2403,2402,2404,-1,2403,2404,2405,-1,2406,2407,2408,-1,2408,2407,2409,-1,2408,2409,2410,-1,2411,1708,2396,-1,2396,1708,1727,-1,2396,1727,1726,-1,2395,2412,2396,-1,2396,2412,2413,-1,2396,2413,2411,-1,1738,1737,2414,-1,2414,1737,1736,-1,2414,1736,2411,-1,2411,1736,1709,-1,2411,1709,1708,-1,1740,1739,2415,-1,2415,1739,1738,-1,1738,2414,2415,-1,2415,2414,2416,-1,2415,2416,2417,-1,2413,2418,2411,-1,2411,2418,2419,-1,2411,2419,2414,-1,2414,2419,2420,-1,2414,2420,2416,-1,2417,1772,2415,-1,2415,1772,1771,-1,2415,1771,1740,-1,1740,1771,1741,-1,1773,2421,1771,-1,1771,2421,2422,-1,1771,2422,1759,-1,1759,2422,1752,-1,1752,2422,1753,-1,1753,2422,2423,-1,1753,2423,1754,-1,2424,2425,2423,-1,2423,2425,1769,-1,2423,1769,1754,-1,1757,1756,1789,-1,1789,1756,1755,-1,1789,1755,2425,-1,2425,1755,1768,-1,2425,1768,1769,-1,2426,2424,2427,-1,2427,2424,2423,-1,2427,2423,2428,-1,2428,2423,2422,-1,2428,2422,2429,-1,2429,2422,2421,-1,2426,2427,2430,-1,2430,2427,2428,-1,2430,2428,2431,-1,2431,2428,2429,-1,2431,2429,2432,-1,2432,2429,2421,-1,2432,2421,2433,-1,2433,2421,1773,-1,2433,1773,2434,-1,2434,1773,1772,-1,2434,1772,2435,-1,2435,1772,2417,-1,2435,2417,2436,-1,2436,2417,2416,-1,2436,2416,2437,-1,2437,2416,2420,-1,2437,2420,2438,-1,2438,2420,2419,-1,2438,2419,2439,-1,2439,2419,2418,-1,2439,2418,2440,-1,2440,2418,2413,-1,2440,2413,2441,-1,2441,2413,2412,-1,2441,2412,2442,-1,2442,2412,2395,-1,2442,2395,2443,-1,2443,2395,2391,-1,2443,2391,2444,-1,2444,2391,2390,-1,2444,2390,2445,-1,2445,2390,2394,-1,2445,2394,2446,-1,2446,2394,2393,-1,2446,2393,2447,-1,2447,2393,2392,-1,2447,2392,2448,-1,2448,2392,2387,-1,2448,2387,2449,-1,2449,2387,2386,-1,2449,2386,2450,-1,2450,2386,2383,-1,2450,2383,2451,-1,2451,2383,2382,-1,2451,2382,2452,-1,2452,2382,2350,-1,2452,2350,2453,-1,2453,2350,2349,-1,2453,2349,2454,-1,2454,2349,2348,-1,2454,2348,2455,-1,2456,2457,2458,-1,2458,2457,2459,-1,2458,2459,2460,-1,2460,2459,2461,-1,2460,2461,2462,-1,2426,2462,2424,-1,2424,2462,2461,-1,2424,2461,2425,-1,2425,2461,2459,-1,2425,2459,1789,-1,1789,2459,2457,-1,1789,2457,1790,-1,1790,2457,2456,-1,1790,2456,2351,-1,2463,2464,2465,-1,2465,2464,2466,-1,2465,2466,2467,-1,2467,2466,2468,-1,2467,2468,2469,-1,2469,2468,2470,-1,2469,2470,2471,-1,2471,2470,2472,-1,2471,2472,2473,-1,2473,2472,2474,-1,2473,2474,2475,-1,2475,2474,2476,-1,2475,2476,2477,-1,2477,2476,2478,-1,2477,2478,2479,-1,2479,2478,2480,-1,2479,2480,2481,-1,2481,2480,2482,-1,2481,2482,2483,-1,2483,2482,2484,-1,2483,2484,2485,-1,2485,2484,2486,-1,2485,2486,2487,-1,2487,2486,2488,-1,2487,2488,2489,-1,2489,2488,2490,-1,2489,2490,2491,-1,2491,2490,2492,-1,2491,2492,2493,-1,2493,2492,2494,-1,2493,2494,2495,-1,2495,2494,2496,-1,2495,2496,2497,-1,2497,2496,2498,-1,2497,2498,2499,-1,2499,2498,2500,-1,2499,2500,2501,-1,2501,2500,2502,-1,2501,2502,2503,-1,2503,2502,2504,-1,2503,2504,2505,-1,2505,2504,2506,-1,2505,2506,2507,-1,2507,2506,2508,-1,2507,2508,2509,-1,2509,2508,2510,-1,2509,2510,2511,-1,2511,2510,2512,-1,2511,2512,2513,-1,2513,2512,2514,-1,2513,2514,2515,-1,2515,2514,2516,-1,2515,2516,2517,-1,2517,2516,2518,-1,2517,2518,2519,-1,2519,2518,2520,-1,2519,2520,2521,-1,2521,2520,2522,-1,2521,2522,2523,-1,2523,2522,2524,-1,2523,2524,2525,-1,2525,2524,2526,-1,2525,2526,2527,-1,2527,2526,2528,-1,2527,2528,2529,-1,2529,2528,2530,-1,2529,2530,2531,-1,2531,2530,2532,-1,2531,2532,2533,-1,2533,2532,2534,-1,2533,2534,2535,-1,2535,2534,2536,-1,2535,2536,2537,-1,2537,2536,2538,-1,2537,2538,2539,-1,2539,2538,2540,-1,2539,2540,2541,-1,2541,2540,2542,-1,2541,2542,2543,-1,2543,2542,2544,-1,2543,2544,2545,-1,2545,2544,2546,-1,2545,2546,2547,-1,2547,2546,2548,-1,2547,2548,2549,-1,2549,2548,2550,-1,2549,2550,2551,-1,2551,2550,2552,-1,2551,2552,2553,-1,2553,2552,2554,-1,2553,2554,2555,-1,2555,2554,2556,-1,2555,2556,2557,-1,2557,2556,2558,-1,2557,2558,2559,-1,2559,2558,2560,-1,2559,2560,2561,-1,2561,2560,2562,-1,2561,2562,2563,-1,2563,2562,2564,-1,2563,2564,2565,-1,2565,2564,2566,-1,2565,2566,2567,-1,2567,2566,2568,-1,2567,2568,2569,-1,2569,2568,2570,-1,2569,2570,2571,-1,2571,2570,2572,-1,2571,2572,2573,-1,2573,2572,2574,-1,2573,2574,2575,-1,2575,2574,2576,-1,2575,2576,2577,-1,2577,2576,2578,-1,2577,2578,2579,-1,2579,2578,2580,-1,2579,2580,2581,-1,2581,2580,2582,-1,2581,2582,2583,-1,2583,2582,2584,-1,2583,2584,1831,-1,1831,2584,2585,-1,1831,2585,1832,-1,2586,2587,2588,-1,2588,2587,2589,-1,2588,2589,2590,-1,2590,2589,2591,-1,2590,2591,2592,-1,2592,2591,2593,-1,2592,2593,2594,-1,2594,2593,2595,-1,2594,2595,2596,-1,2596,2595,2597,-1,2596,2597,2598,-1,2598,2597,2599,-1,2598,2599,2600,-1,2600,2599,2601,-1,2600,2601,2602,-1,2602,2601,2603,-1,2602,2603,2604,-1,2604,2603,2605,-1,2604,2605,2606,-1,2606,2605,2607,-1,2606,2607,2608,-1,2608,2607,2609,-1,2608,2609,2610,-1,2610,2609,2611,-1,2610,2611,2612,-1,2612,2611,2613,-1,2612,2613,2614,-1,2614,2613,2615,-1,2614,2615,2616,-1,2616,2615,2617,-1,2616,2617,2618,-1,2618,2617,2619,-1,2618,2619,2620,-1,2620,2619,2621,-1,2620,2621,2622,-1,2622,2621,2623,-1,2622,2623,2624,-1,2624,2623,2625,-1,2624,2625,2626,-1,2626,2625,2627,-1,2626,2627,2628,-1,2628,2627,2629,-1,2628,2629,2630,-1,2630,2629,2631,-1,2630,2631,2632,-1,2632,2631,2633,-1,2632,2633,2634,-1,2634,2633,2635,-1,2634,2635,2636,-1,2636,2635,2637,-1,2636,2637,2638,-1,2638,2637,2639,-1,2638,2639,2640,-1,2640,2639,2641,-1,2640,2641,2642,-1,2642,2641,2643,-1,2642,2643,2644,-1,2644,2643,2645,-1,2644,2645,2646,-1,2646,2645,2647,-1,2646,2647,2648,-1,2648,2647,2649,-1,2648,2649,2650,-1,2650,2649,2651,-1,2650,2651,2652,-1,2652,2651,2653,-1,2652,2653,2654,-1,2654,2653,2655,-1,2654,2655,2656,-1,2656,2655,2657,-1,2656,2657,2658,-1,2658,2657,2659,-1,2658,2659,2660,-1,2660,2659,2661,-1,2660,2661,2662,-1,2662,2661,2663,-1,2662,2663,2664,-1,2664,2663,2665,-1,2664,2665,2666,-1,2666,2665,2667,-1,2666,2667,2668,-1,2668,2667,2669,-1,2668,2669,2670,-1,2670,2669,2671,-1,2670,2671,2672,-1,2672,2671,2673,-1,2672,2673,2674,-1,2674,2673,2675,-1,2674,2675,2676,-1,2676,2675,2677,-1,2676,2677,2678,-1,2678,2677,2679,-1,2678,2679,2680,-1,2680,2679,2681,-1,2680,2681,2682,-1,2682,2681,2683,-1,2682,2683,2684,-1,2684,2683,2685,-1,2684,2685,2686,-1,2686,2685,2687,-1,2686,2687,2688,-1,2688,2687,2689,-1,2688,2689,2690,-1,2690,2689,2691,-1,2690,2691,2692,-1,2692,2691,2693,-1,2692,2693,2694,-1,2694,2693,2695,-1,2694,2695,2696,-1,2696,2695,2697,-1,2696,2697,2698,-1,2698,2697,2699,-1,2698,2699,2700,-1,2700,2699,2701,-1,2700,2701,2702,-1,2702,2701,2703,-1,2702,2703,2704,-1,2704,2703,2705,-1,2704,2705,2706,-1,2706,2705,2707,-1,2706,2707,2405,-1,2405,2707,2400,-1,2405,2400,2403,-1,2403,2400,2398,-1,2403,2398,2401,-1,2401,2398,2397,-1,2587,2585,2589,-1,2589,2585,2584,-1,2589,2584,2591,-1,2591,2584,2582,-1,2591,2582,2593,-1,2593,2582,2580,-1,2593,2580,2595,-1,2595,2580,2578,-1,2595,2578,2597,-1,2597,2578,2576,-1,2597,2576,2599,-1,2599,2576,2574,-1,2599,2574,2601,-1,2601,2574,2572,-1,2601,2572,2603,-1,2603,2572,2570,-1,2603,2570,2605,-1,2605,2570,2568,-1,2605,2568,2607,-1,2607,2568,2566,-1,2607,2566,2609,-1,2609,2566,2564,-1,2609,2564,2611,-1,2611,2564,2562,-1,2611,2562,2613,-1,2613,2562,2560,-1,2613,2560,2615,-1,2615,2560,2558,-1,2615,2558,2617,-1,2617,2558,2556,-1,2617,2556,2619,-1,2619,2556,2554,-1,2619,2554,2621,-1,2621,2554,2552,-1,2621,2552,2623,-1,2623,2552,2550,-1,2623,2550,2625,-1,2625,2550,2548,-1,2625,2548,2627,-1,2627,2548,2546,-1,2627,2546,2629,-1,2629,2546,2544,-1,2629,2544,2631,-1,2631,2544,2542,-1,2631,2542,2633,-1,2633,2542,2540,-1,2633,2540,2635,-1,2635,2540,2538,-1,2635,2538,2637,-1,2637,2538,2536,-1,2637,2536,2639,-1,2639,2536,2534,-1,2639,2534,2641,-1,2641,2534,2532,-1,2641,2532,2643,-1,2643,2532,2530,-1,2643,2530,2645,-1,2645,2530,2528,-1,2645,2528,2647,-1,2647,2528,2526,-1,2647,2526,2649,-1,2649,2526,2524,-1,2649,2524,2651,-1,2651,2524,2522,-1,2651,2522,2653,-1,2653,2522,2520,-1,2653,2520,2655,-1,2655,2520,2518,-1,2655,2518,2657,-1,2657,2518,2516,-1,2657,2516,2659,-1,2659,2516,2514,-1,2659,2514,2661,-1,2661,2514,2512,-1,2661,2512,2663,-1,2663,2512,2510,-1,2663,2510,2665,-1,2665,2510,2508,-1,2665,2508,2667,-1,2667,2508,2506,-1,2667,2506,2669,-1,2669,2506,2504,-1,2669,2504,2671,-1,2671,2504,2502,-1,2671,2502,2673,-1,2673,2502,2500,-1,2673,2500,2675,-1,2675,2500,2498,-1,2675,2498,2677,-1,2677,2498,2496,-1,2677,2496,2679,-1,2679,2496,2494,-1,2679,2494,2681,-1,2681,2494,2492,-1,2681,2492,2683,-1,2683,2492,2490,-1,2683,2490,2685,-1,2685,2490,2488,-1,2685,2488,2687,-1,2687,2488,2486,-1,2687,2486,2689,-1,2689,2486,2484,-1,2689,2484,2691,-1,2691,2484,2482,-1,2691,2482,2693,-1,2693,2482,2480,-1,2693,2480,2695,-1,2695,2480,2478,-1,2695,2478,2697,-1,2697,2478,2476,-1,2697,2476,2699,-1,2699,2476,2474,-1,2699,2474,2701,-1,2701,2474,2472,-1,2701,2472,2703,-1,2703,2472,2470,-1,2703,2470,2705,-1,2705,2470,2468,-1,2705,2468,2707,-1,2707,2468,2466,-1,2707,2466,2400,-1,2400,2466,2464,-1,2400,2464,2399,-1,1776,1775,1833,-1,1833,1775,2381,-1,1833,2381,1831,-1,1831,2381,2380,-1,1831,2380,2583,-1,2583,2380,2379,-1,2583,2379,2581,-1,2581,2379,2378,-1,2581,2378,2579,-1,2579,2378,2377,-1,2579,2377,2577,-1,2577,2377,2376,-1,2577,2376,2575,-1,2575,2376,2375,-1,2575,2375,2573,-1,2573,2375,2374,-1,2573,2374,2571,-1,2571,2374,2373,-1,2571,2373,2569,-1,2569,2373,2372,-1,2569,2372,2567,-1,2567,2372,2371,-1,2567,2371,2565,-1,2565,2371,2370,-1,2565,2370,2563,-1,2563,2370,2369,-1,2563,2369,2561,-1,2561,2369,2368,-1,2561,2368,2559,-1,2559,2368,2367,-1,2559,2367,2557,-1,2557,2367,2366,-1,2557,2366,2555,-1,2555,2366,2365,-1,2555,2365,2553,-1,2553,2365,2364,-1,2553,2364,2551,-1,2551,2364,2363,-1,2551,2363,2549,-1,2549,2363,2362,-1,2549,2362,2547,-1,2547,2362,2361,-1,2547,2361,2545,-1,2545,2361,2360,-1,2545,2360,2543,-1,2543,2360,2359,-1,2543,2359,2541,-1,2541,2359,2358,-1,2541,2358,2539,-1,2539,2358,2357,-1,2539,2357,2537,-1,2537,2357,2356,-1,2537,2356,2535,-1,2535,2356,2355,-1,2535,2355,2533,-1,2533,2355,2354,-1,2533,2354,2531,-1,2531,2354,2353,-1,2531,2353,2529,-1,2529,2353,2352,-1,2529,2352,2527,-1,2527,2352,2351,-1,2527,2351,2525,-1,2525,2351,2456,-1,2525,2456,2523,-1,2523,2456,2458,-1,2523,2458,2521,-1,2521,2458,2460,-1,2521,2460,2519,-1,2519,2460,2462,-1,2519,2462,2517,-1,2517,2462,2426,-1,2517,2426,2515,-1,2515,2426,2430,-1,2515,2430,2513,-1,2513,2430,2431,-1,2513,2431,2511,-1,2511,2431,2432,-1,2511,2432,2509,-1,2509,2432,2433,-1,2509,2433,2507,-1,2507,2433,2434,-1,2507,2434,2505,-1,2505,2434,2435,-1,2505,2435,2503,-1,2503,2435,2436,-1,2503,2436,2501,-1,2501,2436,2437,-1,2501,2437,2499,-1,2499,2437,2438,-1,2499,2438,2497,-1,2497,2438,2439,-1,2497,2439,2495,-1,2495,2439,2440,-1,2495,2440,2493,-1,2493,2440,2441,-1,2493,2441,2491,-1,2491,2441,2442,-1,2491,2442,2489,-1,2489,2442,2443,-1,2489,2443,2487,-1,2487,2443,2444,-1,2487,2444,2485,-1,2485,2444,2445,-1,2485,2445,2483,-1,2483,2445,2446,-1,2483,2446,2481,-1,2481,2446,2447,-1,2481,2447,2479,-1,2479,2447,2448,-1,2479,2448,2477,-1,2477,2448,2449,-1,2477,2449,2475,-1,2475,2449,2450,-1,2475,2450,2473,-1,2473,2450,2451,-1,2473,2451,2471,-1,2471,2451,2452,-1,2471,2452,2469,-1,2469,2452,2453,-1,2469,2453,2467,-1,2467,2453,2454,-1,2467,2454,2465,-1,2465,2454,2455,-1,2465,2455,2463,-1,1961,1965,1962,-1,1962,1965,1967,-1,1962,1967,1964,-1,1964,1967,1969,-1,1964,1969,2090,-1,2090,1969,2708,-1,2090,2708,2088,-1,2088,2708,2709,-1,2088,2709,2086,-1,2086,2709,2710,-1,2086,2710,2084,-1,2084,2710,2711,-1,2084,2711,2082,-1,2082,2711,2712,-1,2082,2712,2080,-1,2080,2712,2713,-1,2080,2713,2078,-1,2078,2713,2714,-1,2078,2714,2076,-1,2076,2714,2715,-1,2076,2715,2074,-1,2074,2715,2716,-1,2074,2716,2072,-1,2072,2716,2717,-1,2072,2717,2070,-1,2070,2717,2718,-1,2070,2718,2068,-1,2068,2718,2719,-1,2068,2719,2066,-1,2066,2719,2720,-1,2066,2720,2064,-1,2064,2720,2721,-1,2064,2721,2062,-1,2062,2721,2722,-1,2062,2722,2060,-1,2060,2722,2723,-1,2060,2723,2058,-1,2058,2723,2724,-1,2058,2724,2056,-1,2056,2724,2725,-1,2056,2725,2054,-1,2054,2725,2726,-1,2054,2726,2052,-1,2052,2726,2727,-1,2052,2727,2050,-1,2050,2727,2728,-1,2050,2728,2048,-1,2048,2728,2729,-1,2048,2729,2046,-1,2046,2729,2730,-1,2046,2730,2044,-1,2044,2730,2731,-1,2044,2731,2042,-1,2042,2731,2732,-1,2042,2732,2040,-1,2040,2732,2733,-1,2040,2733,2038,-1,2038,2733,2734,-1,2038,2734,2036,-1,2036,2734,2735,-1,2036,2735,2034,-1,2034,2735,2736,-1,2034,2736,2032,-1,2032,2736,2737,-1,2032,2737,2030,-1,2030,2737,2738,-1,2030,2738,2028,-1,2028,2738,2739,-1,2028,2739,2026,-1,2026,2739,2740,-1,2026,2740,2024,-1,2024,2740,2741,-1,2024,2741,2022,-1,2022,2741,2742,-1,2022,2742,2020,-1,2020,2742,2743,-1,2020,2743,2018,-1,2018,2743,2744,-1,2018,2744,2016,-1,2016,2744,2745,-1,2016,2745,2014,-1,2014,2745,2746,-1,2014,2746,2012,-1,2012,2746,2747,-1,2012,2747,2010,-1,2010,2747,2748,-1,2010,2748,2008,-1,2008,2748,2749,-1,2008,2749,2006,-1,2006,2749,2750,-1,2006,2750,2004,-1,2004,2750,2751,-1,2004,2751,2002,-1,2002,2751,2752,-1,2002,2752,2000,-1,2000,2752,1927,-1,2000,1927,1998,-1,1998,1927,1925,-1,1998,1925,1996,-1,1996,1925,1923,-1,1996,1923,1994,-1,1994,1923,1921,-1,1994,1921,1992,-1,1992,1921,1919,-1,1992,1919,1990,-1,1990,1919,1917,-1,1990,1917,1988,-1,1988,1917,1915,-1,1988,1915,1986,-1,1986,1915,1913,-1,1986,1913,1984,-1,1984,1913,1911,-1,1984,1911,1982,-1,1982,1911,1909,-1,1982,1909,1980,-1,1980,1909,1907,-1,1980,1907,1978,-1,1978,1907,1905,-1,1978,1905,1976,-1,1976,1905,1903,-1,1976,1903,1974,-1,1974,1903,1901,-1,1974,1901,1972,-1,1972,1901,1899,-1,1972,1899,1970,-1,1970,1899,1782,-1,1970,1782,2753,-1,2753,1782,1781,-1,2753,1781,2754,-1,2754,1781,1930,-1,2754,1930,2205,-1,2205,1930,1929,-1,2205,1929,2183,-1,2183,1929,1928,-1,2183,1928,2156,-1,2156,1928,1777,-1,2156,1777,1947,-1,1947,1777,2253,-1,1947,2253,1945,-1,1945,2253,1934,-1,1945,1934,1943,-1,1943,1934,1936,-1,1943,1936,2154,-1,2154,1936,1691,-1,2154,1691,2157,-1,1874,1875,1873,-1,1873,1875,1877,-1,1873,1877,1871,-1,1871,1877,1879,-1,1871,1879,2153,-1,2153,1879,2755,-1,2153,2755,2152,-1,2152,2755,2756,-1,2152,2756,2151,-1,2151,2756,2757,-1,2151,2757,2150,-1,2150,2757,2758,-1,2150,2758,2149,-1,2149,2758,2759,-1,2149,2759,2148,-1,2148,2759,2760,-1,2148,2760,2147,-1,2147,2760,2761,-1,2147,2761,2146,-1,2146,2761,2762,-1,2146,2762,2145,-1,2145,2762,2763,-1,2145,2763,2144,-1,2144,2763,2764,-1,2144,2764,2143,-1,2143,2764,2765,-1,2143,2765,2142,-1,2142,2765,2766,-1,2142,2766,2141,-1,2141,2766,2767,-1,2141,2767,2140,-1,2140,2767,2768,-1,2140,2768,2139,-1,2139,2768,2769,-1,2139,2769,2138,-1,2138,2769,2770,-1,2138,2770,2137,-1,2137,2770,2771,-1,2137,2771,2136,-1,2136,2771,2772,-1,2136,2772,2135,-1,2135,2772,2773,-1,2135,2773,2134,-1,2134,2773,2774,-1,2134,2774,2133,-1,2133,2774,2775,-1,2133,2775,2132,-1,2132,2775,2776,-1,2132,2776,2131,-1,2131,2776,2777,-1,2131,2777,2130,-1,2130,2777,2778,-1,2130,2778,2129,-1,2129,2778,2779,-1,2129,2779,2128,-1,2128,2779,2780,-1,2128,2780,2127,-1,2127,2780,2781,-1,2127,2781,2126,-1,2126,2781,2782,-1,2126,2782,2125,-1,2125,2782,2783,-1,2125,2783,2124,-1,2124,2783,2784,-1,2124,2784,2123,-1,2123,2784,2785,-1,2123,2785,2122,-1,2122,2785,2786,-1,2122,2786,2121,-1,2121,2786,2787,-1,2121,2787,2120,-1,2120,2787,2788,-1,2120,2788,2119,-1,2119,2788,2789,-1,2119,2789,2118,-1,2118,2789,2790,-1,2118,2790,2117,-1,2117,2790,2791,-1,2117,2791,2116,-1,2116,2791,2792,-1,2116,2792,2115,-1,2115,2792,2793,-1,2115,2793,2114,-1,2114,2793,2794,-1,2114,2794,2113,-1,2113,2794,2795,-1,2113,2795,2112,-1,2112,2795,2796,-1,2112,2796,2111,-1,2111,2796,2797,-1,2111,2797,2110,-1,2110,2797,2798,-1,2110,2798,2109,-1,2109,2798,2799,-1,2109,2799,2108,-1,2108,2799,2800,-1,2108,2800,2107,-1,2107,2800,2801,-1,2107,2801,2106,-1,2106,2801,2802,-1,2106,2802,2105,-1,2105,2802,2803,-1,2105,2803,2104,-1,2104,2803,2804,-1,2104,2804,2103,-1,2103,2804,2805,-1,2103,2805,2102,-1,2102,2805,2806,-1,2102,2806,2101,-1,2101,2806,2807,-1,2101,2807,2100,-1,2100,2807,2808,-1,2100,2808,2099,-1,2099,2808,2809,-1,2099,2809,2098,-1,2098,2809,2810,-1,2098,2810,2097,-1,2097,2810,2811,-1,2097,2811,2096,-1,2096,2811,2812,-1,2096,2812,2095,-1,2095,2812,2813,-1,2095,2813,2094,-1,2094,2813,2814,-1,2094,2814,2093,-1,2093,2814,2410,-1,2093,2410,2815,-1,2815,2410,2409,-1,2815,2409,2816,-1,2816,2409,2407,-1,2816,2407,2586,-1,2586,2407,2406,-1,2586,2406,2587,-1,2246,2817,2247,-1,2247,2817,2818,-1,2247,2818,2285,-1,2285,2818,2819,-1,2285,2819,2283,-1,2283,2819,1707,-1,2283,1707,1835,-1,1835,1707,2820,-1,1835,2820,1836,-1,1717,1716,2346,-1,2346,1716,2343,-1,2346,2343,2348,-1,2348,2343,2342,-1,2348,2342,2455,-1,2455,2342,1774,-1,2455,1774,2463,-1,2463,1774,1776,-1,2463,1776,2464,-1,2464,1776,1834,-1,2464,1834,2399,-1,2399,1834,1832,-1,2399,1832,2397,-1,2397,1832,2585,-1,2397,2585,2401,-1,2401,2585,2587,-1,2401,2587,2402,-1,2402,2587,2406,-1,2402,2406,2404,-1,2404,2406,2408,-1,2404,2408,2405,-1,2405,2408,2410,-1,2405,2410,2706,-1,2706,2410,2814,-1,2706,2814,2704,-1,2704,2814,2813,-1,2704,2813,2702,-1,2702,2813,2812,-1,2702,2812,2700,-1,2700,2812,2811,-1,2700,2811,2698,-1,2698,2811,2810,-1,2698,2810,2696,-1,2696,2810,2809,-1,2696,2809,2694,-1,2694,2809,2808,-1,2694,2808,2692,-1,2692,2808,2807,-1,2692,2807,2690,-1,2690,2807,2806,-1,2690,2806,2688,-1,2688,2806,2805,-1,2688,2805,2686,-1,2686,2805,2804,-1,2686,2804,2684,-1,2684,2804,2803,-1,2684,2803,2682,-1,2682,2803,2802,-1,2682,2802,2680,-1,2680,2802,2801,-1,2680,2801,2678,-1,2678,2801,2800,-1,2678,2800,2676,-1,2676,2800,2799,-1,2676,2799,2674,-1,2674,2799,2798,-1,2674,2798,2672,-1,2672,2798,2797,-1,2672,2797,2670,-1,2670,2797,2796,-1,2670,2796,2668,-1,2668,2796,2795,-1,2668,2795,2666,-1,2666,2795,2794,-1,2666,2794,2664,-1,2664,2794,2793,-1,2664,2793,2662,-1,2662,2793,2792,-1,2662,2792,2660,-1,2660,2792,2791,-1,2660,2791,2658,-1,2658,2791,2790,-1,2658,2790,2656,-1,2656,2790,2789,-1,2656,2789,2654,-1,2654,2789,2788,-1,2654,2788,2652,-1,2652,2788,2787,-1,2652,2787,2650,-1,2650,2787,2786,-1,2650,2786,2648,-1,2648,2786,2785,-1,2648,2785,2646,-1,2646,2785,2784,-1,2646,2784,2644,-1,2644,2784,2783,-1,2644,2783,2642,-1,2642,2783,2782,-1,2642,2782,2640,-1,2640,2782,2781,-1,2640,2781,2638,-1,2638,2781,2780,-1,2638,2780,2636,-1,2636,2780,2779,-1,2636,2779,2634,-1,2634,2779,2778,-1,2634,2778,2632,-1,2632,2778,2777,-1,2632,2777,2630,-1,2630,2777,2776,-1,2630,2776,2628,-1,2628,2776,2775,-1,2628,2775,2626,-1,2626,2775,2774,-1,2626,2774,2624,-1,2624,2774,2773,-1,2624,2773,2622,-1,2622,2773,2772,-1,2622,2772,2620,-1,2620,2772,2771,-1,2620,2771,2618,-1,2618,2771,2770,-1,2618,2770,2616,-1,2616,2770,2769,-1,2616,2769,2614,-1,2614,2769,2768,-1,2614,2768,2612,-1,2612,2768,2767,-1,2612,2767,2610,-1,2610,2767,2766,-1,2610,2766,2608,-1,2608,2766,2765,-1,2608,2765,2606,-1,2606,2765,2764,-1,2606,2764,2604,-1,2604,2764,2763,-1,2604,2763,2602,-1,2602,2763,2762,-1,2602,2762,2600,-1,2600,2762,2761,-1,2600,2761,2598,-1,2598,2761,2760,-1,2598,2760,2596,-1,2596,2760,2759,-1,2596,2759,2594,-1,2594,2759,2758,-1,2594,2758,2592,-1,2592,2758,2757,-1,2592,2757,2590,-1,2590,2757,2756,-1,2590,2756,2588,-1,2588,2756,2755,-1,2588,2755,2586,-1,2586,2755,1879,-1,2586,1879,2816,-1,2816,1879,1878,-1,2816,1878,2815,-1,2815,1878,1876,-1,2815,1876,2093,-1,2093,1876,1875,-1,2093,1875,2092,-1,2092,1875,1874,-1,2092,1874,1963,-1,1963,1874,1872,-1,1963,1872,1961,-1,1961,1872,1971,-1,1961,1971,1965,-1,1965,1971,1970,-1,1965,1970,1966,-1,1966,1970,2753,-1,1966,2753,1968,-1,1968,2753,2754,-1,1968,2754,1969,-1,1969,2754,2205,-1,1969,2205,2708,-1,2708,2205,2206,-1,2708,2206,2709,-1,2709,2206,2207,-1,2709,2207,2710,-1,2710,2207,2208,-1,2710,2208,2711,-1,2711,2208,2209,-1,2711,2209,2712,-1,2712,2209,2210,-1,2712,2210,2713,-1,2713,2210,2211,-1,2713,2211,2714,-1,2714,2211,2212,-1,2714,2212,2715,-1,2715,2212,2213,-1,2715,2213,2716,-1,2716,2213,2214,-1,2716,2214,2717,-1,2717,2214,2215,-1,2717,2215,2718,-1,2718,2215,2216,-1,2718,2216,2719,-1,2719,2216,2217,-1,2719,2217,2720,-1,2720,2217,2218,-1,2720,2218,2721,-1,2721,2218,2219,-1,2721,2219,2722,-1,2722,2219,2220,-1,2722,2220,2723,-1,2723,2220,2307,-1,2723,2307,2724,-1,2724,2307,2308,-1,2724,2308,2725,-1,2725,2308,2309,-1,2725,2309,2726,-1,2726,2309,2310,-1,2726,2310,2727,-1,2727,2310,2311,-1,2727,2311,2728,-1,2728,2311,2312,-1,2728,2312,2729,-1,2729,2312,2313,-1,2729,2313,2730,-1,2730,2313,2314,-1,2730,2314,2731,-1,2731,2314,2315,-1,2731,2315,2732,-1,2732,2315,2316,-1,2732,2316,2733,-1,2733,2316,2317,-1,2733,2317,2734,-1,2734,2317,2318,-1,2734,2318,2735,-1,2735,2318,2319,-1,2735,2319,2736,-1,2736,2319,2320,-1,2736,2320,2737,-1,2737,2320,2321,-1,2737,2321,2738,-1,2738,2321,2322,-1,2738,2322,2739,-1,2739,2322,2323,-1,2739,2323,2740,-1,2740,2323,2324,-1,2740,2324,2741,-1,2741,2324,2325,-1,2741,2325,2742,-1,2742,2325,2326,-1,2742,2326,2743,-1,2743,2326,2327,-1,2743,2327,2744,-1,2744,2327,2328,-1,2744,2328,2745,-1,2745,2328,2329,-1,2745,2329,2746,-1,2746,2329,2330,-1,2746,2330,2747,-1,2747,2330,2331,-1,2747,2331,2748,-1,2748,2331,2332,-1,2748,2332,2749,-1,2749,2332,2333,-1,2749,2333,2750,-1,2750,2333,2334,-1,2750,2334,2751,-1,2751,2334,2335,-1,2751,2335,2752,-1,2752,2335,2336,-1,2752,2336,1927,-1,1927,2336,1926,-1,2821,2822,2823,-1,2823,2822,2824,-1,2823,2824,2825,-1,2825,2824,2826,-1,2825,2826,2827,-1,2827,2826,2828,-1,2827,2828,2829,-1,2829,2828,2830,-1,2829,2830,2831,-1,2831,2830,2832,-1,2831,2832,2833,-1,2833,2832,2834,-1,2833,2834,2835,-1,2835,2834,2836,-1,2835,2836,2837,-1,2837,2836,2838,-1,2837,2838,2839,-1,2839,2838,2840,-1,2839,2840,2841,-1,2841,2840,2842,-1,2841,2842,2843,-1,2843,2842,2844,-1,2843,2844,2845,-1,2845,2844,2846,-1,2845,2846,2847,-1,2847,2846,2848,-1,2847,2848,2849,-1,2849,2848,2850,-1,2849,2850,2851,-1,2851,2850,2852,-1,2851,2852,2853,-1,2853,2852,2854,-1,2853,2854,2855,-1,2855,2854,2856,-1,2855,2856,2857,-1,2857,2856,2858,-1,2857,2858,2859,-1,2859,2858,2860,-1,2859,2860,2861,-1,2861,2860,2862,-1,2861,2862,2863,-1,2863,2862,2864,-1,2863,2864,2865,-1,2865,2864,2866,-1,2865,2866,2867,-1,2867,2866,2868,-1,2867,2868,2821,-1,2821,2868,2822,-1,2869,2870,2871,-1,2872,2873,2874,-1,2875,2876,2877,-1,2877,2876,2878,-1,2877,2878,2879,-1,2880,2881,2882,-1,2882,2881,2883,-1,2882,2883,2884,-1,2884,2883,2885,-1,2884,2885,2878,-1,2878,2885,2886,-1,2878,2886,2879,-1,2873,2887,2874,-1,2874,2887,2888,-1,2874,2888,2882,-1,2882,2888,2889,-1,2882,2889,2880,-1,2890,2891,2892,-1,2892,2891,2893,-1,2892,2893,2872,-1,2890,2892,2894,-1,2894,2892,2895,-1,2894,2895,2896,-1,2897,2898,2895,-1,2895,2898,2899,-1,2895,2899,2900,-1,2900,2901,2895,-1,2895,2901,2902,-1,2895,2902,2896,-1,2903,2904,2897,-1,2904,2905,2897,-1,2897,2905,2906,-1,2897,2906,2898,-1,2869,2871,2907,-1,2908,2909,2910,-1,2910,2909,2911,-1,2910,2911,2871,-1,2871,2911,2912,-1,2871,2912,2907,-1,2913,2914,2910,-1,2910,2914,2915,-1,2910,2915,2908,-1,2916,2917,2913,-1,2913,2917,2918,-1,2913,2918,2914,-1,2919,2920,2921,-1,2921,2920,2922,-1,2921,2922,2923,-1,2919,2924,2920,-1,2920,2924,2925,-1,2920,2925,2926,-1,2926,2925,2927,-1,2926,2927,2928,-1,2927,2916,2928,-1,2928,2916,2913,-1,2928,2913,2929,-1,2929,2913,2910,-1,2930,2931,2871,-1,2871,2931,2932,-1,2871,2932,2910,-1,2910,2932,2933,-1,2910,2933,2929,-1,2934,2930,2897,-1,2897,2930,2871,-1,2897,2871,2903,-1,2903,2871,2870,-1,2934,2897,2935,-1,2935,2897,2895,-1,2935,2895,2936,-1,2936,2895,2937,-1,2937,2895,2892,-1,2937,2892,2938,-1,2872,2874,2892,-1,2892,2874,2939,-1,2892,2939,2938,-1,2884,2940,2882,-1,2882,2940,2941,-1,2882,2941,2874,-1,2874,2941,2942,-1,2874,2942,2939,-1,2943,2944,2945,-1,2946,2947,2948,-1,2948,2947,2949,-1,2948,2949,2950,-1,2950,2949,2951,-1,2950,2951,2952,-1,2953,2954,2955,-1,2954,2956,2955,-1,2955,2956,2957,-1,2955,2957,2948,-1,2948,2957,2958,-1,2948,2958,2946,-1,2959,2960,2961,-1,2961,2960,2962,-1,2962,2963,2961,-1,2961,2963,2964,-1,2961,2964,2955,-1,2955,2964,2965,-1,2955,2965,2953,-1,2945,2944,2959,-1,2959,2944,2966,-1,2959,2966,2967,-1,2967,2968,2959,-1,2959,2968,2969,-1,2959,2969,2960,-1,2970,2971,2972,-1,2972,2971,2973,-1,2972,2973,2945,-1,2945,2973,2974,-1,2945,2974,2943,-1,2975,2976,2977,-1,2975,2977,2978,-1,2977,2979,2978,-1,2978,2979,2980,-1,2978,2980,2972,-1,2972,2980,2981,-1,2972,2981,2970,-1,2982,2983,2984,-1,2984,2983,2975,-1,2975,2983,2985,-1,2975,2985,2976,-1,2986,2987,2988,-1,2988,2987,2989,-1,2988,2989,2984,-1,2984,2989,2990,-1,2984,2990,2982,-1,2991,2992,2993,-1,2993,2994,2991,-1,2991,2994,2995,-1,2991,2995,2988,-1,2988,2995,2996,-1,2988,2996,2986,-1,2997,2998,2999,-1,2999,2998,3000,-1,2999,3000,2991,-1,2991,3000,3001,-1,2991,3001,2992,-1,3002,3003,3004,-1,3003,3005,3004,-1,3004,3005,3006,-1,3004,3006,2999,-1,2999,3006,3007,-1,2999,3007,2997,-1,2875,3008,3009,-1,3009,3008,3010,-1,3009,3010,3004,-1,3004,3010,3011,-1,3004,3011,3002,-1,2930,2934,3012,-1,3012,2934,3013,-1,2930,3012,2931,-1,2931,3012,3014,-1,2931,3014,2932,-1,2932,3014,2933,-1,2933,3014,3015,-1,2933,3015,2929,-1,2929,3015,2928,-1,2928,3015,3016,-1,2928,3016,2926,-1,2926,3016,2920,-1,2920,3016,2950,-1,2920,2950,2922,-1,2922,2950,2952,-1,2922,2952,2923,-1,3017,2878,3009,-1,3009,2878,2876,-1,3009,2876,2875,-1,3018,2940,3017,-1,3017,2940,2884,-1,3017,2884,2878,-1,3019,2942,3018,-1,3018,2942,2941,-1,3018,2941,2940,-1,3020,2938,3019,-1,3019,2938,2939,-1,3019,2939,2942,-1,2934,2935,3013,-1,3013,2935,2936,-1,3013,2936,3020,-1,3020,2936,2937,-1,3020,2937,2938,-1,3021,3022,3023,-1,3023,3022,3024,-1,3023,3024,3025,-1,3025,3024,3026,-1,3025,3026,3027,-1,3027,3026,3028,-1,3027,3028,3029,-1,3029,3028,3030,-1,3029,3030,3031,-1,3031,3030,3032,-1,3031,3032,3033,-1,3033,3032,3034,-1,3033,3034,3035,-1,3035,3034,3036,-1,3035,3036,3037,-1,3037,3036,3038,-1,3037,3038,3039,-1,3039,3038,3040,-1,3039,3040,3041,-1,3041,3040,3042,-1,3041,3042,3043,-1,3043,3042,3044,-1,3043,3044,3045,-1,3045,3044,3046,-1,3045,3046,3047,-1,3047,3046,3048,-1,3047,3048,3049,-1,3049,3048,3050,-1,3049,3050,3051,-1,3051,3050,3052,-1,3051,3052,3053,-1,3053,3052,3054,-1,3053,3054,3055,-1,3055,3054,3056,-1,3055,3056,3057,-1,3057,3056,3058,-1,3057,3058,3059,-1,3059,3058,3060,-1,3059,3060,3061,-1,3061,3060,3062,-1,3061,3062,3063,-1,3063,3062,3064,-1,3063,3064,3065,-1,3065,3064,3066,-1,3065,3066,3067,-1,3067,3066,3068,-1,3067,3068,3021,-1,3021,3068,3022,-1,3069,3070,3071,-1,3072,3073,3074,-1,3075,3076,3077,-1,3077,3076,3078,-1,3077,3078,3079,-1,3080,3081,3082,-1,3082,3081,3083,-1,3082,3083,3084,-1,3084,3083,3085,-1,3084,3085,3078,-1,3078,3085,3086,-1,3078,3086,3079,-1,3073,3087,3074,-1,3074,3087,3088,-1,3074,3088,3082,-1,3082,3088,3089,-1,3082,3089,3080,-1,3090,3091,3092,-1,3092,3091,3093,-1,3092,3093,3072,-1,3090,3092,3094,-1,3094,3092,3095,-1,3094,3095,3096,-1,3097,3098,3095,-1,3095,3098,3099,-1,3095,3099,3100,-1,3100,3101,3095,-1,3095,3101,3102,-1,3095,3102,3096,-1,3103,3104,3097,-1,3104,3105,3097,-1,3097,3105,3106,-1,3097,3106,3098,-1,3069,3071,3107,-1,3108,3109,3110,-1,3110,3109,3111,-1,3110,3111,3071,-1,3071,3111,3112,-1,3071,3112,3107,-1,3113,3114,3110,-1,3110,3114,3115,-1,3110,3115,3108,-1,3116,3117,3113,-1,3113,3117,3118,-1,3113,3118,3114,-1,3119,3120,3121,-1,3121,3120,3122,-1,3121,3122,3123,-1,3119,3124,3120,-1,3120,3124,3125,-1,3120,3125,3126,-1,3126,3125,3127,-1,3126,3127,3128,-1,3127,3116,3128,-1,3128,3116,3113,-1,3128,3113,3129,-1,3129,3113,3110,-1,3130,3131,3071,-1,3071,3131,3132,-1,3071,3132,3110,-1,3110,3132,3133,-1,3110,3133,3129,-1,3134,3130,3097,-1,3097,3130,3071,-1,3097,3071,3103,-1,3103,3071,3070,-1,3134,3097,3135,-1,3135,3097,3095,-1,3135,3095,3136,-1,3136,3095,3137,-1,3137,3095,3092,-1,3137,3092,3138,-1,3072,3074,3092,-1,3092,3074,3139,-1,3092,3139,3138,-1,3084,3140,3082,-1,3082,3140,3141,-1,3082,3141,3074,-1,3074,3141,3142,-1,3074,3142,3139,-1,3143,3144,3145,-1,3146,3147,3148,-1,3148,3147,3149,-1,3148,3149,3150,-1,3150,3149,3151,-1,3150,3151,3152,-1,3153,3154,3155,-1,3154,3156,3155,-1,3155,3156,3157,-1,3155,3157,3148,-1,3148,3157,3158,-1,3148,3158,3146,-1,3159,3160,3161,-1,3161,3160,3162,-1,3162,3163,3161,-1,3161,3163,3164,-1,3161,3164,3155,-1,3155,3164,3165,-1,3155,3165,3153,-1,3145,3144,3159,-1,3159,3144,3166,-1,3159,3166,3167,-1,3167,3168,3159,-1,3159,3168,3169,-1,3159,3169,3160,-1,3170,3171,3172,-1,3172,3171,3173,-1,3172,3173,3145,-1,3145,3173,3174,-1,3145,3174,3143,-1,3175,3176,3177,-1,3175,3177,3178,-1,3177,3179,3178,-1,3178,3179,3180,-1,3178,3180,3172,-1,3172,3180,3181,-1,3172,3181,3170,-1,3182,3183,3184,-1,3184,3183,3175,-1,3175,3183,3185,-1,3175,3185,3176,-1,3186,3187,3188,-1,3188,3187,3189,-1,3188,3189,3184,-1,3184,3189,3190,-1,3184,3190,3182,-1,3191,3192,3193,-1,3193,3194,3191,-1,3191,3194,3195,-1,3191,3195,3188,-1,3188,3195,3196,-1,3188,3196,3186,-1,3197,3198,3199,-1,3199,3198,3200,-1,3199,3200,3191,-1,3191,3200,3201,-1,3191,3201,3192,-1,3202,3203,3204,-1,3203,3205,3204,-1,3204,3205,3206,-1,3204,3206,3199,-1,3199,3206,3207,-1,3199,3207,3197,-1,3208,3076,3075,-1,3075,3209,3208,-1,3208,3209,3210,-1,3208,3210,3204,-1,3204,3210,3211,-1,3204,3211,3202,-1,3076,3208,3078,-1,3078,3208,3212,-1,3078,3212,3084,-1,3084,3212,3140,-1,3140,3212,3213,-1,3140,3213,3141,-1,3141,3213,3142,-1,3142,3213,3214,-1,3142,3214,3139,-1,3139,3214,3138,-1,3138,3214,3215,-1,3138,3215,3137,-1,3137,3215,3136,-1,3136,3215,3216,-1,3136,3216,3135,-1,3135,3216,3134,-1,3134,3216,3217,-1,3134,3217,3130,-1,3130,3217,3131,-1,3131,3217,3218,-1,3131,3218,3132,-1,3132,3218,3133,-1,3133,3218,3219,-1,3133,3219,3129,-1,3129,3219,3128,-1,3128,3219,3220,-1,3128,3220,3126,-1,3126,3220,3120,-1,3120,3220,3150,-1,3120,3150,3122,-1,3122,3150,3152,-1,3122,3152,3123,-1,3221,180,179,-1,3222,3221,3223,-1,2899,3224,2900,-1,2900,3224,3225,-1,2900,3225,2901,-1,3221,179,3223,-1,3223,179,174,-1,3223,174,3226,-1,3226,174,176,-1,3226,176,3227,-1,3227,176,178,-1,3227,178,3228,-1,178,182,3228,-1,3228,182,184,-1,3228,184,3229,-1,2901,3225,2902,-1,2902,3225,3230,-1,2902,3230,2896,-1,2896,3230,3231,-1,2896,3231,2894,-1,2894,3231,3232,-1,2894,3232,2890,-1,184,191,3229,-1,3229,191,190,-1,3229,190,3233,-1,190,188,3233,-1,3233,188,186,-1,3233,186,3234,-1,3234,186,185,-1,3234,185,3235,-1,185,192,3235,-1,3235,192,194,-1,3235,194,3236,-1,3236,194,199,-1,3236,199,3237,-1,2890,3232,2891,-1,2891,3232,3238,-1,2891,3238,2893,-1,2893,3238,3239,-1,2893,3239,2872,-1,2872,3239,3240,-1,2872,3240,2873,-1,2873,3240,3241,-1,2873,3241,2887,-1,2887,3241,3242,-1,2887,3242,2888,-1,199,198,3237,-1,3237,198,196,-1,3237,196,3243,-1,3243,196,195,-1,3243,195,3244,-1,2888,3242,2889,-1,2889,3242,3245,-1,2889,3245,2880,-1,2880,3245,3246,-1,2880,3246,2881,-1,195,206,3244,-1,3244,206,205,-1,3244,205,3247,-1,2881,3246,2883,-1,2883,3246,3248,-1,2883,3248,2885,-1,205,203,3247,-1,3247,203,201,-1,3247,201,3249,-1,3249,201,200,-1,3249,200,3250,-1,3250,200,207,-1,3250,207,3251,-1,3251,207,209,-1,3251,209,3252,-1,3252,209,214,-1,3251,3253,3250,-1,3250,3253,3254,-1,3250,3254,3249,-1,3249,3254,3255,-1,3249,3255,3247,-1,3247,3255,3256,-1,3247,3256,3244,-1,3244,3256,3257,-1,3244,3257,3243,-1,3243,3257,3258,-1,3243,3258,3237,-1,3237,3258,3259,-1,3237,3259,3236,-1,3236,3259,3260,-1,3236,3260,3235,-1,3235,3260,3261,-1,3235,3261,3234,-1,3234,3261,3262,-1,3234,3262,3233,-1,3233,3262,3263,-1,3233,3263,3229,-1,3229,3263,3264,-1,3229,3264,3228,-1,3228,3264,3265,-1,3228,3265,3227,-1,3227,3265,3266,-1,3227,3266,3226,-1,3226,3266,3267,-1,3226,3267,3223,-1,3223,3267,3268,-1,3223,3268,3222,-1,3222,3268,3269,-1,3253,3270,3254,-1,3254,3270,3271,-1,3254,3271,3255,-1,3255,3271,3272,-1,3255,3272,3256,-1,3256,3272,3248,-1,3256,3248,3257,-1,3257,3248,3246,-1,3257,3246,3258,-1,3258,3246,3245,-1,3258,3245,3259,-1,3259,3245,3242,-1,3259,3242,3260,-1,3260,3242,3241,-1,3260,3241,3261,-1,3261,3241,3240,-1,3261,3240,3262,-1,3262,3240,3239,-1,3262,3239,3263,-1,3263,3239,3238,-1,3263,3238,3264,-1,3264,3238,3232,-1,3264,3232,3265,-1,3265,3232,3231,-1,3265,3231,3266,-1,3266,3231,3230,-1,3266,3230,3267,-1,3267,3230,3225,-1,3267,3225,3268,-1,3268,3225,3224,-1,3268,3224,3269,-1,3269,3224,2899,-1,3270,3273,3271,-1,3271,3273,3274,-1,3271,3274,3275,-1,2885,3248,2886,-1,2886,3248,3272,-1,2886,3272,2879,-1,2879,3272,3271,-1,2879,3271,2877,-1,2877,3271,3275,-1,2877,3275,2875,-1,171,173,3276,-1,166,169,3277,-1,3278,3279,3280,-1,3281,145,3282,-1,3282,145,29,-1,3283,3284,3282,-1,3282,3284,3285,-1,3282,3285,3281,-1,29,28,3282,-1,3282,28,146,-1,3282,146,3286,-1,3286,146,148,-1,3286,148,3287,-1,3288,2919,3289,-1,3289,2919,2921,-1,3289,2921,3280,-1,3280,2921,2923,-1,3280,2923,3278,-1,3290,2925,3288,-1,3288,2925,2924,-1,3288,2924,2919,-1,148,150,3287,-1,3287,150,153,-1,3287,153,3291,-1,3291,153,152,-1,3291,152,3292,-1,152,151,3292,-1,3292,151,26,-1,3292,26,3293,-1,3294,2917,3295,-1,3295,2917,2916,-1,3295,2916,3290,-1,3290,2916,2927,-1,3290,2927,2925,-1,26,25,3293,-1,3293,25,154,-1,3293,154,3296,-1,3296,154,156,-1,3296,156,3297,-1,3298,2908,3299,-1,3299,2908,2915,-1,3299,2915,3300,-1,3300,2915,2914,-1,3300,2914,3294,-1,3294,2914,2918,-1,3294,2918,2917,-1,156,158,3297,-1,3297,158,159,-1,3297,159,3301,-1,3301,159,160,-1,3301,160,3302,-1,3302,160,162,-1,3302,162,3303,-1,3304,2907,3305,-1,3305,2907,2912,-1,3305,2912,3306,-1,3306,2912,2911,-1,3306,2911,3298,-1,3298,2911,2909,-1,3298,2909,2908,-1,167,3307,168,-1,168,3307,3308,-1,168,3308,164,-1,164,3308,3303,-1,164,3303,165,-1,165,3303,162,-1,3309,3283,3310,-1,3310,3283,3282,-1,3310,3282,3311,-1,3311,3282,3286,-1,3311,3286,3312,-1,3312,3286,3287,-1,3312,3287,3313,-1,3313,3287,3291,-1,3313,3291,3314,-1,3314,3291,3292,-1,3314,3292,3315,-1,3315,3292,3293,-1,3315,3293,3316,-1,3316,3293,3296,-1,3316,3296,3317,-1,3317,3296,3297,-1,3317,3297,3318,-1,3318,3297,3301,-1,3318,3301,3319,-1,3319,3301,3302,-1,3319,3302,3320,-1,3320,3302,3303,-1,3320,3303,3321,-1,3321,3303,3308,-1,3321,3308,3322,-1,3322,3308,3307,-1,3322,3307,3323,-1,3279,3309,3280,-1,3280,3309,3310,-1,3280,3310,3289,-1,3289,3310,3311,-1,3289,3311,3288,-1,3288,3311,3312,-1,3288,3312,3290,-1,3290,3312,3313,-1,3290,3313,3295,-1,3295,3313,3314,-1,3295,3314,3294,-1,3294,3314,3315,-1,3294,3315,3300,-1,3300,3315,3316,-1,3300,3316,3299,-1,3299,3316,3317,-1,3299,3317,3298,-1,3298,3317,3318,-1,3298,3318,3306,-1,3306,3318,3319,-1,3306,3319,3305,-1,3305,3319,3320,-1,3305,3320,3304,-1,3304,3320,3321,-1,3304,3321,3324,-1,3324,3321,3322,-1,3324,3322,3325,-1,3325,3322,3323,-1,3325,3323,3326,-1,2906,2905,3326,-1,3326,2905,2904,-1,3326,2904,3325,-1,3325,2904,2903,-1,3325,2903,3324,-1,3324,2903,2870,-1,3324,2870,3304,-1,3304,2870,2869,-1,3304,2869,2907,-1,173,181,3276,-1,3276,181,3327,-1,3276,3327,3328,-1,169,171,3277,-1,3277,171,3276,-1,3277,3276,3329,-1,3329,3276,3328,-1,3329,3328,3330,-1,2898,2906,3330,-1,3330,2906,3326,-1,3330,3326,3329,-1,3329,3326,3323,-1,3329,3323,3277,-1,3277,3323,3307,-1,3277,3307,166,-1,166,3307,167,-1,2899,2898,3269,-1,3269,2898,3330,-1,3269,3330,3222,-1,3222,3330,3328,-1,3222,3328,3221,-1,3221,3328,3327,-1,3221,3327,180,-1,180,3327,181,-1,3331,2985,2983,-1,244,243,3332,-1,214,213,3252,-1,3252,213,3333,-1,3252,3333,3251,-1,3251,3333,3253,-1,3275,3274,3334,-1,2875,3335,3008,-1,3008,3335,3336,-1,3008,3336,3010,-1,220,3337,22,-1,22,3337,3338,-1,22,3338,210,-1,210,3338,3333,-1,210,3333,211,-1,211,3333,213,-1,220,219,3337,-1,3337,219,218,-1,3337,218,3339,-1,3339,218,217,-1,3339,217,3340,-1,3340,217,216,-1,3340,216,3341,-1,3010,3336,3011,-1,3011,3336,3342,-1,3011,3342,3002,-1,3002,3342,3343,-1,3002,3343,3003,-1,3003,3343,3344,-1,3003,3344,3005,-1,3005,3344,3345,-1,3005,3345,3006,-1,216,221,3341,-1,3341,221,223,-1,3341,223,3346,-1,223,230,3346,-1,3346,230,229,-1,3346,229,3347,-1,3006,3345,3007,-1,3007,3345,3348,-1,3007,3348,2997,-1,2997,3348,3349,-1,2997,3349,2998,-1,2998,3349,3350,-1,2998,3350,3000,-1,229,227,3347,-1,3347,227,225,-1,3347,225,3351,-1,3351,225,235,-1,3351,235,3352,-1,235,234,3352,-1,3352,234,232,-1,3352,232,3353,-1,3353,232,231,-1,3353,231,3354,-1,3354,231,242,-1,3354,242,3355,-1,3000,3350,3001,-1,3001,3350,3356,-1,3001,3356,2992,-1,2992,3356,3357,-1,2992,3357,2993,-1,2993,3357,3358,-1,2993,3358,2994,-1,2994,3358,3359,-1,2994,3359,2995,-1,237,3360,239,-1,239,3360,3355,-1,239,3355,241,-1,241,3355,242,-1,3270,3253,3361,-1,3361,3253,3333,-1,3361,3333,3362,-1,3362,3333,3338,-1,3362,3338,3363,-1,3363,3338,3337,-1,3363,3337,3364,-1,3364,3337,3339,-1,3364,3339,3365,-1,3365,3339,3340,-1,3365,3340,3366,-1,3366,3340,3341,-1,3366,3341,3367,-1,3367,3341,3346,-1,3367,3346,3368,-1,3368,3346,3347,-1,3368,3347,3369,-1,3369,3347,3351,-1,3369,3351,3370,-1,3370,3351,3352,-1,3370,3352,3371,-1,3371,3352,3353,-1,3371,3353,3372,-1,3372,3353,3354,-1,3372,3354,3373,-1,3373,3354,3355,-1,3373,3355,3374,-1,3374,3355,3360,-1,3374,3360,3375,-1,3273,3270,3376,-1,3376,3270,3361,-1,3376,3361,3377,-1,3377,3361,3362,-1,3377,3362,3378,-1,3378,3362,3363,-1,3378,3363,3379,-1,3379,3363,3364,-1,3379,3364,3380,-1,3380,3364,3365,-1,3380,3365,3381,-1,3381,3365,3366,-1,3381,3366,3382,-1,3382,3366,3367,-1,3382,3367,3383,-1,3383,3367,3368,-1,3383,3368,3384,-1,3384,3368,3369,-1,3384,3369,3385,-1,3385,3369,3370,-1,3385,3370,3386,-1,3386,3370,3371,-1,3386,3371,3387,-1,3387,3371,3372,-1,3387,3372,3388,-1,3388,3372,3373,-1,3388,3373,3389,-1,3389,3373,3374,-1,3389,3374,3390,-1,3390,3374,3375,-1,3390,3375,3391,-1,2995,3359,2996,-1,2996,3359,3392,-1,2996,3392,2986,-1,2986,3392,3393,-1,2986,3393,2987,-1,2987,3393,3394,-1,2987,3394,2989,-1,244,3332,246,-1,3274,3273,3334,-1,3334,3273,3376,-1,3334,3376,3395,-1,3395,3376,3377,-1,3395,3377,3396,-1,3396,3377,3378,-1,3396,3378,3397,-1,3397,3378,3379,-1,3397,3379,3398,-1,3398,3379,3380,-1,3398,3380,3399,-1,3399,3380,3381,-1,3399,3381,3400,-1,3400,3381,3382,-1,3400,3382,3401,-1,3401,3382,3383,-1,3401,3383,3402,-1,3402,3383,3384,-1,3402,3384,3403,-1,3403,3384,3385,-1,3403,3385,3404,-1,3404,3385,3386,-1,3404,3386,3405,-1,3405,3386,3387,-1,3405,3387,3406,-1,3406,3387,3388,-1,3406,3388,3407,-1,3407,3388,3389,-1,3407,3389,3408,-1,3408,3389,3390,-1,3408,3390,3409,-1,3409,3390,3391,-1,3409,3391,3410,-1,2875,3275,3335,-1,3335,3275,3334,-1,3335,3334,3336,-1,3336,3334,3395,-1,3336,3395,3342,-1,3342,3395,3396,-1,3342,3396,3343,-1,3343,3396,3397,-1,3343,3397,3344,-1,3344,3397,3398,-1,3344,3398,3345,-1,3345,3398,3399,-1,3345,3399,3348,-1,3348,3399,3400,-1,3348,3400,3349,-1,3349,3400,3401,-1,3349,3401,3350,-1,3350,3401,3402,-1,3350,3402,3356,-1,3356,3402,3403,-1,3356,3403,3357,-1,3357,3403,3404,-1,3357,3404,3358,-1,3358,3404,3405,-1,3358,3405,3359,-1,3359,3405,3406,-1,3359,3406,3392,-1,3392,3406,3407,-1,3392,3407,3393,-1,3393,3407,3408,-1,3393,3408,3394,-1,3394,3408,3409,-1,3394,3409,3411,-1,3411,3409,3410,-1,3411,3410,3412,-1,250,3413,248,-1,248,3413,3414,-1,248,3414,3415,-1,3414,3416,3415,-1,3415,3416,3417,-1,3415,3417,3418,-1,243,248,3332,-1,3332,248,3415,-1,3332,3415,3419,-1,3419,3415,3418,-1,3419,3418,3420,-1,3420,3421,3419,-1,3419,3421,3422,-1,3419,3422,3423,-1,247,246,3424,-1,3424,246,3332,-1,3424,3332,3425,-1,3425,3332,3419,-1,3425,3419,3426,-1,3426,3419,3423,-1,3423,3427,3426,-1,3426,3427,3428,-1,3426,3428,3429,-1,236,247,3430,-1,3430,247,3424,-1,3430,3424,3431,-1,3431,3424,3425,-1,3431,3425,3432,-1,3432,3425,3426,-1,3432,3426,3433,-1,3433,3426,3429,-1,3429,3434,3433,-1,3433,3434,3435,-1,3433,3435,3436,-1,237,236,3360,-1,3360,236,3430,-1,3360,3430,3375,-1,3375,3430,3431,-1,3375,3431,3391,-1,3391,3431,3432,-1,3391,3432,3410,-1,3410,3432,3433,-1,3410,3433,3412,-1,3412,3433,3436,-1,3412,3436,3437,-1,3437,3438,3412,-1,3412,3438,3439,-1,3412,3439,3440,-1,2989,3394,2990,-1,2990,3394,3411,-1,2990,3411,2982,-1,2982,3411,3412,-1,2982,3412,2983,-1,2983,3412,3440,-1,2983,3440,3331,-1,3279,3278,3441,-1,3283,3309,3442,-1,3443,3444,3445,-1,3446,0,120,-1,3447,3448,3449,-1,3449,3448,3446,-1,3443,3445,3450,-1,3451,3452,3453,-1,2973,2971,3454,-1,3454,3455,3456,-1,3446,120,3449,-1,3449,120,119,-1,3449,119,3457,-1,3457,119,41,-1,3457,41,3458,-1,3454,3456,2973,-1,2973,3456,3459,-1,2973,3459,2974,-1,2974,3459,3460,-1,2974,3460,2943,-1,41,40,3458,-1,3458,40,125,-1,3458,125,3461,-1,125,124,3461,-1,3461,124,122,-1,3461,122,3462,-1,3462,122,121,-1,3462,121,3463,-1,3463,121,129,-1,3463,129,3464,-1,2943,3460,2944,-1,2944,3460,3465,-1,2944,3465,2966,-1,2966,3465,3466,-1,2966,3466,2967,-1,2967,3466,3467,-1,2967,3467,2968,-1,2968,3467,3468,-1,2968,3468,2969,-1,129,128,3464,-1,3464,128,126,-1,3464,126,3469,-1,2969,3468,2960,-1,2960,3468,3470,-1,2960,3470,2962,-1,2962,3470,3471,-1,2962,3471,2963,-1,126,131,3469,-1,3469,131,130,-1,3469,130,3472,-1,3472,130,38,-1,3472,38,3473,-1,38,37,3473,-1,3473,37,132,-1,3473,132,3474,-1,3474,132,134,-1,3474,134,3475,-1,3475,134,136,-1,3475,136,3476,-1,2963,3471,2964,-1,2964,3471,3477,-1,2964,3477,2965,-1,2965,3477,3478,-1,2965,3478,2953,-1,2953,3478,3479,-1,2953,3479,2954,-1,2954,3479,3480,-1,2954,3480,2956,-1,136,137,3476,-1,3476,137,35,-1,3476,35,3481,-1,35,34,3481,-1,3481,34,139,-1,3481,139,3482,-1,2956,3480,2957,-1,2957,3480,3483,-1,2957,3483,2958,-1,2958,3483,3484,-1,2958,3484,2946,-1,2946,3484,3485,-1,2946,3485,2947,-1,31,3486,32,-1,32,3486,3487,-1,32,3487,140,-1,140,3487,3482,-1,140,3482,141,-1,141,3482,139,-1,145,3281,144,-1,144,3281,3488,-1,144,3488,142,-1,142,3488,3486,-1,142,3486,387,-1,387,3486,31,-1,3281,3285,3488,-1,3488,3285,3489,-1,3488,3489,3486,-1,3486,3489,3490,-1,3486,3490,3487,-1,3487,3490,3491,-1,3487,3491,3482,-1,3482,3491,3492,-1,3482,3492,3481,-1,3481,3492,3493,-1,3481,3493,3476,-1,3476,3493,3494,-1,3476,3494,3475,-1,3475,3494,3495,-1,3475,3495,3474,-1,3474,3495,3496,-1,3474,3496,3473,-1,3473,3496,3497,-1,3473,3497,3472,-1,3472,3497,3498,-1,3472,3498,3469,-1,3469,3498,3499,-1,3469,3499,3464,-1,3464,3499,3500,-1,3464,3500,3463,-1,3463,3500,3501,-1,3463,3501,3462,-1,3462,3501,3502,-1,3462,3502,3461,-1,3461,3502,3503,-1,3461,3503,3458,-1,3458,3503,3504,-1,3458,3504,3457,-1,3457,3504,3505,-1,3457,3505,3449,-1,3449,3505,3445,-1,3449,3445,3447,-1,3447,3445,3444,-1,3285,3284,3489,-1,3489,3284,3506,-1,3489,3506,3490,-1,3490,3506,3507,-1,3490,3507,3491,-1,3491,3507,3508,-1,3491,3508,3492,-1,3492,3508,3509,-1,3492,3509,3493,-1,3493,3509,3510,-1,3493,3510,3494,-1,3494,3510,3511,-1,3494,3511,3495,-1,3495,3511,3512,-1,3495,3512,3496,-1,3496,3512,3513,-1,3496,3513,3497,-1,3497,3513,3514,-1,3497,3514,3498,-1,3498,3514,3515,-1,3498,3515,3499,-1,3499,3515,3516,-1,3499,3516,3500,-1,3500,3516,3517,-1,3500,3517,3501,-1,3501,3517,3518,-1,3501,3518,3502,-1,3502,3518,3519,-1,3502,3519,3503,-1,3503,3519,3520,-1,3503,3520,3504,-1,3504,3520,3521,-1,3504,3521,3505,-1,3505,3521,3522,-1,3505,3522,3445,-1,3445,3522,3523,-1,3445,3523,3450,-1,3450,3523,3524,-1,3284,3283,3506,-1,3506,3283,3442,-1,3506,3442,3507,-1,3507,3442,3525,-1,3507,3525,3508,-1,3508,3525,3526,-1,3508,3526,3509,-1,3509,3526,3527,-1,3509,3527,3510,-1,3510,3527,3528,-1,3510,3528,3511,-1,3511,3528,3529,-1,3511,3529,3512,-1,3512,3529,3530,-1,3512,3530,3513,-1,3513,3530,3531,-1,3513,3531,3514,-1,3514,3531,3532,-1,3514,3532,3515,-1,3515,3532,3533,-1,3515,3533,3516,-1,3516,3533,3534,-1,3516,3534,3517,-1,3517,3534,3535,-1,3517,3535,3518,-1,3518,3535,3536,-1,3518,3536,3519,-1,3519,3536,3537,-1,3519,3537,3520,-1,3520,3537,3538,-1,3520,3538,3521,-1,3521,3538,3539,-1,3521,3539,3522,-1,3522,3539,3540,-1,3522,3540,3523,-1,3523,3540,3453,-1,3523,3453,3524,-1,3524,3453,3452,-1,3309,3279,3442,-1,3442,3279,3441,-1,3442,3441,3525,-1,3525,3441,3541,-1,3525,3541,3526,-1,3526,3541,3485,-1,3526,3485,3527,-1,3527,3485,3484,-1,3527,3484,3528,-1,3528,3484,3483,-1,3528,3483,3529,-1,3529,3483,3480,-1,3529,3480,3530,-1,3530,3480,3479,-1,3530,3479,3531,-1,3531,3479,3478,-1,3531,3478,3532,-1,3532,3478,3477,-1,3532,3477,3533,-1,3533,3477,3471,-1,3533,3471,3534,-1,3534,3471,3470,-1,3534,3470,3535,-1,3535,3470,3468,-1,3535,3468,3536,-1,3536,3468,3467,-1,3536,3467,3537,-1,3537,3467,3466,-1,3537,3466,3538,-1,3538,3466,3465,-1,3538,3465,3539,-1,3539,3465,3460,-1,3539,3460,3540,-1,3540,3460,3459,-1,3540,3459,3453,-1,3453,3459,3456,-1,3453,3456,3451,-1,3451,3456,3455,-1,2947,3485,2949,-1,2949,3485,3541,-1,2949,3541,2951,-1,2951,3541,3441,-1,2951,3441,2952,-1,2952,3441,3278,-1,2952,3278,2923,-1,3438,3437,3542,-1,3420,3418,3543,-1,2980,2979,3544,-1,2976,2985,3331,-1,3545,2977,2976,-1,2977,3545,2979,-1,2970,2981,3546,-1,3546,2981,2980,-1,2971,2970,3454,-1,3454,2970,3546,-1,3454,3546,3455,-1,3455,3546,3547,-1,3455,3547,3451,-1,3451,3547,3452,-1,3452,3547,3548,-1,3452,3548,3524,-1,3524,3548,3549,-1,3524,3549,3450,-1,3450,3549,3550,-1,3450,3550,3443,-1,3443,3550,3444,-1,3444,3550,3551,-1,3444,3551,3447,-1,3552,3553,3554,-1,3554,3553,1,-1,3447,3551,3448,-1,3448,3551,3554,-1,3448,3554,3446,-1,3446,3554,1,-1,3446,1,0,-1,3555,3556,3557,-1,3558,3559,3560,-1,3560,3559,3561,-1,3558,3560,1770,-1,1770,3560,3413,-1,1770,3413,250,-1,3418,3417,3543,-1,3543,3417,3416,-1,3543,3416,3560,-1,3560,3416,3414,-1,3560,3414,3413,-1,3420,3543,3421,-1,3421,3543,3562,-1,3421,3562,3422,-1,3563,3427,3562,-1,3562,3427,3423,-1,3562,3423,3422,-1,3435,3434,3564,-1,3564,3434,3429,-1,3564,3429,3563,-1,3563,3429,3565,-1,3563,3565,3427,-1,3542,3437,3564,-1,3564,3437,3436,-1,3564,3436,3435,-1,2976,3331,3545,-1,3545,3331,3440,-1,3545,3440,3542,-1,3542,3440,3439,-1,3542,3439,3438,-1,2979,3545,3544,-1,3544,3545,3542,-1,3544,3542,3566,-1,3566,3542,3564,-1,3566,3564,3567,-1,3567,3564,3563,-1,3567,3563,3568,-1,3568,3563,3562,-1,3568,3562,3569,-1,3569,3562,3543,-1,3569,3543,3570,-1,3570,3543,3560,-1,3570,3560,3555,-1,3555,3560,3561,-1,3555,3561,3556,-1,2980,3544,3546,-1,3546,3544,3566,-1,3546,3566,3547,-1,3547,3566,3567,-1,3547,3567,3548,-1,3548,3567,3568,-1,3548,3568,3549,-1,3549,3568,3569,-1,3549,3569,3550,-1,3550,3569,3570,-1,3550,3570,3551,-1,3551,3570,3555,-1,3551,3555,3554,-1,3554,3555,3557,-1,3554,3557,3552,-1,3571,3185,3183,-1,113,112,3572,-1,83,82,3573,-1,3573,82,3574,-1,3573,3574,3575,-1,3575,3574,3576,-1,3577,3578,3579,-1,3075,3580,3209,-1,3209,3580,3581,-1,3209,3581,3210,-1,89,3582,43,-1,43,3582,3583,-1,43,3583,79,-1,79,3583,3574,-1,79,3574,80,-1,80,3574,82,-1,89,88,3582,-1,3582,88,87,-1,3582,87,3584,-1,3584,87,86,-1,3584,86,3585,-1,3585,86,85,-1,3585,85,3586,-1,3210,3581,3211,-1,3211,3581,3587,-1,3211,3587,3202,-1,3202,3587,3588,-1,3202,3588,3203,-1,3203,3588,3589,-1,3203,3589,3205,-1,3205,3589,3590,-1,3205,3590,3206,-1,85,90,3586,-1,3586,90,92,-1,3586,92,3591,-1,92,99,3591,-1,3591,99,98,-1,3591,98,3592,-1,3206,3590,3207,-1,3207,3590,3593,-1,3207,3593,3197,-1,3197,3593,3594,-1,3197,3594,3198,-1,3198,3594,3595,-1,3198,3595,3200,-1,98,96,3592,-1,3592,96,94,-1,3592,94,3596,-1,3596,94,104,-1,3596,104,3597,-1,104,103,3597,-1,3597,103,101,-1,3597,101,3598,-1,3598,101,100,-1,3598,100,3599,-1,3599,100,111,-1,3599,111,3600,-1,3200,3595,3201,-1,3201,3595,3601,-1,3201,3601,3192,-1,3192,3601,3602,-1,3192,3602,3193,-1,3193,3602,3603,-1,3193,3603,3194,-1,3194,3603,3604,-1,3194,3604,3195,-1,106,3605,108,-1,108,3605,3600,-1,108,3600,110,-1,110,3600,111,-1,3606,3576,3607,-1,3607,3576,3574,-1,3607,3574,3608,-1,3608,3574,3583,-1,3608,3583,3609,-1,3609,3583,3582,-1,3609,3582,3610,-1,3610,3582,3584,-1,3610,3584,3611,-1,3611,3584,3585,-1,3611,3585,3612,-1,3612,3585,3586,-1,3612,3586,3613,-1,3613,3586,3591,-1,3613,3591,3614,-1,3614,3591,3592,-1,3614,3592,3615,-1,3615,3592,3596,-1,3615,3596,3616,-1,3616,3596,3597,-1,3616,3597,3617,-1,3617,3597,3598,-1,3617,3598,3618,-1,3618,3598,3599,-1,3618,3599,3619,-1,3619,3599,3600,-1,3619,3600,3620,-1,3620,3600,3605,-1,3620,3605,3621,-1,3622,3606,3623,-1,3623,3606,3607,-1,3623,3607,3624,-1,3624,3607,3608,-1,3624,3608,3625,-1,3625,3608,3609,-1,3625,3609,3626,-1,3626,3609,3610,-1,3626,3610,3627,-1,3627,3610,3611,-1,3627,3611,3628,-1,3628,3611,3612,-1,3628,3612,3629,-1,3629,3612,3613,-1,3629,3613,3630,-1,3630,3613,3614,-1,3630,3614,3631,-1,3631,3614,3615,-1,3631,3615,3632,-1,3632,3615,3616,-1,3632,3616,3633,-1,3633,3616,3617,-1,3633,3617,3634,-1,3634,3617,3618,-1,3634,3618,3635,-1,3635,3618,3619,-1,3635,3619,3636,-1,3636,3619,3620,-1,3636,3620,3637,-1,3637,3620,3621,-1,3637,3621,3638,-1,3195,3604,3196,-1,3196,3604,3639,-1,3196,3639,3186,-1,3186,3639,3640,-1,3186,3640,3187,-1,3187,3640,3641,-1,3187,3641,3189,-1,113,3572,115,-1,3578,3622,3579,-1,3579,3622,3623,-1,3579,3623,3642,-1,3642,3623,3624,-1,3642,3624,3643,-1,3643,3624,3625,-1,3643,3625,3644,-1,3644,3625,3626,-1,3644,3626,3645,-1,3645,3626,3627,-1,3645,3627,3646,-1,3646,3627,3628,-1,3646,3628,3647,-1,3647,3628,3629,-1,3647,3629,3648,-1,3648,3629,3630,-1,3648,3630,3649,-1,3649,3630,3631,-1,3649,3631,3650,-1,3650,3631,3632,-1,3650,3632,3651,-1,3651,3632,3633,-1,3651,3633,3652,-1,3652,3633,3634,-1,3652,3634,3653,-1,3653,3634,3635,-1,3653,3635,3654,-1,3654,3635,3636,-1,3654,3636,3655,-1,3655,3636,3637,-1,3655,3637,3656,-1,3656,3637,3638,-1,3656,3638,3657,-1,3075,3577,3580,-1,3580,3577,3579,-1,3580,3579,3581,-1,3581,3579,3642,-1,3581,3642,3587,-1,3587,3642,3643,-1,3587,3643,3588,-1,3588,3643,3644,-1,3588,3644,3589,-1,3589,3644,3645,-1,3589,3645,3590,-1,3590,3645,3646,-1,3590,3646,3593,-1,3593,3646,3647,-1,3593,3647,3594,-1,3594,3647,3648,-1,3594,3648,3595,-1,3595,3648,3649,-1,3595,3649,3601,-1,3601,3649,3650,-1,3601,3650,3602,-1,3602,3650,3651,-1,3602,3651,3603,-1,3603,3651,3652,-1,3603,3652,3604,-1,3604,3652,3653,-1,3604,3653,3639,-1,3639,3653,3654,-1,3639,3654,3640,-1,3640,3654,3655,-1,3640,3655,3641,-1,3641,3655,3656,-1,3641,3656,3658,-1,3658,3656,3657,-1,3658,3657,3659,-1,3,3660,117,-1,117,3660,3661,-1,117,3661,3662,-1,3661,3663,3662,-1,3662,3663,3664,-1,3662,3664,3665,-1,112,117,3572,-1,3572,117,3662,-1,3572,3662,3666,-1,3666,3662,3665,-1,3666,3665,3667,-1,3667,3668,3666,-1,3666,3668,3669,-1,3666,3669,3670,-1,116,115,3671,-1,3671,115,3572,-1,3671,3572,3672,-1,3672,3572,3666,-1,3672,3666,3673,-1,3673,3666,3670,-1,3670,3674,3673,-1,3673,3674,3675,-1,3673,3675,3676,-1,105,116,3677,-1,3677,116,3671,-1,3677,3671,3678,-1,3678,3671,3672,-1,3678,3672,3679,-1,3679,3672,3673,-1,3679,3673,3680,-1,3680,3673,3676,-1,3676,3681,3680,-1,3680,3681,3682,-1,3680,3682,3683,-1,106,105,3605,-1,3605,105,3677,-1,3605,3677,3621,-1,3621,3677,3678,-1,3621,3678,3638,-1,3638,3678,3679,-1,3638,3679,3657,-1,3657,3679,3680,-1,3657,3680,3659,-1,3659,3680,3683,-1,3659,3683,3684,-1,3684,3685,3659,-1,3659,3685,3686,-1,3659,3686,3687,-1,3189,3641,3190,-1,3190,3641,3658,-1,3190,3658,3182,-1,3182,3658,3659,-1,3182,3659,3183,-1,3183,3659,3687,-1,3183,3687,3571,-1,3180,3179,3688,-1,3685,3684,3689,-1,3667,3665,3690,-1,3,1,3660,-1,3660,1,3691,-1,3665,3664,3690,-1,3690,3664,3663,-1,3690,3663,3691,-1,3691,3663,3661,-1,3691,3661,3660,-1,3667,3690,3668,-1,3668,3690,3692,-1,3668,3692,3669,-1,3693,3674,3692,-1,3692,3674,3670,-1,3692,3670,3669,-1,3682,3681,3694,-1,3694,3681,3676,-1,3694,3676,3693,-1,3693,3676,3695,-1,3693,3695,3674,-1,3689,3684,3694,-1,3694,3684,3683,-1,3694,3683,3682,-1,3696,3571,3687,-1,3696,3687,3689,-1,3689,3687,3686,-1,3689,3686,3685,-1,3185,3571,3176,-1,3176,3571,3696,-1,3176,3696,3177,-1,3177,3696,3179,-1,3170,3181,3697,-1,3697,3181,3180,-1,3171,3170,3698,-1,3698,3170,3697,-1,3698,3697,3699,-1,3699,3697,3700,-1,3701,3702,3703,-1,3703,3702,3704,-1,3703,3704,3705,-1,3705,3704,3706,-1,3705,3706,3707,-1,3707,3706,3708,-1,3707,3708,3700,-1,3700,3708,3709,-1,3700,3709,3699,-1,3559,3558,3710,-1,3710,3558,1770,-1,3701,3703,3711,-1,3711,3703,3712,-1,3711,3712,3713,-1,3713,3712,3710,-1,3713,3710,3714,-1,3714,3710,1770,-1,3714,1770,254,-1,3715,3556,3561,-1,1,3553,3691,-1,3691,3553,3552,-1,3691,3552,3557,-1,3179,3696,3688,-1,3688,3696,3689,-1,3688,3689,3716,-1,3716,3689,3694,-1,3716,3694,3717,-1,3717,3694,3693,-1,3717,3693,3718,-1,3718,3693,3692,-1,3718,3692,3719,-1,3719,3692,3690,-1,3719,3690,3720,-1,3720,3690,3691,-1,3720,3691,3715,-1,3715,3691,3557,-1,3715,3557,3556,-1,3180,3688,3697,-1,3697,3688,3716,-1,3697,3716,3700,-1,3700,3716,3717,-1,3700,3717,3707,-1,3707,3717,3718,-1,3707,3718,3705,-1,3705,3718,3719,-1,3705,3719,3703,-1,3703,3719,3720,-1,3703,3720,3712,-1,3712,3720,3715,-1,3712,3715,3710,-1,3710,3715,3561,-1,3710,3561,3559,-1,3573,3575,3721,-1,3722,314,313,-1,3723,3722,3724,-1,3099,3725,3100,-1,3100,3725,3726,-1,3100,3726,3101,-1,3722,313,3724,-1,3724,313,46,-1,3724,46,3727,-1,3727,46,48,-1,3727,48,3728,-1,3728,48,50,-1,3728,50,3729,-1,50,51,3729,-1,3729,51,53,-1,3729,53,3730,-1,3101,3726,3102,-1,3102,3726,3731,-1,3102,3731,3096,-1,3096,3731,3732,-1,3096,3732,3094,-1,3094,3732,3733,-1,3094,3733,3090,-1,53,60,3730,-1,3730,60,59,-1,3730,59,3734,-1,59,57,3734,-1,3734,57,55,-1,3734,55,3735,-1,3735,55,54,-1,3735,54,3736,-1,54,61,3736,-1,3736,61,63,-1,3736,63,3737,-1,3737,63,68,-1,3737,68,3738,-1,3090,3733,3091,-1,3091,3733,3739,-1,3091,3739,3093,-1,3093,3739,3740,-1,3093,3740,3072,-1,3072,3740,3741,-1,3072,3741,3073,-1,3073,3741,3742,-1,3073,3742,3087,-1,3087,3742,3743,-1,3087,3743,3088,-1,68,67,3738,-1,3738,67,65,-1,3738,65,3744,-1,3744,65,64,-1,3744,64,3745,-1,3088,3743,3089,-1,3089,3743,3746,-1,3089,3746,3080,-1,3080,3746,3747,-1,3080,3747,3081,-1,64,75,3745,-1,3745,75,74,-1,3745,74,3748,-1,3081,3747,3083,-1,3083,3747,3749,-1,3083,3749,3085,-1,74,72,3748,-1,3748,72,70,-1,3748,70,3750,-1,3750,70,69,-1,3750,69,3721,-1,83,3573,78,-1,78,3573,3721,-1,78,3721,76,-1,76,3721,69,-1,3575,3576,3721,-1,3721,3576,3751,-1,3721,3751,3750,-1,3750,3751,3752,-1,3750,3752,3748,-1,3748,3752,3753,-1,3748,3753,3745,-1,3745,3753,3754,-1,3745,3754,3744,-1,3744,3754,3755,-1,3744,3755,3738,-1,3738,3755,3756,-1,3738,3756,3737,-1,3737,3756,3757,-1,3737,3757,3736,-1,3736,3757,3758,-1,3736,3758,3735,-1,3735,3758,3759,-1,3735,3759,3734,-1,3734,3759,3760,-1,3734,3760,3730,-1,3730,3760,3761,-1,3730,3761,3729,-1,3729,3761,3762,-1,3729,3762,3728,-1,3728,3762,3763,-1,3728,3763,3727,-1,3727,3763,3764,-1,3727,3764,3724,-1,3724,3764,3765,-1,3724,3765,3723,-1,3723,3765,3766,-1,3576,3606,3751,-1,3751,3606,3767,-1,3751,3767,3752,-1,3752,3767,3768,-1,3752,3768,3753,-1,3753,3768,3749,-1,3753,3749,3754,-1,3754,3749,3747,-1,3754,3747,3755,-1,3755,3747,3746,-1,3755,3746,3756,-1,3756,3746,3743,-1,3756,3743,3757,-1,3757,3743,3742,-1,3757,3742,3758,-1,3758,3742,3741,-1,3758,3741,3759,-1,3759,3741,3740,-1,3759,3740,3760,-1,3760,3740,3739,-1,3760,3739,3761,-1,3761,3739,3733,-1,3761,3733,3762,-1,3762,3733,3732,-1,3762,3732,3763,-1,3763,3732,3731,-1,3763,3731,3764,-1,3764,3731,3726,-1,3764,3726,3765,-1,3765,3726,3725,-1,3765,3725,3766,-1,3766,3725,3099,-1,3606,3622,3767,-1,3767,3622,3578,-1,3767,3578,3577,-1,3085,3749,3086,-1,3086,3749,3768,-1,3086,3768,3079,-1,3079,3768,3767,-1,3079,3767,3077,-1,3077,3767,3577,-1,3077,3577,3075,-1,3769,3770,3771,-1,3772,3773,3774,-1,3698,3699,3775,-1,3709,3708,3776,-1,3702,3701,3777,-1,3714,254,252,-1,3711,3713,3778,-1,3778,3713,3714,-1,3702,3777,3704,-1,3173,3171,3698,-1,3714,252,3778,-1,3778,252,251,-1,3778,251,3779,-1,3779,251,20,-1,3779,20,3780,-1,3698,3775,3173,-1,3173,3775,3781,-1,3173,3781,3174,-1,3174,3781,3782,-1,3174,3782,3143,-1,20,19,3780,-1,3780,19,260,-1,3780,260,3783,-1,260,259,3783,-1,3783,259,258,-1,3783,258,3784,-1,3784,258,257,-1,3784,257,3785,-1,3785,257,256,-1,3785,256,3786,-1,3143,3782,3144,-1,3144,3782,3787,-1,3144,3787,3166,-1,3166,3787,3788,-1,3166,3788,3167,-1,3167,3788,3789,-1,3167,3789,3168,-1,3168,3789,3790,-1,3168,3790,3169,-1,256,261,3786,-1,3786,261,263,-1,3786,263,3791,-1,3169,3790,3160,-1,3160,3790,3792,-1,3160,3792,3162,-1,3162,3792,3793,-1,3162,3793,3163,-1,263,267,3791,-1,3791,267,265,-1,3791,265,3794,-1,3794,265,264,-1,3794,264,3795,-1,264,270,3795,-1,3795,270,272,-1,3795,272,3796,-1,3796,272,268,-1,3796,268,3797,-1,3797,268,17,-1,3797,17,3798,-1,3163,3793,3164,-1,3164,3793,3799,-1,3164,3799,3165,-1,3165,3799,3800,-1,3165,3800,3153,-1,3153,3800,3801,-1,3153,3801,3154,-1,3154,3801,3802,-1,3154,3802,3156,-1,17,16,3798,-1,3798,16,275,-1,3798,275,3803,-1,275,274,3803,-1,3803,274,280,-1,3803,280,3804,-1,3156,3802,3157,-1,3157,3802,3805,-1,3157,3805,3158,-1,3158,3805,3806,-1,3158,3806,3146,-1,3146,3806,3807,-1,3146,3807,3147,-1,14,3808,276,-1,276,3808,3809,-1,276,3809,277,-1,277,3809,3804,-1,277,3804,279,-1,279,3804,280,-1,282,3810,283,-1,283,3810,3811,-1,283,3811,284,-1,284,3811,3808,-1,284,3808,13,-1,13,3808,14,-1,3810,3812,3811,-1,3811,3812,3813,-1,3811,3813,3808,-1,3808,3813,3814,-1,3808,3814,3809,-1,3809,3814,3815,-1,3809,3815,3804,-1,3804,3815,3816,-1,3804,3816,3803,-1,3803,3816,3817,-1,3803,3817,3798,-1,3798,3817,3818,-1,3798,3818,3797,-1,3797,3818,3819,-1,3797,3819,3796,-1,3796,3819,3820,-1,3796,3820,3795,-1,3795,3820,3821,-1,3795,3821,3794,-1,3794,3821,3822,-1,3794,3822,3791,-1,3791,3822,3823,-1,3791,3823,3786,-1,3786,3823,3824,-1,3786,3824,3785,-1,3785,3824,3825,-1,3785,3825,3784,-1,3784,3825,3826,-1,3784,3826,3783,-1,3783,3826,3827,-1,3783,3827,3780,-1,3780,3827,3828,-1,3780,3828,3779,-1,3779,3828,3829,-1,3779,3829,3778,-1,3778,3829,3777,-1,3778,3777,3711,-1,3711,3777,3701,-1,3812,3830,3813,-1,3813,3830,3831,-1,3813,3831,3814,-1,3814,3831,3832,-1,3814,3832,3815,-1,3815,3832,3833,-1,3815,3833,3816,-1,3816,3833,3834,-1,3816,3834,3817,-1,3817,3834,3835,-1,3817,3835,3818,-1,3818,3835,3836,-1,3818,3836,3819,-1,3819,3836,3837,-1,3819,3837,3820,-1,3820,3837,3838,-1,3820,3838,3821,-1,3821,3838,3839,-1,3821,3839,3822,-1,3822,3839,3840,-1,3822,3840,3823,-1,3823,3840,3841,-1,3823,3841,3824,-1,3824,3841,3842,-1,3824,3842,3825,-1,3825,3842,3843,-1,3825,3843,3826,-1,3826,3843,3844,-1,3826,3844,3827,-1,3827,3844,3845,-1,3827,3845,3828,-1,3828,3845,3846,-1,3828,3846,3829,-1,3829,3846,3847,-1,3829,3847,3777,-1,3777,3847,3848,-1,3777,3848,3704,-1,3704,3848,3706,-1,3830,3772,3831,-1,3831,3772,3774,-1,3831,3774,3832,-1,3832,3774,3849,-1,3832,3849,3833,-1,3833,3849,3850,-1,3833,3850,3834,-1,3834,3850,3851,-1,3834,3851,3835,-1,3835,3851,3852,-1,3835,3852,3836,-1,3836,3852,3853,-1,3836,3853,3837,-1,3837,3853,3854,-1,3837,3854,3838,-1,3838,3854,3855,-1,3838,3855,3839,-1,3839,3855,3856,-1,3839,3856,3840,-1,3840,3856,3857,-1,3840,3857,3841,-1,3841,3857,3858,-1,3841,3858,3842,-1,3842,3858,3859,-1,3842,3859,3843,-1,3843,3859,3860,-1,3843,3860,3844,-1,3844,3860,3861,-1,3844,3861,3845,-1,3845,3861,3862,-1,3845,3862,3846,-1,3846,3862,3863,-1,3846,3863,3847,-1,3847,3863,3864,-1,3847,3864,3848,-1,3848,3864,3776,-1,3848,3776,3706,-1,3706,3776,3708,-1,3773,3769,3774,-1,3774,3769,3771,-1,3774,3771,3849,-1,3849,3771,3865,-1,3849,3865,3850,-1,3850,3865,3807,-1,3850,3807,3851,-1,3851,3807,3806,-1,3851,3806,3852,-1,3852,3806,3805,-1,3852,3805,3853,-1,3853,3805,3802,-1,3853,3802,3854,-1,3854,3802,3801,-1,3854,3801,3855,-1,3855,3801,3800,-1,3855,3800,3856,-1,3856,3800,3799,-1,3856,3799,3857,-1,3857,3799,3793,-1,3857,3793,3858,-1,3858,3793,3792,-1,3858,3792,3859,-1,3859,3792,3790,-1,3859,3790,3860,-1,3860,3790,3789,-1,3860,3789,3861,-1,3861,3789,3788,-1,3861,3788,3862,-1,3862,3788,3787,-1,3862,3787,3863,-1,3863,3787,3782,-1,3863,3782,3864,-1,3864,3782,3781,-1,3864,3781,3776,-1,3776,3781,3775,-1,3776,3775,3709,-1,3709,3775,3699,-1,3147,3807,3149,-1,3149,3807,3865,-1,3149,3865,3151,-1,3151,3865,3771,-1,3151,3771,3152,-1,3152,3771,3770,-1,3152,3770,3123,-1,310,312,3866,-1,305,308,3867,-1,3770,3769,3868,-1,3810,282,3869,-1,3869,282,11,-1,3772,3830,3869,-1,3869,3830,3812,-1,3869,3812,3810,-1,11,10,3869,-1,3869,10,285,-1,3869,285,3870,-1,3870,285,287,-1,3870,287,3871,-1,3872,3119,3873,-1,3873,3119,3121,-1,3873,3121,3868,-1,3868,3121,3123,-1,3868,3123,3770,-1,3874,3125,3872,-1,3872,3125,3124,-1,3872,3124,3119,-1,287,289,3871,-1,3871,289,292,-1,3871,292,3875,-1,3875,292,291,-1,3875,291,3876,-1,291,290,3876,-1,3876,290,8,-1,3876,8,3877,-1,3878,3117,3879,-1,3879,3117,3116,-1,3879,3116,3874,-1,3874,3116,3127,-1,3874,3127,3125,-1,8,7,3877,-1,3877,7,293,-1,3877,293,3880,-1,3880,293,295,-1,3880,295,3881,-1,3882,3108,3883,-1,3883,3108,3115,-1,3883,3115,3884,-1,3884,3115,3114,-1,3884,3114,3878,-1,3878,3114,3118,-1,3878,3118,3117,-1,295,297,3881,-1,3881,297,298,-1,3881,298,3885,-1,3885,298,299,-1,3885,299,3886,-1,3886,299,301,-1,3886,301,3887,-1,3888,3107,3889,-1,3889,3107,3112,-1,3889,3112,3890,-1,3890,3112,3111,-1,3890,3111,3882,-1,3882,3111,3109,-1,3882,3109,3108,-1,306,3891,307,-1,307,3891,3892,-1,307,3892,303,-1,303,3892,3887,-1,303,3887,304,-1,304,3887,301,-1,3773,3772,3893,-1,3893,3772,3869,-1,3893,3869,3894,-1,3894,3869,3870,-1,3894,3870,3895,-1,3895,3870,3871,-1,3895,3871,3896,-1,3896,3871,3875,-1,3896,3875,3897,-1,3897,3875,3876,-1,3897,3876,3898,-1,3898,3876,3877,-1,3898,3877,3899,-1,3899,3877,3880,-1,3899,3880,3900,-1,3900,3880,3881,-1,3900,3881,3901,-1,3901,3881,3885,-1,3901,3885,3902,-1,3902,3885,3886,-1,3902,3886,3903,-1,3903,3886,3887,-1,3903,3887,3904,-1,3904,3887,3892,-1,3904,3892,3905,-1,3905,3892,3891,-1,3905,3891,3906,-1,3769,3773,3868,-1,3868,3773,3893,-1,3868,3893,3873,-1,3873,3893,3894,-1,3873,3894,3872,-1,3872,3894,3895,-1,3872,3895,3874,-1,3874,3895,3896,-1,3874,3896,3879,-1,3879,3896,3897,-1,3879,3897,3878,-1,3878,3897,3898,-1,3878,3898,3884,-1,3884,3898,3899,-1,3884,3899,3883,-1,3883,3899,3900,-1,3883,3900,3882,-1,3882,3900,3901,-1,3882,3901,3890,-1,3890,3901,3902,-1,3890,3902,3889,-1,3889,3902,3903,-1,3889,3903,3888,-1,3888,3903,3904,-1,3888,3904,3907,-1,3907,3904,3905,-1,3907,3905,3908,-1,3908,3905,3906,-1,3908,3906,3909,-1,3106,3105,3909,-1,3909,3105,3104,-1,3909,3104,3908,-1,3908,3104,3103,-1,3908,3103,3907,-1,3907,3103,3070,-1,3907,3070,3888,-1,3888,3070,3069,-1,3888,3069,3107,-1,312,315,3866,-1,3866,315,3910,-1,3866,3910,3911,-1,308,310,3867,-1,3867,310,3866,-1,3867,3866,3912,-1,3912,3866,3911,-1,3912,3911,3913,-1,3098,3106,3913,-1,3913,3106,3909,-1,3913,3909,3912,-1,3912,3909,3906,-1,3912,3906,3867,-1,3867,3906,3891,-1,3867,3891,305,-1,305,3891,306,-1,3099,3098,3766,-1,3766,3098,3913,-1,3766,3913,3723,-1,3723,3913,3911,-1,3723,3911,3722,-1,3722,3911,3910,-1,3722,3910,314,-1,314,3910,315,-1,3216,3914,3217,-1,3217,3914,3915,-1,3217,3915,3218,-1,3218,3915,3916,-1,3218,3916,3219,-1,3219,3916,3917,-1,3219,3917,3220,-1,3220,3917,3918,-1,3220,3918,3150,-1,3150,3918,3919,-1,3150,3919,3148,-1,3148,3919,3920,-1,3148,3920,3155,-1,3155,3920,3921,-1,3155,3921,3161,-1,3161,3921,3922,-1,3161,3922,3159,-1,3159,3922,3923,-1,3159,3923,3145,-1,3145,3923,3924,-1,3145,3924,3172,-1,3172,3924,3925,-1,3172,3925,3178,-1,3178,3925,3926,-1,3178,3926,3175,-1,3175,3926,3927,-1,3175,3927,3184,-1,3184,3927,3928,-1,3184,3928,3188,-1,3188,3928,3929,-1,3188,3929,3191,-1,3191,3929,3930,-1,3191,3930,3199,-1,3199,3930,3931,-1,3199,3931,3204,-1,3204,3931,3932,-1,3204,3932,3208,-1,3208,3932,3933,-1,3208,3933,3212,-1,3212,3933,3934,-1,3212,3934,3213,-1,3213,3934,3935,-1,3213,3935,3214,-1,3214,3935,3936,-1,3214,3936,3215,-1,3215,3936,3937,-1,3215,3937,3216,-1,3216,3937,3914,-1,3937,3938,3914,-1,3914,3938,3939,-1,3914,3939,3915,-1,3915,3939,3940,-1,3915,3940,3916,-1,3916,3940,3941,-1,3916,3941,3917,-1,3917,3941,3942,-1,3917,3942,3918,-1,3918,3942,3943,-1,3918,3943,3919,-1,3919,3943,3944,-1,3919,3944,3920,-1,3920,3944,3945,-1,3920,3945,3921,-1,3921,3945,3946,-1,3921,3946,3922,-1,3922,3946,3947,-1,3922,3947,3923,-1,3923,3947,3948,-1,3923,3948,3924,-1,3924,3948,3949,-1,3924,3949,3925,-1,3925,3949,3950,-1,3925,3950,3926,-1,3926,3950,3951,-1,3926,3951,3927,-1,3927,3951,3952,-1,3927,3952,3928,-1,3928,3952,3953,-1,3928,3953,3929,-1,3929,3953,3954,-1,3929,3954,3930,-1,3930,3954,3955,-1,3930,3955,3931,-1,3931,3955,3956,-1,3931,3956,3932,-1,3932,3956,3957,-1,3932,3957,3933,-1,3933,3957,3958,-1,3933,3958,3934,-1,3934,3958,3959,-1,3934,3959,3935,-1,3935,3959,3960,-1,3935,3960,3936,-1,3936,3960,3961,-1,3936,3961,3937,-1,3937,3961,3938,-1,3961,3962,3938,-1,3938,3962,3963,-1,3938,3963,3939,-1,3939,3963,3964,-1,3939,3964,3940,-1,3940,3964,3965,-1,3940,3965,3941,-1,3941,3965,3966,-1,3941,3966,3942,-1,3942,3966,3967,-1,3942,3967,3943,-1,3943,3967,3968,-1,3943,3968,3944,-1,3944,3968,3969,-1,3944,3969,3945,-1,3945,3969,3970,-1,3945,3970,3946,-1,3946,3970,3971,-1,3946,3971,3947,-1,3947,3971,3972,-1,3947,3972,3948,-1,3948,3972,3973,-1,3948,3973,3949,-1,3949,3973,3974,-1,3949,3974,3950,-1,3950,3974,3975,-1,3950,3975,3951,-1,3951,3975,3976,-1,3951,3976,3952,-1,3952,3976,3977,-1,3952,3977,3953,-1,3953,3977,3978,-1,3953,3978,3954,-1,3954,3978,3979,-1,3954,3979,3955,-1,3955,3979,3980,-1,3955,3980,3956,-1,3956,3980,3981,-1,3956,3981,3957,-1,3957,3981,3982,-1,3957,3982,3958,-1,3958,3982,3983,-1,3958,3983,3959,-1,3959,3983,3984,-1,3959,3984,3960,-1,3960,3984,3985,-1,3960,3985,3961,-1,3961,3985,3962,-1,3985,3986,3962,-1,3962,3986,3987,-1,3962,3987,3963,-1,3963,3987,3988,-1,3963,3988,3964,-1,3964,3988,3989,-1,3964,3989,3965,-1,3965,3989,3990,-1,3965,3990,3966,-1,3966,3990,3991,-1,3966,3991,3967,-1,3967,3991,3992,-1,3967,3992,3968,-1,3968,3992,3993,-1,3968,3993,3969,-1,3969,3993,3994,-1,3969,3994,3970,-1,3970,3994,3995,-1,3970,3995,3971,-1,3971,3995,3996,-1,3971,3996,3972,-1,3972,3996,3997,-1,3972,3997,3973,-1,3973,3997,3998,-1,3973,3998,3974,-1,3974,3998,3999,-1,3974,3999,3975,-1,3975,3999,4000,-1,3975,4000,3976,-1,3976,4000,4001,-1,3976,4001,3977,-1,3977,4001,4002,-1,3977,4002,3978,-1,3978,4002,4003,-1,3978,4003,3979,-1,3979,4003,4004,-1,3979,4004,3980,-1,3980,4004,4005,-1,3980,4005,3981,-1,3981,4005,4006,-1,3981,4006,3982,-1,3982,4006,4007,-1,3982,4007,3983,-1,3983,4007,4008,-1,3983,4008,3984,-1,3984,4008,4009,-1,3984,4009,3985,-1,3985,4009,3986,-1,4009,4010,3986,-1,3986,4010,4011,-1,3986,4011,3987,-1,3987,4011,4012,-1,3987,4012,3988,-1,3988,4012,4013,-1,3988,4013,3989,-1,3989,4013,4014,-1,3989,4014,3990,-1,3990,4014,4015,-1,3990,4015,3991,-1,3991,4015,4016,-1,3991,4016,3992,-1,3992,4016,4017,-1,3992,4017,3993,-1,3993,4017,4018,-1,3993,4018,3994,-1,3994,4018,4019,-1,3994,4019,3995,-1,3995,4019,4020,-1,3995,4020,3996,-1,3996,4020,4021,-1,3996,4021,3997,-1,3997,4021,4022,-1,3997,4022,3998,-1,3998,4022,4023,-1,3998,4023,3999,-1,3999,4023,4024,-1,3999,4024,4000,-1,4000,4024,4025,-1,4000,4025,4001,-1,4001,4025,4026,-1,4001,4026,4002,-1,4002,4026,4027,-1,4002,4027,4003,-1,4003,4027,4028,-1,4003,4028,4004,-1,4004,4028,4029,-1,4004,4029,4005,-1,4005,4029,4030,-1,4005,4030,4006,-1,4006,4030,4031,-1,4006,4031,4007,-1,4007,4031,4032,-1,4007,4032,4008,-1,4008,4032,4033,-1,4008,4033,4009,-1,4009,4033,4010,-1,4033,3064,4010,-1,4010,3064,3062,-1,4010,3062,4011,-1,4011,3062,3060,-1,4011,3060,4012,-1,4012,3060,3058,-1,4012,3058,4013,-1,4013,3058,3056,-1,4013,3056,4014,-1,4014,3056,3054,-1,4014,3054,4015,-1,4015,3054,3052,-1,4015,3052,4016,-1,4016,3052,3050,-1,4016,3050,4017,-1,4017,3050,3048,-1,4017,3048,4018,-1,4018,3048,3046,-1,4018,3046,4019,-1,4019,3046,3044,-1,4019,3044,4020,-1,4020,3044,3042,-1,4020,3042,4021,-1,4021,3042,3040,-1,4021,3040,4022,-1,4022,3040,3038,-1,4022,3038,4023,-1,4023,3038,3036,-1,4023,3036,4024,-1,4024,3036,3034,-1,4024,3034,4025,-1,4025,3034,3032,-1,4025,3032,4026,-1,4026,3032,3030,-1,4026,3030,4027,-1,4027,3030,3028,-1,4027,3028,4028,-1,4028,3028,3026,-1,4028,3026,4029,-1,4029,3026,3024,-1,4029,3024,4030,-1,4030,3024,3022,-1,4030,3022,4031,-1,4031,3022,3068,-1,4031,3068,4032,-1,4032,3068,3066,-1,4032,3066,4033,-1,4033,3066,3064,-1,2978,4034,2975,-1,2975,4034,4035,-1,2975,4035,2984,-1,2984,4035,4036,-1,2984,4036,2988,-1,2988,4036,4037,-1,2988,4037,2991,-1,2991,4037,4038,-1,2991,4038,2999,-1,2999,4038,4039,-1,2999,4039,3004,-1,3004,4039,4040,-1,3004,4040,3009,-1,3009,4040,4041,-1,3009,4041,3017,-1,3017,4041,4042,-1,3017,4042,3018,-1,3018,4042,4043,-1,3018,4043,3019,-1,3019,4043,4044,-1,3019,4044,3020,-1,3020,4044,4045,-1,3020,4045,3013,-1,3013,4045,4046,-1,3013,4046,3012,-1,3012,4046,4047,-1,3012,4047,3014,-1,3014,4047,4048,-1,3014,4048,3015,-1,3015,4048,4049,-1,3015,4049,3016,-1,3016,4049,4050,-1,3016,4050,2950,-1,2950,4050,4051,-1,2950,4051,2948,-1,2948,4051,4052,-1,2948,4052,2955,-1,2955,4052,4053,-1,2955,4053,2961,-1,2961,4053,4054,-1,2961,4054,2959,-1,2959,4054,4055,-1,2959,4055,2945,-1,2945,4055,4056,-1,2945,4056,2972,-1,2972,4056,4057,-1,2972,4057,2978,-1,2978,4057,4034,-1,4057,4058,4034,-1,4034,4058,4059,-1,4034,4059,4035,-1,4035,4059,4060,-1,4035,4060,4036,-1,4036,4060,4061,-1,4036,4061,4037,-1,4037,4061,4062,-1,4037,4062,4038,-1,4038,4062,4063,-1,4038,4063,4039,-1,4039,4063,4064,-1,4039,4064,4040,-1,4040,4064,4065,-1,4040,4065,4041,-1,4041,4065,4066,-1,4041,4066,4042,-1,4042,4066,4067,-1,4042,4067,4043,-1,4043,4067,4068,-1,4043,4068,4044,-1,4044,4068,4069,-1,4044,4069,4045,-1,4045,4069,4070,-1,4045,4070,4046,-1,4046,4070,4071,-1,4046,4071,4047,-1,4047,4071,4072,-1,4047,4072,4048,-1,4048,4072,4073,-1,4048,4073,4049,-1,4049,4073,4074,-1,4049,4074,4050,-1,4050,4074,4075,-1,4050,4075,4051,-1,4051,4075,4076,-1,4051,4076,4052,-1,4052,4076,4077,-1,4052,4077,4053,-1,4053,4077,4078,-1,4053,4078,4054,-1,4054,4078,4079,-1,4054,4079,4055,-1,4055,4079,4080,-1,4055,4080,4056,-1,4056,4080,4081,-1,4056,4081,4057,-1,4057,4081,4058,-1,4081,4082,4058,-1,4058,4082,4083,-1,4058,4083,4059,-1,4059,4083,4084,-1,4059,4084,4060,-1,4060,4084,4085,-1,4060,4085,4061,-1,4061,4085,4086,-1,4061,4086,4062,-1,4062,4086,4087,-1,4062,4087,4063,-1,4063,4087,4088,-1,4063,4088,4064,-1,4064,4088,4089,-1,4064,4089,4065,-1,4065,4089,4090,-1,4065,4090,4066,-1,4066,4090,4091,-1,4066,4091,4067,-1,4067,4091,4092,-1,4067,4092,4068,-1,4068,4092,4093,-1,4068,4093,4069,-1,4069,4093,4094,-1,4069,4094,4070,-1,4070,4094,4095,-1,4070,4095,4071,-1,4071,4095,4096,-1,4071,4096,4072,-1,4072,4096,4097,-1,4072,4097,4073,-1,4073,4097,4098,-1,4073,4098,4074,-1,4074,4098,4099,-1,4074,4099,4075,-1,4075,4099,4100,-1,4075,4100,4076,-1,4076,4100,4101,-1,4076,4101,4077,-1,4077,4101,4102,-1,4077,4102,4078,-1,4078,4102,4103,-1,4078,4103,4079,-1,4079,4103,4104,-1,4079,4104,4080,-1,4080,4104,4105,-1,4080,4105,4081,-1,4081,4105,4082,-1,4105,4106,4082,-1,4082,4106,4107,-1,4082,4107,4083,-1,4083,4107,4108,-1,4083,4108,4084,-1,4084,4108,4109,-1,4084,4109,4085,-1,4085,4109,4110,-1,4085,4110,4086,-1,4086,4110,4111,-1,4086,4111,4087,-1,4087,4111,4112,-1,4087,4112,4088,-1,4088,4112,4113,-1,4088,4113,4089,-1,4089,4113,4114,-1,4089,4114,4090,-1,4090,4114,4115,-1,4090,4115,4091,-1,4091,4115,4116,-1,4091,4116,4092,-1,4092,4116,4117,-1,4092,4117,4093,-1,4093,4117,4118,-1,4093,4118,4094,-1,4094,4118,4119,-1,4094,4119,4095,-1,4095,4119,4120,-1,4095,4120,4096,-1,4096,4120,4121,-1,4096,4121,4097,-1,4097,4121,4122,-1,4097,4122,4098,-1,4098,4122,4123,-1,4098,4123,4099,-1,4099,4123,4124,-1,4099,4124,4100,-1,4100,4124,4125,-1,4100,4125,4101,-1,4101,4125,4126,-1,4101,4126,4102,-1,4102,4126,4127,-1,4102,4127,4103,-1,4103,4127,4128,-1,4103,4128,4104,-1,4104,4128,4129,-1,4104,4129,4105,-1,4105,4129,4106,-1,4129,4130,4106,-1,4106,4130,4131,-1,4106,4131,4107,-1,4107,4131,4132,-1,4107,4132,4108,-1,4108,4132,4133,-1,4108,4133,4109,-1,4109,4133,4134,-1,4109,4134,4110,-1,4110,4134,4135,-1,4110,4135,4111,-1,4111,4135,4136,-1,4111,4136,4112,-1,4112,4136,4137,-1,4112,4137,4113,-1,4113,4137,4138,-1,4113,4138,4114,-1,4114,4138,4139,-1,4114,4139,4115,-1,4115,4139,4140,-1,4115,4140,4116,-1,4116,4140,4141,-1,4116,4141,4117,-1,4117,4141,4142,-1,4117,4142,4118,-1,4118,4142,4143,-1,4118,4143,4119,-1,4119,4143,4144,-1,4119,4144,4120,-1,4120,4144,4145,-1,4120,4145,4121,-1,4121,4145,4146,-1,4121,4146,4122,-1,4122,4146,4147,-1,4122,4147,4123,-1,4123,4147,4148,-1,4123,4148,4124,-1,4124,4148,4149,-1,4124,4149,4125,-1,4125,4149,4150,-1,4125,4150,4126,-1,4126,4150,4151,-1,4126,4151,4127,-1,4127,4151,4152,-1,4127,4152,4128,-1,4128,4152,4153,-1,4128,4153,4129,-1,4129,4153,4130,-1,4153,2864,4130,-1,4130,2864,2862,-1,4130,2862,4131,-1,4131,2862,2860,-1,4131,2860,4132,-1,4132,2860,2858,-1,4132,2858,4133,-1,4133,2858,2856,-1,4133,2856,4134,-1,4134,2856,2854,-1,4134,2854,4135,-1,4135,2854,2852,-1,4135,2852,4136,-1,4136,2852,2850,-1,4136,2850,4137,-1,4137,2850,2848,-1,4137,2848,4138,-1,4138,2848,2846,-1,4138,2846,4139,-1,4139,2846,2844,-1,4139,2844,4140,-1,4140,2844,2842,-1,4140,2842,4141,-1,4141,2842,2840,-1,4141,2840,4142,-1,4142,2840,2838,-1,4142,2838,4143,-1,4143,2838,2836,-1,4143,2836,4144,-1,4144,2836,2834,-1,4144,2834,4145,-1,4145,2834,2832,-1,4145,2832,4146,-1,4146,2832,2830,-1,4146,2830,4147,-1,4147,2830,2828,-1,4147,2828,4148,-1,4148,2828,2826,-1,4148,2826,4149,-1,4149,2826,2824,-1,4149,2824,4150,-1,4150,2824,2822,-1,4150,2822,4151,-1,4151,2822,2868,-1,4151,2868,4152,-1,4152,2868,2866,-1,4152,2866,4153,-1,4153,2866,2864,-1,
        ]
    }
}
Shape{
    appearance Appearance {
        material  Material 	{
            diffuseColor 0.7529411764705882 0.7529411764705882 0.7529411764705882
            specularColor 0.3764705882352941 0.3764705882352941 0.3764705882352941
            ambientIntensity 0.2
            transparency 0
            shininess 0.5
        }
    }
    geometry IndexedFaceSet {
        ccw TRUE
        solid FALSE
        coord DEF co Coordinate {
            point [
                0.5984 0.0 -0.4016, 0.5951 0.0255 -2.3701, 0.5951 0.0255 -0.4016, 0.5852 0.0492 -2.3701, 0.5852 0.0492 -0.4016, 0.5696 0.0696 -2.3701, 0.5696 0.0696 -0.4016, 0.5492 0.0852 -2.3701, 0.5492 0.0852 -0.4016, 0.5255 0.0951 -2.3701, 0.5255 0.0951 -0.4016, 0.5 0.0984 -2.3701, 0.5 0.0984 -0.4016, 0.4745 0.0951 -2.3701, 0.4745 0.0951 -0.4016, 0.4508 0.0852 -2.3701, 0.4508 0.0852 -0.4016, 0.4304 0.0696 -2.3701, 0.4304 0.0696 -0.4016, 0.4148 0.0492 -2.3701, 0.4148 0.0492 -0.4016, 0.4049 0.0255 -2.3701, 0.4049 0.0255 -0.4016, 0.4016 0.0 -2.3701, 0.4016 0.0 -0.4016, 0.4049 -0.0255 -2.3701, 0.4049 -0.0255 -0.4016, 0.4148 -0.0492 -2.3701, 0.4148 -0.0492 -0.4016, 0.4304 -0.0696 -2.3701, 0.4304 -0.0696 -0.4016, 0.4508 -0.0852 -2.3701, 0.4508 -0.0852 -0.4016, 0.4745 -0.0951 -2.3701, 0.4745 -0.0951 -0.4016, 0.5 -0.0984 -2.3701, 0.5 -0.0984 -0.4016, 0.5255 -0.0951 -2.3701, 0.5255 -0.0951 -0.4016, 0.5492 -0.0852 -2.3701, 0.5492 -0.0852 -0.4016, 0.5696 -0.0696 -2.3701, 0.5696 -0.0696 -0.4016, 0.5852 -0.0492 -2.3701, 0.5852 -0.0492 -0.4016, 0.5951 -0.0255 -2.3701, 0.5951 -0.0255 -0.4016, 0.5984 0.0 -2.3701, 0.5 0.0 -2.3701, 0.5 0.0 -2.3701
            ]
        }
        coordIndex [
            0,1,2,-1,2,1,3,-1,2,3,4,-1,4,3,5,-1,4,5,6,-1,6,5,7,-1,6,7,8,-1,8,7,9,-1,8,9,10,-1,10,9,11,-1,10,11,12,-1,12,11,13,-1,12,13,14,-1,14,13,15,-1,14,15,16,-1,16,15,17,-1,16,17,18,-1,18,17,19,-1,18,19,20,-1,20,19,21,-1,20,21,22,-1,22,21,23,-1,22,23,24,-1,24,23,25,-1,24,25,26,-1,26,25,27,-1,26,27,28,-1,28,27,29,-1,28,29,30,-1,30,29,31,-1,30,31,32,-1,32,31,33,-1,32,33,34,-1,34,33,35,-1,34,35,36,-1,36,35,37,-1,36,37,38,-1,38,37,39,-1,38,39,40,-1,40,39,41,-1,40,41,42,-1,42,41,43,-1,42,43,44,-1,44,43,45,-1,44,45,46,-1,46,45,47,-1,46,47,0,-1,0,47,1,-1,27,25,48,-1,48,25,23,-1,48,23,21,-1,33,31,48,-1,48,31,29,-1,48,29,27,-1,39,37,48,-1,48,37,35,-1,48,35,33,-1,45,43,48,-1,48,43,41,-1,48,41,39,-1,3,1,48,-1,48,1,47,-1,48,47,45,-1,9,7,48,-1,48,7,5,-1,48,5,3,-1,15,13,48,-1,48,13,11,-1,48,11,9,-1,21,19,48,-1,48,19,17,-1,48,17,15,-1,
        ]
    }
}
Shape{
    appearance Appearance {
        material  Material 	{
            diffuseColor 0.0 0.0 0.0
            specularColor 0.0 0.0 0.0
            ambientIntensity 0.2
            transparency 0
            shininess 0.5
        }
    }
    geometry IndexedFaceSet {
        ccw TRUE
        solid FALSE
        coord DEF co Coordinate {
            point [
                -0.0473 0.9437 1.572, -0.0475 0.9476 1.572, -0.0473 0.9437 1.5129, -0.0475 0.9476 1.5129, -0.0387 0.9441 1.572, -0.0388 0.948 1.572, -0.0387 0.9441 1.5053, -0.0388 0.948 1.5053, -0.0738 0.942 1.5053, -0.0741 0.9459 1.5053, -0.0738 0.942 1.5129, -0.0741 0.9459 1.5129, -0.1091 0.9386 1.5119, -0.1096 0.9425 1.5119, -0.1141 0.938 1.5126, -0.1146 0.9419 1.5126, -0.1185 0.9374 1.5132, -0.119 0.9413 1.5132, -0.1202 0.9372 1.5139, -0.1207 0.9411 1.5139, -0.1262 0.9364 1.5163, -0.1267 0.9403 1.5163, -0.0945 0.9441 1.5171, -0.0939 0.9402 1.5172, -0.0935 0.9442 1.5179, -0.0921 0.9404 1.5189, -0.0924 0.9443 1.5189, -0.1042 0.9431 1.5126, -0.1038 0.9392 1.5125, -0.1027 0.9432 1.5128, -0.1025 0.9393 1.5127, -0.1007 0.9435 1.5135, -0.1003 0.9395 1.5135, -0.0982 0.9437 1.5145, -0.0981 0.9398 1.5143, -0.0976 0.9438 1.5149, -0.0972 0.9399 1.5149, -0.0941 0.9402 1.517, -0.0855 0.941 1.5379, -0.0859 0.9449 1.5379, -0.0862 0.9409 1.5321, -0.0866 0.9449 1.5321, -0.0864 0.9409 1.5303, -0.0868 0.9448 1.5302, -0.0875 0.9408 1.5271, -0.0879 0.9447 1.5271, -0.0886 0.9407 1.5242, -0.0889 0.9446 1.5242, -0.0894 0.9406 1.5229, -0.0898 0.9446 1.5229, -0.0895 0.9446 1.5532, -0.0892 0.9407 1.5531, -0.0895 0.9446 1.5533, -0.0925 0.9403 1.558, -0.0929 0.9443 1.558, -0.0868 0.9448 1.5449, -0.0863 0.9409 1.545, -0.0872 0.9448 1.5479, -0.0865 0.9409 1.5466, -0.0878 0.9447 1.5493, -0.0875 0.9408 1.5493, -0.0885 0.9407 1.5522, -0.1106 0.9384 1.5654, -0.1111 0.9423 1.5654, -0.1085 0.9386 1.5653, -0.1089 0.9425 1.5651, -0.0969 0.9439 1.5611, -0.0964 0.94 1.5611, -0.0985 0.9437 1.5623, -0.0974 0.9398 1.562, -0.1001 0.9435 1.563, -0.0996 0.9396 1.563, -0.103 0.9432 1.5643, -0.1019 0.9394 1.5641, -0.1037 0.9431 1.5644, -0.1033 0.9392 1.5643, -0.1082 0.9387 1.5653, -0.1262 0.9364 1.5614, -0.1267 0.9403 1.5614, -0.1228 0.9369 1.5628, -0.1233 0.9408 1.5627, -0.1196 0.9373 1.5641, -0.1193 0.9413 1.5643, -0.1172 0.9376 1.5644, -0.1177 0.9415 1.5645, -0.1262 0.9364 1.5704, -0.1267 0.9403 1.5704, -0.1105 0.9384 1.5732, -0.111 0.9423 1.5732, -0.112 0.9382 1.5731, -0.1125 0.9421 1.5731, -0.1182 0.9375 1.5726, -0.1186 0.9414 1.5726, -0.1202 0.9372 1.572, -0.1207 0.9411 1.572, -0.1032 0.9432 1.5722, -0.1028 0.9393 1.5721, -0.1009 0.9434 1.5719, -0.0999 0.9396 1.5717, -0.098 0.9437 1.5707, -0.0976 0.9398 1.5708, -0.0944 0.9441 1.5693, -0.0934 0.9403 1.569, -0.0934 0.9442 1.5685, -0.0929 0.9403 1.5686, -0.0887 0.9447 1.5652, -0.0884 0.9407 1.5651, -0.0875 0.9448 1.5643, -0.0861 0.9409 1.5633, -0.0865 0.9449 1.5633, -0.0765 0.9418 1.5374, -0.0768 0.9457 1.5374, -0.0765 0.9418 1.5382, -0.0771 0.9457 1.5394, -0.0825 0.9452 1.5579, -0.0822 0.9413 1.5579, -0.0811 0.9454 1.5559, -0.0807 0.9414 1.5559, -0.0799 0.9454 1.5531, -0.0796 0.9415 1.5531, -0.0783 0.9456 1.549, -0.0779 0.9417 1.5489, -0.0781 0.9456 1.5476, -0.0778 0.9417 1.5476, -0.0767 0.9418 1.5395, -0.0851 0.941 1.5133, -0.0854 0.945 1.5133, -0.0821 0.9413 1.5176, -0.0825 0.9452 1.5176, -0.0806 0.9414 1.5198, -0.0809 0.9454 1.5198, -0.0796 0.9415 1.5226, -0.0799 0.9454 1.5226, -0.0778 0.9417 1.5273, -0.0781 0.9456 1.5273, -0.0776 0.9417 1.5285, -0.078 0.9456 1.5285, -0.1051 0.943 1.5045, -0.1046 0.9391 1.5044, -0.1063 0.9428 1.5043, -0.1079 0.9387 1.5042, -0.1083 0.9426 1.5042, -0.09 0.9445 1.5097, -0.0896 0.9406 1.5096, -0.0917 0.9444 1.5083, -0.0909 0.9405 1.5086, -0.094 0.9441 1.5073, -0.0937 0.9402 1.5073, -0.0976 0.9438 1.5057, -0.0965 0.9399 1.5059, -0.0986 0.9437 1.5056, -0.0982 0.9398 1.5056, -0.1045 0.9391 1.5044, -0.1235 0.9368 1.5071, -0.1262 0.9364 1.5081, -0.1267 0.9403 1.5081, -0.1179 0.9414 1.5055, -0.1188 0.9374 1.5055, -0.1209 0.9411 1.5059, -0.1241 0.9407 1.5071, -0.1175 0.9375 1.5053, -0.1479 0.9332 1.5354, -0.1485 0.9371 1.5354, -0.1479 0.9332 1.5129, -0.1485 0.9371 1.5129, -0.1714 0.9292 1.5354, -0.1722 0.9331 1.5354, -0.1714 0.9292 1.543, -0.1722 0.9331 1.543, -0.1479 0.9332 1.543, -0.1485 0.9371 1.543, -0.1479 0.9332 1.5644, -0.1485 0.9371 1.5644, -0.1733 0.9289 1.5644, -0.174 0.9327 1.5644, -0.1733 0.9289 1.572, -0.174 0.9327 1.572, -0.1394 0.9345 1.572, -0.14 0.9384 1.572, -0.1394 0.9345 1.5053, -0.14 0.9384 1.5053, -0.1748 0.9286 1.5053, -0.1755 0.9324 1.5053, -0.1748 0.9286 1.5129, -0.1755 0.9324 1.5129, -0.2066 0.926 1.572, -0.2058 0.9222 1.572, -0.1879 0.93 1.572, -0.1872 0.9262 1.572, -0.2125 0.9207 1.5713, -0.2134 0.9245 1.5713, -0.2147 0.9202 1.571, -0.2155 0.924 1.571, -0.2191 0.9191 1.5695, -0.22 0.9229 1.5695, -0.2231 0.9182 1.5681, -0.224 0.922 1.568, -0.2251 0.9177 1.5667, -0.226 0.9215 1.5667, -0.2303 0.9164 1.5632, -0.2313 0.9202 1.5632, -0.2329 0.9157 1.5605, -0.2337 0.9196 1.5607, -0.2332 0.9157 1.5601, -0.2341 0.9195 1.5601, -0.236 0.9149 1.5559, -0.237 0.9187 1.5559, -0.2368 0.9147 1.5548, -0.2374 0.9186 1.5553, -0.2379 0.9144 1.5517, -0.2389 0.9183 1.5517, -0.239 0.9142 1.5488, -0.2398 0.918 1.5494, -0.2392 0.9141 1.5469, -0.2401 0.9179 1.5469, -0.2401 0.9139 1.5395, -0.2411 0.9177 1.5395, -0.2396 0.9181 1.5291, -0.2398 0.914 1.5344, -0.2408 0.9178 1.5359, -0.2399 0.9139 1.5359, -0.241 0.9177 1.5372, -0.2313 0.9202 1.5147, -0.2303 0.9164 1.5147, -0.2352 0.9192 1.5197, -0.2343 0.9154 1.5197, -0.2367 0.9188 1.5216, -0.2354 0.9151 1.5211, -0.2378 0.9185 1.5241, -0.2368 0.9147 1.5241, -0.2394 0.9181 1.5279, -0.2383 0.9144 1.5272, -0.2386 0.9143 1.5291, -0.2245 0.9178 1.5103, -0.2254 0.9217 1.5104, -0.2237 0.918 1.5098, -0.2238 0.922 1.5093, -0.2195 0.919 1.508, -0.2204 0.9229 1.508, -0.2167 0.9197 1.5068, -0.2167 0.9237 1.5066, -0.2139 0.9203 1.5065, -0.2148 0.9242 1.5064, -0.2051 0.9223 1.5053, -0.206 0.9262 1.5053, -0.1879 0.93 1.5053, -0.1872 0.9262 1.5053, -0.232 0.92 1.537, -0.2312 0.9202 1.5315, -0.2311 0.9202 1.5305, -0.2298 0.9206 1.5271, -0.2289 0.9208 1.5249, -0.2277 0.9211 1.5232, -0.2253 0.9217 1.5199, -0.2246 0.9219 1.5192, -0.2242 0.922 1.5189, -0.2205 0.9228 1.5164, -0.2196 0.9231 1.5158, -0.2169 0.9237 1.5148, -0.2144 0.9243 1.5139, -0.2128 0.9247 1.5137, -0.2059 0.9262 1.5129, -0.1964 0.9283 1.5129, -0.1964 0.9283 1.5644, -0.2063 0.9261 1.5644, -0.2112 0.925 1.5638, -0.2132 0.9246 1.5636, -0.2165 0.9238 1.5626, -0.2274 0.9212 1.5557, -0.2273 0.9212 1.5557, -0.2251 0.9217 1.5581, -0.221 0.9227 1.5607, -0.2196 0.9231 1.5616, -0.2323 0.9199 1.5393, -0.2316 0.9201 1.5456, -0.2315 0.9202 1.547, -0.2307 0.9204 1.5494, -0.2299 0.9205 1.5516, -0.2294 0.9207 1.5525, -0.2051 0.9224 1.5129, -0.1956 0.9244 1.5129, -0.2244 0.9179 1.5199, -0.2232 0.9181 1.519, -0.2196 0.919 1.5164, -0.2192 0.9191 1.5161, -0.216 0.9199 1.5148, -0.2119 0.9208 1.5137, -0.2141 0.9203 1.514, -0.2313 0.9161 1.5393, -0.2312 0.9162 1.537, -0.2311 0.9162 1.5361, -0.2302 0.9164 1.5316, -0.2298 0.9165 1.5294, -0.2288 0.9168 1.5271, -0.2273 0.9171 1.5238, -0.2269 0.9172 1.5232, -0.2242 0.9179 1.5581, -0.226 0.9174 1.5561, -0.2263 0.9174 1.5557, -0.2284 0.9169 1.5525, -0.2306 0.9163 1.5456, -0.2304 0.9164 1.5477, -0.2297 0.9165 1.5494, -0.2288 0.9168 1.5519, -0.2055 0.9223 1.5644, -0.2103 0.9212 1.5638, -0.2123 0.9207 1.5636, -0.2156 0.92 1.5626, -0.2187 0.9192 1.5616, -0.22 0.9189 1.5607, -0.1956 0.9244 1.5644, -0.1956 0.9244 1.5644
            ]
        }
        coordIndex [
            0,1,2,-1,2,1,3,-1,4,5,0,-1,0,5,1,-1,6,7,4,-1,4,7,5,-1,8,9,6,-1,6,9,7,-1,10,11,8,-1,8,11,9,-1,3,11,2,-1,2,11,10,-1,1,5,3,-1,3,5,7,-1,3,7,11,-1,11,7,9,-1,12,13,14,-1,14,13,15,-1,14,15,16,-1,16,15,17,-1,16,17,18,-1,18,17,19,-1,18,19,20,-1,20,19,21,-1,22,23,24,-1,24,23,25,-1,24,25,26,-1,13,12,27,-1,27,12,28,-1,27,28,29,-1,29,28,30,-1,29,30,31,-1,31,30,32,-1,31,32,33,-1,33,32,34,-1,33,34,35,-1,35,34,36,-1,35,36,22,-1,22,36,37,-1,22,37,23,-1,38,39,40,-1,40,39,41,-1,40,41,42,-1,42,41,43,-1,42,43,44,-1,44,43,45,-1,44,45,46,-1,46,45,47,-1,46,47,48,-1,48,47,49,-1,48,49,25,-1,25,49,26,-1,50,51,52,-1,52,51,53,-1,52,53,54,-1,39,38,55,-1,55,38,56,-1,55,56,57,-1,57,56,58,-1,57,58,59,-1,59,58,60,-1,59,60,50,-1,50,60,61,-1,50,61,51,-1,62,63,64,-1,64,63,65,-1,54,53,66,-1,66,53,67,-1,66,67,68,-1,68,67,69,-1,68,69,70,-1,70,69,71,-1,70,71,72,-1,72,71,73,-1,72,73,74,-1,74,73,75,-1,74,75,65,-1,65,75,76,-1,65,76,64,-1,77,78,79,-1,79,78,80,-1,79,80,81,-1,81,80,82,-1,81,82,83,-1,83,82,84,-1,83,84,62,-1,62,84,63,-1,85,86,77,-1,77,86,78,-1,87,88,89,-1,89,88,90,-1,89,90,91,-1,91,90,92,-1,91,92,93,-1,93,92,94,-1,93,94,85,-1,85,94,86,-1,88,87,95,-1,95,87,96,-1,95,96,97,-1,97,96,98,-1,97,98,99,-1,99,98,100,-1,99,100,101,-1,101,100,102,-1,101,102,103,-1,103,102,104,-1,103,104,105,-1,105,104,106,-1,105,106,107,-1,107,106,108,-1,107,108,109,-1,110,111,112,-1,112,111,113,-1,109,108,114,-1,114,108,115,-1,114,115,116,-1,116,115,117,-1,116,117,118,-1,118,117,119,-1,118,119,120,-1,120,119,121,-1,120,121,122,-1,122,121,123,-1,122,123,113,-1,113,123,124,-1,113,124,112,-1,125,126,127,-1,127,126,128,-1,127,128,129,-1,129,128,130,-1,129,130,131,-1,131,130,132,-1,131,132,133,-1,133,132,134,-1,133,134,135,-1,135,134,136,-1,135,136,110,-1,110,136,111,-1,137,138,139,-1,139,138,140,-1,139,140,141,-1,126,125,142,-1,142,125,143,-1,142,143,144,-1,144,143,145,-1,144,145,146,-1,146,145,147,-1,146,147,148,-1,148,147,149,-1,148,149,150,-1,150,149,151,-1,150,151,137,-1,137,151,152,-1,137,152,138,-1,153,154,155,-1,156,157,158,-1,158,157,153,-1,158,153,159,-1,159,153,155,-1,141,140,156,-1,156,140,160,-1,156,160,157,-1,21,155,20,-1,20,155,154,-1,155,21,159,-1,159,21,19,-1,159,19,158,-1,158,19,17,-1,158,17,156,-1,156,17,15,-1,156,15,141,-1,141,15,13,-1,141,13,139,-1,139,13,27,-1,139,27,137,-1,137,27,150,-1,150,27,29,-1,150,29,148,-1,148,29,31,-1,148,31,146,-1,146,31,33,-1,146,33,144,-1,144,33,35,-1,144,35,142,-1,35,22,142,-1,142,22,24,-1,142,24,126,-1,126,24,26,-1,126,26,128,-1,128,26,49,-1,128,49,130,-1,130,49,47,-1,130,47,132,-1,132,47,45,-1,132,45,134,-1,134,45,43,-1,134,43,136,-1,136,43,41,-1,136,41,111,-1,111,41,39,-1,111,39,113,-1,113,39,55,-1,113,55,122,-1,122,55,57,-1,105,107,54,-1,54,107,109,-1,54,109,52,-1,52,109,114,-1,52,114,50,-1,50,114,116,-1,50,116,59,-1,59,116,118,-1,59,118,57,-1,57,118,120,-1,57,120,122,-1,105,54,103,-1,103,54,66,-1,103,66,101,-1,101,66,68,-1,101,68,99,-1,99,68,70,-1,99,70,97,-1,97,70,72,-1,97,72,95,-1,72,74,95,-1,95,74,65,-1,95,65,88,-1,88,65,63,-1,88,63,90,-1,90,63,92,-1,92,63,84,-1,92,84,94,-1,78,86,80,-1,80,86,94,-1,80,94,82,-1,82,94,84,-1,161,162,163,-1,163,162,164,-1,165,166,161,-1,161,166,162,-1,167,168,165,-1,165,168,166,-1,169,170,167,-1,167,170,168,-1,171,172,169,-1,169,172,170,-1,173,174,171,-1,171,174,172,-1,175,176,173,-1,173,176,174,-1,177,178,175,-1,175,178,176,-1,179,180,177,-1,177,180,178,-1,181,182,179,-1,179,182,180,-1,183,184,181,-1,181,184,182,-1,164,184,163,-1,163,184,183,-1,180,182,184,-1,184,164,180,-1,180,164,162,-1,180,162,178,-1,174,176,172,-1,172,176,178,-1,172,178,170,-1,170,178,162,-1,170,162,168,-1,168,162,166,-1,185,186,187,-1,187,186,188,-1,186,185,189,-1,189,185,190,-1,189,190,191,-1,191,190,192,-1,191,192,193,-1,193,192,194,-1,193,194,195,-1,195,194,196,-1,195,196,197,-1,197,196,198,-1,197,198,199,-1,199,198,200,-1,199,200,201,-1,201,200,202,-1,201,202,203,-1,203,202,204,-1,203,204,205,-1,205,204,206,-1,205,206,207,-1,207,206,208,-1,207,208,209,-1,209,208,210,-1,209,210,211,-1,211,210,212,-1,211,212,213,-1,213,212,214,-1,213,214,215,-1,215,214,216,-1,217,218,219,-1,219,218,220,-1,219,220,221,-1,221,220,215,-1,221,215,216,-1,222,223,224,-1,224,223,225,-1,224,225,226,-1,226,225,227,-1,226,227,228,-1,228,227,229,-1,228,229,230,-1,230,229,231,-1,230,231,217,-1,217,231,232,-1,217,232,218,-1,223,222,233,-1,233,222,234,-1,233,234,235,-1,235,234,236,-1,235,236,237,-1,237,236,238,-1,237,238,239,-1,239,238,240,-1,239,240,241,-1,241,240,242,-1,241,242,243,-1,243,242,244,-1,245,246,244,-1,244,246,243,-1,188,246,187,-1,187,246,245,-1,247,248,217,-1,217,248,230,-1,230,248,249,-1,230,249,228,-1,228,249,250,-1,228,250,226,-1,226,250,251,-1,226,251,224,-1,224,251,252,-1,224,252,222,-1,252,253,222,-1,222,253,254,-1,222,254,234,-1,254,255,234,-1,234,255,256,-1,234,256,236,-1,236,256,257,-1,236,257,238,-1,238,257,258,-1,238,258,240,-1,240,258,259,-1,240,259,242,-1,242,259,260,-1,242,260,244,-1,244,260,261,-1,244,261,245,-1,245,261,262,-1,245,262,187,-1,187,262,263,-1,187,263,185,-1,263,264,185,-1,185,264,265,-1,185,265,190,-1,190,265,266,-1,190,266,192,-1,192,266,194,-1,194,266,267,-1,194,267,196,-1,268,202,269,-1,269,202,200,-1,269,200,270,-1,270,200,198,-1,270,198,271,-1,271,198,196,-1,271,196,272,-1,272,196,267,-1,217,219,247,-1,247,219,221,-1,247,221,273,-1,273,221,216,-1,273,216,274,-1,274,216,214,-1,274,214,275,-1,275,214,212,-1,275,212,276,-1,276,212,210,-1,276,210,277,-1,277,210,208,-1,277,208,278,-1,278,208,206,-1,278,206,268,-1,268,206,204,-1,268,204,202,-1,261,279,262,-1,262,279,280,-1,253,281,254,-1,254,281,282,-1,254,282,255,-1,255,282,256,-1,282,283,256,-1,256,283,284,-1,256,284,257,-1,257,284,285,-1,279,261,286,-1,286,261,260,-1,286,260,287,-1,287,260,259,-1,287,259,285,-1,285,259,258,-1,285,258,257,-1,247,273,288,-1,288,289,247,-1,247,289,290,-1,247,290,248,-1,248,290,291,-1,248,291,249,-1,249,291,292,-1,249,292,250,-1,250,292,293,-1,250,293,251,-1,251,293,294,-1,251,294,252,-1,252,294,295,-1,252,295,253,-1,253,295,281,-1,269,270,296,-1,296,297,269,-1,269,297,298,-1,269,298,268,-1,268,298,299,-1,288,273,300,-1,300,273,274,-1,300,274,301,-1,301,274,275,-1,301,275,302,-1,302,275,276,-1,302,276,303,-1,303,276,277,-1,303,277,299,-1,299,277,278,-1,299,278,268,-1,264,304,265,-1,265,304,305,-1,265,305,266,-1,266,305,306,-1,266,306,267,-1,267,306,307,-1,267,307,272,-1,272,307,308,-1,272,308,271,-1,271,308,309,-1,271,309,270,-1,270,309,296,-1,263,310,264,-1,264,310,304,-1,263,262,310,-1,310,262,280,-1,
        ]
    }
}
Shape{
    appearance Appearance {
        material  Material 	{
            diffuseColor 0.9882352941176471 0.7372549019607844 0.5176470588235295
            specularColor 0.49411764705882355 0.3686274509803922 0.25882352941176473
            ambientIntensity 0.2
            transparency 0
            shininess 0.5
        }
    }
    geometry IndexedFaceSet {
        ccw TRUE
        solid FALSE
        coord DEF co Coordinate {
            point [
                -0.1956 0.9244 1.5644, -0.1956 0.9244 1.5129, -0.2051 0.9224 1.5129, -0.2119 0.9208 1.5137, -0.2141 0.9203 1.514, -0.216 0.9199 1.5148, -0.2313 0.9161 1.5393, -0.2306 0.9163 1.5456, -0.2312 0.9162 1.537, -0.2302 0.9164 1.5316, -0.2311 0.9162 1.5361, -0.2304 0.9164 1.5477, -0.2297 0.9165 1.5494, -0.2288 0.9168 1.5271, -0.2298 0.9165 1.5294, -0.2288 0.9168 1.5519, -0.2269 0.9172 1.5232, -0.2273 0.9171 1.5238, -0.2284 0.9169 1.5525, -0.2263 0.9174 1.5557, -0.226 0.9174 1.5561, -0.2242 0.9179 1.5581, -0.22 0.9189 1.5607, -0.2244 0.9179 1.5199, -0.2187 0.9192 1.5616, -0.2196 0.919 1.5164, -0.2232 0.9181 1.519, -0.2156 0.92 1.5626, -0.2123 0.9207 1.5636, -0.2103 0.9212 1.5638, -0.2192 0.9191 1.5161, -0.2055 0.9223 1.5644, -0.2055 0.9223 1.5644
            ]
        }
        coordIndex [
            0,1,2,-1,2,3,0,-1,0,3,4,-1,0,4,5,-1,6,7,8,-1,8,7,9,-1,8,9,10,-1,11,12,7,-1,7,12,13,-1,7,13,9,-1,9,13,14,-1,15,16,12,-1,12,16,17,-1,12,17,13,-1,15,18,16,-1,16,18,19,-1,16,19,20,-1,20,21,16,-1,16,21,22,-1,16,22,23,-1,24,25,22,-1,22,25,26,-1,22,26,23,-1,24,27,25,-1,25,27,28,-1,25,28,29,-1,5,30,0,-1,0,30,25,-1,0,25,31,-1,31,25,29,-1,
        ]
    }
}
Shape{
    appearance Appearance {
        material  Material 	{
            diffuseColor 0.0 0.0 0.0
            specularColor 0.0 0.0 0.0
            ambientIntensity 0.2
            transparency 0
            shininess 0.5
        }
    }
    geometry IndexedFaceSet {
        ccw TRUE
        solid FALSE
        coord DEF co Coordinate {
            point [
                -0.2437 0.9129 1.5053, -0.2447 0.9167 1.5053, -0.2559 0.9096 1.5387, -0.2692 0.9098 1.572, -0.2681 0.906 1.572, -0.2528 0.9104 1.5053, -0.2539 0.9142 1.5053, -0.259 0.9087 1.5236, -0.2601 0.9125 1.5236, -0.2559 0.9096 1.5144, -0.2856 0.9007 1.5236, -0.2868 0.9044 1.5236, -0.2921 0.8986 1.5053, -0.2933 0.9023 1.5053, -0.2889 0.8996 1.5144, -0.3011 0.8956 1.5053, -0.3024 0.8993 1.5053, -0.2769 0.9034 1.572, -0.2781 0.9072 1.572, -0.2891 0.8996 1.5387, -0.2843 0.9052 1.5311, -0.2627 0.9117 1.5311, -0.2675 0.9103 1.545, -0.2723 0.9089 1.5588, -0.2735 0.9085 1.5635, -0.2746 0.9082 1.5588, -0.2794 0.9067 1.545, -0.2712 0.9051 1.5588, -0.2724 0.9048 1.5635, -0.2734 0.9044 1.5588, -0.2831 0.9015 1.5311, -0.2616 0.9079 1.5311, -0.2616 0.9079 1.5311
            ]
        }
        coordIndex [
            0,1,2,-1,2,1,3,-1,2,3,4,-1,5,6,0,-1,0,6,1,-1,7,8,9,-1,9,8,6,-1,9,6,5,-1,10,11,7,-1,7,11,8,-1,12,13,14,-1,14,13,11,-1,14,11,10,-1,15,16,12,-1,12,16,13,-1,17,18,19,-1,19,18,16,-1,19,16,15,-1,3,18,4,-1,4,18,17,-1,1,6,8,-1,11,20,8,-1,8,20,21,-1,8,21,1,-1,1,21,22,-1,1,22,3,-1,22,23,3,-1,3,23,24,-1,3,24,18,-1,18,24,25,-1,25,26,18,-1,18,26,20,-1,18,20,16,-1,16,20,11,-1,16,11,13,-1,23,27,24,-1,24,27,28,-1,24,28,25,-1,25,28,29,-1,25,29,26,-1,26,29,30,-1,26,30,20,-1,31,21,30,-1,30,21,20,-1,21,31,22,-1,22,31,27,-1,22,27,23,-1,
        ]
    }
}
Shape{
    appearance Appearance {
        material  Material 	{
            diffuseColor 0.9882352941176471 0.7372549019607844 0.5176470588235295
            specularColor 0.49411764705882355 0.3686274509803922 0.25882352941176473
            ambientIntensity 0.2
            transparency 0
            shininess 0.5
        }
    }
    geometry IndexedFaceSet {
        ccw TRUE
        solid FALSE
        coord DEF co Coordinate {
            point [
                -0.2616 0.9079 1.5311, -0.2831 0.9015 1.5311, -0.2712 0.9051 1.5588, -0.2734 0.9044 1.5588, -0.2724 0.9048 1.5635, -0.2724 0.9048 1.5635
            ]
        }
        coordIndex [
            0,1,2,-1,2,1,3,-1,2,3,4,-1,
        ]
    }
}
Shape{
    appearance Appearance {
        material  Material 	{
            diffuseColor 0.0 0.0 0.0
            specularColor 0.0 0.0 0.0
            ambientIntensity 0.2
            transparency 0
            shininess 0.5
        }
    }
    geometry IndexedFaceSet {
        ccw TRUE
        solid FALSE
        coord DEF co Coordinate {
            point [
                -0.0473 0.9437 1.4295, -0.0475 0.9476 1.4295, -0.0473 0.9437 1.4071, -0.0475 0.9476 1.4071, -0.0711 0.9422 1.4295, -0.0714 0.9461 1.4295, -0.0711 0.9422 1.4372, -0.0714 0.9461 1.4372, -0.0473 0.9437 1.4372, -0.0475 0.9476 1.4372, -0.0473 0.9437 1.4585, -0.0475 0.9476 1.4585, -0.073 0.9421 1.4585, -0.0733 0.946 1.4585, -0.073 0.9421 1.4662, -0.0733 0.946 1.4662, -0.0387 0.9441 1.4662, -0.0388 0.948 1.4662, -0.0387 0.9441 1.3995, -0.0388 0.948 1.3995, -0.0745 0.9419 1.3995, -0.0748 0.9459 1.3995, -0.0745 0.9419 1.4071, -0.0748 0.9459 1.4071, -0.1027 0.9393 1.4414, -0.1031 0.9432 1.4414, -0.1006 0.9395 1.4412, -0.1011 0.9434 1.4412, -0.0988 0.9397 1.441, -0.099 0.9436 1.441, -0.096 0.94 1.4401, -0.0964 0.9439 1.4402, -0.093 0.9403 1.4392, -0.0934 0.9442 1.4392, -0.0917 0.9404 1.4384, -0.0921 0.9443 1.4384, -0.0871 0.9409 1.4357, -0.0875 0.9448 1.4357, -0.1122 0.9382 1.4298, -0.1127 0.9421 1.4298, -0.1126 0.9421 1.4319, -0.1121 0.9382 1.432, -0.1126 0.9421 1.432, -0.112 0.9382 1.4331, -0.1119 0.9422 1.4351, -0.1115 0.9383 1.4351, -0.1112 0.9383 1.4363, -0.1118 0.9422 1.4358, -0.1109 0.9384 1.4369, -0.1113 0.9423 1.4369, -0.1103 0.9384 1.4379, -0.1109 0.9423 1.4378, -0.1102 0.9384 1.4381, -0.1106 0.9423 1.438, -0.1101 0.9385 1.4381, -0.1097 0.9425 1.4391, -0.1093 0.9385 1.4391, -0.1098 0.9424 1.439, -0.1105 0.9424 1.4381, -0.1058 0.9429 1.441, -0.1053 0.939 1.441, -0.1063 0.9428 1.4409, -0.1059 0.9389 1.4409, -0.1075 0.9427 1.4405, -0.107 0.9388 1.4405, -0.1084 0.9426 1.4401, -0.1078 0.9387 1.4401, -0.1087 0.9426 1.4398, -0.1083 0.9387 1.4398, -0.1092 0.9386 1.4392, -0.0986 0.9437 1.4278, -0.1052 0.939 1.4288, -0.0982 0.9398 1.4278, -0.0825 0.9413 1.4122, -0.0828 0.9452 1.4122, -0.083 0.9412 1.4163, -0.0834 0.9451 1.4163, -0.0832 0.9412 1.417, -0.0835 0.9451 1.4171, -0.0838 0.9412 1.4187, -0.0842 0.9451 1.4187, -0.0843 0.9411 1.42, -0.0847 0.945 1.42, -0.0848 0.9411 1.4207, -0.0852 0.945 1.4207, -0.0859 0.941 1.4223, -0.0863 0.9449 1.4223, -0.086 0.941 1.4224, -0.0864 0.9449 1.4224, -0.0877 0.9408 1.4239, -0.0881 0.9447 1.4239, -0.0884 0.9407 1.4244, -0.0885 0.9447 1.4242, -0.0899 0.9406 1.4252, -0.0903 0.9445 1.4252, -0.0918 0.9404 1.4261, -0.092 0.9444 1.426, -0.0929 0.9403 1.4264, -0.0933 0.9442 1.4264, -0.0864 0.9409 1.4023, -0.0866 0.9409 1.4021, -0.0869 0.9448 1.4021, -0.0868 0.9448 1.4023, -0.0863 0.9449 1.4028, -0.0846 0.9411 1.4046, -0.085 0.945 1.4046, -0.0841 0.9411 1.4053, -0.0843 0.9451 1.4056, -0.0836 0.9412 1.4064, -0.084 0.9451 1.4064, -0.0831 0.9412 1.4077, -0.0834 0.9451 1.4079, -0.083 0.9412 1.4082, -0.0834 0.9452 1.4082, -0.0975 0.9398 1.3983, -0.0979 0.9438 1.3983, -0.0938 0.9402 1.3987, -0.0942 0.9441 1.3987, -0.093 0.9403 1.3988, -0.0936 0.9442 1.3988, -0.0914 0.9404 1.3994, -0.0918 0.9444 1.3994, -0.09 0.9406 1.3999, -0.0905 0.9445 1.3998, -0.0893 0.9407 1.4003, -0.0897 0.9446 1.4003, -0.1115 0.9383 1.406, -0.112 0.9382 1.4068, -0.1125 0.9421 1.4068, -0.1104 0.9384 1.4046, -0.1086 0.9426 1.4022, -0.1084 0.9386 1.4022, -0.1091 0.9425 1.4026, -0.1108 0.9423 1.4047, -0.1019 0.9433 1.399, -0.1015 0.9394 1.3989, -0.1036 0.9431 1.3993, -0.1024 0.9393 1.399, -0.1045 0.943 1.3997, -0.1041 0.9391 1.3997, -0.1064 0.9428 1.4005, -0.1055 0.939 1.4002, -0.1067 0.9428 1.4007, -0.1062 0.9389 1.4007, -0.1082 0.9387 1.4021, -0.1122 0.9382 1.4068, -0.1127 0.9421 1.4068, -0.1122 0.9382 1.3995, -0.1127 0.9421 1.3995, -0.1205 0.9372 1.3995, -0.121 0.9411 1.3995, -0.1205 0.9372 1.4301, -0.121 0.9411 1.4301, -0.1112 0.9383 1.4468, -0.1084 0.9386 1.4477, -0.108 0.9426 1.4477, -0.1076 0.9387 1.4478, -0.1067 0.9428 1.448, -0.1034 0.9392 1.4482, -0.1039 0.9431 1.4482, -0.1172 0.9415 1.4431, -0.1168 0.9377 1.4431, -0.1169 0.9416 1.4435, -0.1152 0.9378 1.4447, -0.1157 0.9417 1.4446, -0.1151 0.9379 1.4448, -0.1146 0.9419 1.4455, -0.1134 0.9381 1.4459, -0.1139 0.942 1.4458, -0.1125 0.9382 1.4464, -0.1118 0.9422 1.4468, -0.1116 0.9422 1.4469, -0.1203 0.9412 1.4356, -0.1199 0.9373 1.4357, -0.1201 0.9412 1.4371, -0.1197 0.9373 1.437, -0.1195 0.9413 1.4389, -0.119 0.9374 1.4389, -0.1187 0.9414 1.4409, -0.1184 0.9374 1.4406, -0.1185 0.9414 1.4413, -0.118 0.9375 1.4413, -0.1168 0.9376 1.4431, -0.0871 0.9409 1.4438, -0.0875 0.9448 1.4438, -0.0879 0.9408 1.4442, -0.0884 0.9447 1.4443, -0.0917 0.9404 1.4458, -0.0921 0.9443 1.4458, -0.0946 0.9401 1.447, -0.0952 0.944 1.447, -0.097 0.9399 1.4473, -0.0974 0.9438 1.4473, -0.097 0.9439 1.4209, -0.1016 0.9434 1.4219, -0.1072 0.9427 1.4226, -0.1127 0.9421 1.4234, -0.1091 0.9425 1.4091, -0.1072 0.9427 1.4076, -0.1064 0.9428 1.407, -0.105 0.943 1.4064, -0.1036 0.9431 1.4058, -0.1028 0.9432 1.4057, -0.1001 0.9435 1.4052, -0.0988 0.9437 1.4054, -0.098 0.9437 1.4055, -0.0968 0.9439 1.4058, -0.0957 0.944 1.4062, -0.0952 0.944 1.4065, -0.0937 0.9442 1.4074, -0.0929 0.9443 1.4085, -0.0925 0.9443 1.4089, -0.0921 0.9443 1.4099, -0.0916 0.9444 1.4109, -0.0916 0.9444 1.4114, -0.0913 0.9444 1.4129, -0.0916 0.9444 1.4147, -0.0917 0.9444 1.4153, -0.092 0.9443 1.4164, -0.0924 0.9443 1.4173, -0.0927 0.9443 1.4177, -0.0954 0.944 1.42, -0.0935 0.9442 1.4189, -0.1127 0.9421 1.4188, -0.1125 0.9421 1.4168, -0.1124 0.9421 1.4158, -0.1118 0.9422 1.414, -0.1111 0.9423 1.4121, -0.1106 0.9423 1.4114, -0.0933 0.9403 1.4074, -0.0925 0.9403 1.4085, -0.0921 0.9404 1.4089, -0.0917 0.9404 1.4099, -0.0913 0.9405 1.4109, -0.0912 0.9405 1.4114, -0.0909 0.9405 1.4129, -0.0997 0.9396 1.4052, -0.0984 0.9397 1.4054, -0.0976 0.9398 1.4055, -0.0964 0.9399 1.4058, -0.0953 0.9401 1.4062, -0.0948 0.9401 1.4065, -0.1087 0.9386 1.4091, -0.1067 0.9388 1.4076, -0.106 0.9389 1.407, -0.1046 0.9391 1.4064, -0.1032 0.9392 1.4058, -0.1024 0.9393 1.4057, -0.1122 0.9382 1.4188, -0.112 0.9382 1.4168, -0.1119 0.9382 1.4158, -0.1113 0.9383 1.414, -0.1107 0.9384 1.4122, -0.1102 0.9384 1.4114, -0.1122 0.9382 1.4234, -0.1012 0.9395 1.4219, -0.0931 0.9403 1.4189, -0.095 0.9401 1.42, -0.0965 0.9399 1.4209, -0.0966 0.9399 1.4209, -0.0912 0.9405 1.4147, -0.0913 0.9405 1.4153, -0.0917 0.9404 1.4164, -0.092 0.9404 1.4173, -0.0923 0.9404 1.4177, -0.0923 0.9404 1.4177
            ]
        }
        coordIndex [
            0,1,2,-1,2,1,3,-1,4,5,0,-1,0,5,1,-1,6,7,4,-1,4,7,5,-1,8,9,6,-1,6,9,7,-1,10,11,8,-1,8,11,9,-1,12,13,10,-1,10,13,11,-1,14,15,12,-1,12,15,13,-1,16,17,14,-1,14,17,15,-1,18,19,16,-1,16,19,17,-1,20,21,18,-1,18,21,19,-1,22,23,20,-1,20,23,21,-1,3,23,2,-1,2,23,22,-1,19,21,23,-1,23,3,19,-1,19,3,1,-1,19,1,17,-1,13,15,11,-1,11,15,17,-1,11,17,9,-1,9,17,1,-1,9,1,7,-1,7,1,5,-1,24,25,26,-1,26,25,27,-1,26,27,28,-1,28,27,29,-1,28,29,30,-1,30,29,31,-1,30,31,32,-1,32,31,33,-1,32,33,34,-1,34,33,35,-1,34,35,36,-1,36,35,37,-1,38,39,40,-1,38,40,41,-1,41,40,42,-1,41,42,43,-1,43,42,44,-1,43,44,45,-1,45,44,46,-1,46,44,47,-1,46,47,48,-1,48,47,49,-1,48,49,50,-1,50,49,51,-1,50,51,52,-1,52,51,53,-1,52,53,54,-1,55,56,57,-1,57,56,54,-1,57,54,58,-1,58,54,53,-1,25,24,59,-1,59,24,60,-1,59,60,61,-1,61,60,62,-1,61,62,63,-1,63,62,64,-1,63,64,65,-1,65,64,66,-1,65,66,67,-1,67,66,68,-1,67,68,55,-1,55,68,69,-1,55,69,56,-1,39,38,70,-1,70,38,71,-1,70,71,72,-1,73,74,75,-1,75,74,76,-1,75,76,77,-1,77,76,78,-1,77,78,79,-1,79,78,80,-1,79,80,81,-1,81,80,82,-1,81,82,83,-1,83,82,84,-1,83,84,85,-1,85,84,86,-1,85,86,87,-1,87,86,88,-1,87,88,89,-1,89,88,90,-1,89,90,91,-1,91,90,92,-1,91,92,93,-1,93,92,94,-1,93,94,95,-1,95,94,96,-1,95,96,97,-1,97,96,98,-1,97,98,72,-1,72,98,70,-1,99,100,101,-1,101,102,99,-1,99,102,103,-1,99,103,104,-1,104,103,105,-1,104,105,106,-1,106,105,107,-1,106,107,108,-1,108,107,109,-1,108,109,110,-1,110,109,111,-1,110,111,112,-1,112,111,113,-1,112,113,73,-1,73,113,74,-1,114,115,116,-1,116,115,117,-1,116,117,118,-1,118,117,119,-1,118,119,120,-1,120,119,121,-1,120,121,122,-1,122,121,123,-1,122,123,124,-1,124,123,125,-1,124,125,100,-1,100,125,101,-1,126,127,128,-1,126,128,129,-1,130,131,132,-1,132,131,129,-1,132,129,133,-1,133,129,128,-1,115,114,134,-1,134,114,135,-1,134,135,136,-1,136,135,137,-1,136,137,138,-1,138,137,139,-1,138,139,140,-1,140,139,141,-1,140,141,142,-1,142,141,143,-1,142,143,130,-1,130,143,144,-1,130,144,131,-1,145,146,127,-1,127,146,128,-1,147,148,145,-1,145,148,146,-1,149,150,147,-1,147,150,148,-1,151,152,149,-1,149,152,150,-1,153,154,155,-1,155,154,156,-1,155,156,157,-1,157,156,158,-1,157,158,159,-1,160,161,162,-1,162,161,163,-1,162,163,164,-1,164,163,165,-1,164,165,166,-1,166,165,167,-1,166,167,168,-1,168,167,169,-1,168,169,170,-1,170,169,153,-1,170,153,171,-1,171,153,155,-1,152,151,172,-1,172,151,173,-1,172,173,174,-1,174,173,175,-1,174,175,176,-1,176,175,177,-1,176,177,178,-1,178,177,179,-1,178,179,180,-1,180,179,181,-1,180,181,160,-1,160,181,182,-1,160,182,161,-1,183,184,185,-1,185,184,186,-1,185,186,187,-1,187,186,188,-1,187,188,189,-1,189,188,190,-1,189,190,191,-1,191,190,192,-1,191,192,158,-1,158,192,159,-1,37,184,36,-1,36,184,183,-1,184,37,186,-1,186,37,35,-1,186,35,188,-1,188,35,33,-1,188,33,190,-1,190,33,31,-1,190,31,192,-1,31,29,192,-1,192,29,27,-1,192,27,159,-1,159,27,25,-1,159,25,157,-1,157,25,59,-1,157,59,155,-1,155,59,61,-1,155,61,171,-1,171,61,63,-1,171,63,170,-1,170,63,65,-1,170,65,168,-1,168,65,67,-1,168,67,166,-1,166,67,55,-1,166,55,164,-1,55,57,164,-1,164,57,58,-1,164,58,162,-1,162,58,53,-1,162,53,160,-1,160,53,51,-1,160,51,180,-1,180,51,49,-1,180,49,178,-1,178,49,176,-1,176,49,47,-1,176,47,174,-1,40,172,42,-1,42,172,174,-1,42,174,44,-1,44,174,47,-1,193,194,39,-1,39,194,195,-1,39,195,196,-1,128,197,133,-1,133,197,198,-1,133,198,132,-1,132,198,199,-1,132,199,130,-1,130,199,200,-1,130,200,142,-1,142,200,201,-1,142,201,140,-1,140,201,138,-1,138,201,136,-1,136,201,202,-1,136,202,134,-1,202,203,134,-1,134,203,204,-1,134,204,115,-1,115,204,205,-1,115,205,117,-1,117,205,206,-1,117,206,119,-1,119,206,207,-1,119,207,121,-1,121,207,208,-1,121,208,123,-1,123,208,209,-1,123,209,125,-1,125,209,101,-1,101,209,102,-1,102,209,210,-1,102,210,103,-1,103,210,105,-1,105,210,211,-1,105,211,107,-1,107,211,212,-1,107,212,109,-1,109,212,111,-1,111,212,213,-1,111,213,113,-1,113,213,214,-1,113,214,74,-1,74,214,215,-1,74,215,76,-1,76,215,216,-1,76,216,78,-1,78,216,217,-1,78,217,80,-1,80,217,218,-1,80,218,82,-1,82,218,219,-1,82,219,84,-1,84,219,86,-1,86,219,220,-1,86,220,88,-1,221,94,222,-1,222,94,92,-1,222,92,220,-1,220,92,90,-1,220,90,88,-1,39,70,193,-1,193,70,98,-1,193,98,221,-1,221,98,96,-1,221,96,94,-1,40,39,172,-1,172,39,196,-1,172,196,152,-1,152,196,223,-1,152,223,224,-1,225,226,146,-1,146,226,227,-1,146,227,128,-1,128,227,228,-1,128,228,197,-1,148,150,146,-1,146,150,152,-1,146,152,225,-1,225,152,224,-1,209,229,210,-1,210,229,230,-1,210,230,211,-1,211,230,231,-1,211,231,212,-1,212,231,232,-1,212,232,213,-1,213,232,233,-1,213,233,214,-1,214,233,234,-1,214,234,215,-1,215,234,235,-1,203,236,204,-1,204,236,237,-1,204,237,205,-1,205,237,238,-1,205,238,206,-1,206,238,239,-1,206,239,207,-1,207,239,240,-1,207,240,208,-1,208,240,241,-1,208,241,209,-1,209,241,229,-1,197,242,198,-1,198,242,243,-1,198,243,199,-1,199,243,244,-1,199,244,200,-1,200,244,245,-1,200,245,201,-1,201,245,246,-1,201,246,202,-1,202,246,247,-1,202,247,203,-1,203,247,236,-1,223,248,224,-1,224,248,249,-1,224,249,225,-1,225,249,250,-1,225,250,226,-1,226,250,251,-1,226,251,227,-1,227,251,252,-1,227,252,228,-1,228,252,253,-1,228,253,197,-1,197,253,242,-1,196,254,223,-1,223,254,248,-1,254,196,255,-1,255,196,195,-1,255,195,194,-1,222,256,221,-1,221,256,257,-1,221,257,193,-1,257,258,193,-1,193,258,259,-1,193,259,194,-1,194,259,255,-1,215,235,216,-1,216,235,260,-1,216,260,217,-1,217,260,261,-1,217,261,218,-1,218,261,262,-1,218,262,219,-1,219,262,263,-1,219,263,220,-1,220,263,264,-1,220,264,222,-1,222,264,256,-1,
        ]
    }
}
Shape{
    appearance Appearance {
        material  Material 	{
            diffuseColor 0.9882352941176471 0.7372549019607844 0.5176470588235295
            specularColor 0.49411764705882355 0.3686274509803922 0.25882352941176473
            ambientIntensity 0.2
            transparency 0
            shininess 0.5
        }
    }
    geometry IndexedFaceSet {
        ccw TRUE
        solid FALSE
        coord DEF co Coordinate {
            point [
                -0.0984 0.9397 1.4054, -0.0997 0.9396 1.4052, -0.0912 0.9405 1.4114, -0.0966 0.9399 1.4209, -0.1024 0.9393 1.4057, -0.1032 0.9392 1.4058, -0.1067 0.9388 1.4076, -0.1087 0.9386 1.4091, -0.1102 0.9384 1.4114, -0.1046 0.9391 1.4064, -0.106 0.9389 1.407, -0.1107 0.9384 1.4122, -0.1113 0.9383 1.414, -0.1119 0.9382 1.4158, -0.112 0.9382 1.4168, -0.1012 0.9395 1.4219, -0.1122 0.9382 1.4188, -0.1122 0.9382 1.4234, -0.095 0.9401 1.42, -0.0931 0.9403 1.4189, -0.0923 0.9404 1.4177, -0.0965 0.9399 1.4209, -0.092 0.9404 1.4173, -0.0917 0.9404 1.4164, -0.0909 0.9405 1.4129, -0.0912 0.9405 1.4147, -0.0913 0.9405 1.4153, -0.0913 0.9405 1.4109, -0.0917 0.9404 1.4099, -0.0964 0.9399 1.4058, -0.0925 0.9403 1.4085, -0.0933 0.9403 1.4074, -0.0948 0.9401 1.4065, -0.0921 0.9404 1.4089, -0.0953 0.9401 1.4062, -0.0976 0.9398 1.4055, -0.0976 0.9398 1.4055
            ]
        }
        coordIndex [
            0,1,2,-1,3,4,5,-1,6,7,8,-1,5,9,3,-1,3,9,10,-1,3,10,6,-1,6,8,3,-1,3,8,11,-1,3,11,12,-1,12,13,3,-1,3,13,14,-1,3,14,15,-1,15,14,16,-1,15,16,17,-1,18,19,20,-1,4,3,1,-1,1,3,21,-1,1,21,18,-1,18,20,1,-1,1,20,22,-1,1,22,23,-1,24,2,25,-1,25,2,1,-1,25,1,26,-1,26,1,23,-1,27,28,29,-1,30,31,32,-1,28,33,30,-1,30,32,28,-1,28,32,34,-1,28,34,29,-1,27,29,2,-1,2,29,35,-1,2,35,0,-1,
        ]
    }
}
Shape{
    appearance Appearance {
        material  Material 	{
            diffuseColor 0.0 0.0 0.0
            specularColor 0.0 0.0 0.0
            ambientIntensity 0.2
            transparency 0
            shininess 0.5
        }
    }
    geometry IndexedFaceSet {
        ccw TRUE
        solid FALSE
        coord DEF co Coordinate {
            point [
                -0.1446 0.9338 1.3983, -0.1452 0.9376 1.3983, -0.1422 0.9341 1.3986, -0.1428 0.938 1.3986, -0.1384 0.9347 1.399, -0.1383 0.9387 1.3991, -0.1368 0.9349 1.3995, -0.1373 0.9388 1.3995, -0.1318 0.9356 1.4011, -0.1323 0.9395 1.4011, -0.1583 0.9315 1.4021, -0.1589 0.9354 1.4021, -0.1579 0.9316 1.4019, -0.1585 0.9355 1.4019, -0.1568 0.9318 1.4013, -0.1577 0.9356 1.4014, -0.1544 0.9322 1.4003, -0.155 0.9361 1.4003, -0.1517 0.9326 1.3993, -0.1527 0.9365 1.3994, -0.1502 0.9329 1.3991, -0.1508 0.9368 1.3991, -0.1635 0.9306 1.4117, -0.1636 0.9306 1.4124, -0.1642 0.9345 1.4124, -0.1637 0.9346 1.4088, -0.1631 0.9307 1.4089, -0.1638 0.9346 1.409, -0.1641 0.9345 1.4117, -0.161 0.9351 1.4041, -0.1604 0.9312 1.4041, -0.1617 0.9349 1.4048, -0.1608 0.9311 1.4045, -0.1622 0.9348 1.4056, -0.1616 0.931 1.4056, -0.1629 0.9347 1.4066, -0.1622 0.9309 1.4065, -0.1631 0.9347 1.4071, -0.1624 0.9308 1.4071, -0.1631 0.9307 1.4088, -0.1608 0.9311 1.4203, -0.1615 0.935 1.4203, -0.1614 0.931 1.4195, -0.162 0.9349 1.4195, -0.1619 0.9309 1.4187, -0.1626 0.9348 1.4186, -0.1624 0.9308 1.4173, -0.1631 0.9347 1.4173, -0.163 0.9307 1.4159, -0.1637 0.9346 1.4159, -0.1631 0.9307 1.4151, -0.1638 0.9346 1.4151, -0.1588 0.9354 1.4224, -0.1581 0.9316 1.4224, -0.1578 0.9356 1.4231, -0.1572 0.9317 1.4231, -0.1534 0.9363 1.4252, -0.1528 0.9324 1.4253, -0.1508 0.9368 1.4265, -0.1512 0.9327 1.4261, -0.1502 0.9329 1.4265, -0.1427 0.938 1.4306, -0.1455 0.9336 1.4286, -0.1421 0.9341 1.4306, -0.1403 0.9344 1.435, -0.1409 0.9383 1.435, -0.1405 0.9344 1.4342, -0.141 0.9383 1.4342, -0.1405 0.9344 1.4337, -0.1411 0.9383 1.4338, -0.1408 0.9343 1.4329, -0.1414 0.9382 1.4329, -0.1411 0.9343 1.4321, -0.1417 0.9382 1.4321, -0.1413 0.9342 1.4318, -0.1419 0.9381 1.4318, -0.1421 0.9381 1.4384, -0.1416 0.9342 1.4386, -0.1424 0.9381 1.4388, -0.1429 0.934 1.4397, -0.1434 0.9379 1.4397, -0.1413 0.9382 1.4366, -0.1406 0.9344 1.4366, -0.1414 0.9382 1.4371, -0.1407 0.9343 1.437, -0.1415 0.9382 1.4374, -0.1409 0.9343 1.4374, -0.1417 0.9382 1.4378, -0.1411 0.9343 1.4378, -0.1417 0.9382 1.4379, -0.1411 0.9343 1.4379, -0.1415 0.9342 1.4384, -0.1453 0.9376 1.4405, -0.1447 0.9337 1.4405, -0.146 0.9375 1.4408, -0.1454 0.9336 1.4408, -0.1474 0.9373 1.441, -0.1468 0.9334 1.4411, -0.15 0.9369 1.4414, -0.1483 0.9332 1.4414, -0.1494 0.933 1.4414, -0.1545 0.9362 1.4407, -0.1538 0.9323 1.4408, -0.1562 0.9359 1.4405, -0.1552 0.932 1.4406, -0.1589 0.9354 1.4393, -0.1583 0.9315 1.4393, -0.162 0.9349 1.438, -0.1605 0.9311 1.4384, -0.1613 0.931 1.438, -0.1613 0.931 1.4461, -0.162 0.9349 1.4461, -0.1502 0.9329 1.4482, -0.1508 0.9368 1.4482, -0.1532 0.9324 1.448, -0.1538 0.9363 1.448, -0.1558 0.9319 1.4474, -0.1565 0.9358 1.4474, -0.1371 0.9349 1.4444, -0.1377 0.9388 1.4444, -0.1386 0.9347 1.4453, -0.1387 0.9386 1.4451, -0.1411 0.9343 1.4463, -0.1416 0.9382 1.4463, -0.1437 0.9339 1.4473, -0.1438 0.9379 1.4472, -0.1451 0.9337 1.4475, -0.1457 0.9376 1.4475, -0.1319 0.9356 1.4348, -0.1318 0.9356 1.4343, -0.1324 0.9395 1.4343, -0.1329 0.9395 1.4377, -0.1322 0.9356 1.4375, -0.1327 0.9395 1.4368, -0.1324 0.9395 1.4348, -0.1356 0.9391 1.4424, -0.135 0.9352 1.4424, -0.1348 0.9392 1.4417, -0.1345 0.9353 1.442, -0.1343 0.9393 1.4409, -0.1338 0.9354 1.4409, -0.1335 0.9394 1.4395, -0.1331 0.9355 1.44, -0.1335 0.9394 1.4395, -0.1329 0.9355 1.4394, -0.1323 0.9356 1.4377, -0.1342 0.9353 1.4267, -0.1347 0.9392 1.4267, -0.1339 0.9353 1.4272, -0.1344 0.9392 1.4272, -0.1335 0.9354 1.4278, -0.1342 0.9393 1.4276, -0.133 0.9355 1.4292, -0.1335 0.9394 1.4292, -0.1324 0.9356 1.4306, -0.1329 0.9395 1.4306, -0.1322 0.9356 1.4314, -0.1328 0.9395 1.4314, -0.1367 0.9389 1.425, -0.1361 0.935 1.425, -0.1374 0.9388 1.4244, -0.1368 0.9349 1.4244, -0.141 0.9383 1.4225, -0.1403 0.9344 1.4224, -0.1449 0.9377 1.4204, -0.1424 0.9341 1.4213, -0.1443 0.9338 1.4204, -0.1536 0.9363 1.4162, -0.1493 0.933 1.4183, -0.153 0.9324 1.4162, -0.1551 0.9321 1.4116, -0.1557 0.9359 1.4116, -0.1549 0.9321 1.4126, -0.1556 0.936 1.4126, -0.1548 0.9321 1.4131, -0.1555 0.936 1.4131, -0.1545 0.9322 1.4138, -0.1551 0.9361 1.4138, -0.1541 0.9322 1.4146, -0.1548 0.9361 1.4146, -0.1539 0.9323 1.415, -0.1545 0.9362 1.415, -0.1538 0.9363 1.4072, -0.1532 0.9324 1.4072, -0.1537 0.9363 1.4071, -0.1524 0.9325 1.4066, -0.153 0.9364 1.4067, -0.1522 0.9325 1.4065, -0.1526 0.9365 1.4064, -0.1515 0.9327 1.4061, -0.1521 0.9366 1.4062, -0.1511 0.9327 1.406, -0.1509 0.9367 1.4057, -0.1499 0.9329 1.4057, -0.1505 0.9368 1.4057, -0.1485 0.9331 1.4054, -0.1476 0.9373 1.4054, -0.147 0.9334 1.4053, -0.146 0.9375 1.4052, -0.1454 0.9336 1.4052, -0.1554 0.936 1.41, -0.1547 0.9321 1.41, -0.1552 0.936 1.4094, -0.1546 0.9321 1.4095, -0.1549 0.9361 1.4088, -0.1543 0.9322 1.4088, -0.1545 0.9362 1.408, -0.154 0.9322 1.4082, -0.1544 0.9362 1.408, -0.1538 0.9323 1.408, -0.1532 0.9324 1.4073, -0.1318 0.9356 1.4098, -0.1323 0.9395 1.4098, -0.1324 0.9356 1.4094, -0.1329 0.9395 1.4094, -0.1339 0.9354 1.4085, -0.1344 0.9393 1.4085, -0.1366 0.9349 1.4073, -0.1372 0.9388 1.4073, -0.1396 0.9345 1.4061, -0.1401 0.9384 1.4061, -0.141 0.9343 1.4058, -0.1416 0.9382 1.4058, -0.1923 0.9291 1.4112, -0.1915 0.9253 1.4112, -0.1911 0.9294 1.4074, -0.1903 0.9255 1.4074, -0.1892 0.9257 1.4113, -0.19 0.9296 1.4113, -0.177 0.9282 1.4471, -0.1778 0.932 1.4471, -0.1831 0.927 1.4292, -0.1843 0.9267 1.4257, -0.1678 0.9299 1.4471, -0.1685 0.9337 1.4471, -0.177 0.9282 1.4234, -0.187 0.9302 1.3996, -0.1843 0.9267 1.4044, -0.1862 0.9264 1.3996, -0.1834 0.9309 1.3909, -0.1843 0.9267 1.3951, -0.1826 0.9271 1.3909, -0.1756 0.9284 1.3845, -0.1742 0.9287 1.3842, -0.1749 0.9326 1.3842, -0.1801 0.9316 1.3861, -0.1794 0.9277 1.3861, -0.1801 0.9316 1.386, -0.1788 0.9278 1.3856, -0.1791 0.9318 1.3854, -0.1784 0.9279 1.3854, -0.1786 0.9319 1.3851, -0.1772 0.9281 1.3848, -0.1779 0.932 1.3848, -0.1771 0.9281 1.3848, -0.1769 0.9322 1.3845, -0.1764 0.9323 1.3844, -0.182 0.9312 1.3886, -0.1813 0.9273 1.3886, -0.1814 0.9313 1.3875, -0.181 0.9274 1.3879, -0.181 0.9314 1.3871, -0.1803 0.9275 1.3871, -0.1796 0.9277 1.3862, -0.1725 0.933 1.3846, -0.1718 0.9291 1.3845, -0.171 0.9333 1.3849, -0.1695 0.9295 1.3851, -0.1702 0.9334 1.3851, -0.1695 0.9295 1.3777, -0.1702 0.9334 1.3777, -0.1756 0.9324 1.377, -0.1722 0.9291 1.3772, -0.1748 0.9286 1.377, -0.1904 0.9255 1.3896, -0.1915 0.9253 1.3923, -0.1923 0.9291 1.3923, -0.1888 0.9258 1.3869, -0.1869 0.9302 1.3829, -0.1865 0.9263 1.3832, -0.1888 0.9298 1.3853, -0.1896 0.9297 1.3869, -0.1837 0.9309 1.3798, -0.1843 0.9267 1.3809, -0.1857 0.9305 1.3814, -0.185 0.9266 1.3814, -0.1859 0.9304 1.3816, -0.1851 0.9266 1.3816, -0.1862 0.9263 1.3828, -0.1786 0.9318 1.3776, -0.1779 0.928 1.3776, -0.1796 0.9317 1.3777, -0.1788 0.9278 1.3777, -0.1812 0.9314 1.3784, -0.1804 0.9275 1.3784, -0.1828 0.931 1.3791, -0.182 0.9272 1.3791, -0.1829 0.927 1.3798, -0.2126 0.9206 1.4471, -0.2135 0.9245 1.4471, -0.2021 0.923 1.4197, -0.2042 0.9226 1.4471, -0.205 0.9264 1.4471, -0.1978 0.9239 1.4292, -0.2298 0.9165 1.4295, -0.2307 0.9203 1.4295, -0.2298 0.9165 1.4071, -0.2307 0.9203 1.4071, -0.2528 0.9104 1.4295, -0.2539 0.9142 1.4295, -0.2528 0.9104 1.4372, -0.2539 0.9142 1.4372, -0.2298 0.9165 1.4372, -0.2307 0.9203 1.4372, -0.2298 0.9165 1.4585, -0.2307 0.9203 1.4585, -0.2547 0.9099 1.4585, -0.2557 0.9137 1.4585, -0.2547 0.9099 1.4662, -0.2557 0.9137 1.4662, -0.2214 0.9186 1.4662, -0.2223 0.9224 1.4662, -0.2214 0.9186 1.3995, -0.2223 0.9224 1.3995, -0.2561 0.9095 1.3995, -0.2572 0.9133 1.3995, -0.2561 0.9095 1.4071, -0.2572 0.9133 1.4071, -0.2876 0.9042 1.4662, -0.2864 0.9004 1.4662, -0.2694 0.9098 1.4662, -0.2682 0.906 1.4662, -0.293 0.8983 1.4654, -0.2942 0.902 1.4654, -0.2951 0.8976 1.4652, -0.2963 0.9014 1.4652, -0.2994 0.8962 1.4636, -0.3007 0.8999 1.4636, -0.3033 0.8949 1.4622, -0.3046 0.8986 1.4622, -0.3053 0.8942 1.4609, -0.3065 0.8979 1.4609, -0.3104 0.8925 1.4574, -0.3117 0.8962 1.4574, -0.3129 0.8916 1.4547, -0.314 0.8954 1.4548, -0.3132 0.8915 1.4542, -0.3144 0.8952 1.4542, -0.3159 0.8905 1.45, -0.3173 0.8942 1.4501, -0.3166 0.8903 1.4489, -0.3177 0.8941 1.4495, -0.3177 0.8899 1.4459, -0.319 0.8936 1.4459, -0.3188 0.8895 1.443, -0.32 0.8932 1.4435, -0.319 0.8894 1.4411, -0.3203 0.8931 1.441, -0.3199 0.8891 1.4337, -0.3212 0.8928 1.4337, -0.3198 0.8933 1.4232, -0.3195 0.8892 1.4286, -0.3209 0.8929 1.4301, -0.3196 0.8892 1.43, -0.3211 0.8928 1.4313, -0.3117 0.8962 1.4088, -0.3104 0.8925 1.4088, -0.3155 0.8948 1.4139, -0.3142 0.8911 1.4138, -0.3169 0.8943 1.4158, -0.3153 0.8907 1.4153, -0.318 0.894 1.4182, -0.3167 0.8902 1.4182, -0.3196 0.8934 1.422, -0.3181 0.8897 1.4214, -0.3185 0.8896 1.4232, -0.3047 0.8944 1.4045, -0.3059 0.8982 1.4046, -0.3039 0.8947 1.4039, -0.3044 0.8987 1.4035, -0.2998 0.8961 1.4021, -0.301 0.8998 1.4022, -0.2971 0.897 1.401, -0.2975 0.901 1.4008, -0.2943 0.8979 1.4006, -0.2956 0.9016 1.4005, -0.2858 0.9006 1.3995, -0.287 0.9044 1.3995, -0.2694 0.9098 1.3995, -0.2682 0.906 1.3995, -0.3058 0.8982 1.414, -0.3082 0.8974 1.4174, -0.3093 0.897 1.419, -0.3102 0.8967 1.4212, -0.3115 0.8962 1.4246, -0.3051 0.8984 1.4134, -0.3047 0.8986 1.4131, -0.3011 0.8998 1.4105, -0.3002 0.9001 1.4099, -0.2976 0.9009 1.4089, -0.2952 0.9017 1.408, -0.2936 0.9022 1.4078, -0.2869 0.9044 1.4071, -0.2776 0.9073 1.4071, -0.2776 0.9073 1.4585, -0.2873 0.9043 1.4585, -0.2921 0.9027 1.458, -0.294 0.9021 1.4578, -0.2972 0.9011 1.4567, -0.3002 0.9001 1.4557, -0.3016 0.8996 1.4549, -0.3103 0.8966 1.4458, -0.3098 0.8968 1.4467, -0.3079 0.8975 1.4498, -0.3078 0.8975 1.4499, -0.3057 0.8982 1.4522, -0.3116 0.8962 1.4257, -0.3123 0.8959 1.4311, -0.3126 0.8958 1.4334, -0.312 0.8961 1.4397, -0.3118 0.8961 1.4412, -0.3111 0.8964 1.4435, -0.2857 0.9006 1.4071, -0.2765 0.9035 1.4071, -0.3046 0.8944 1.414, -0.3034 0.8948 1.4132, -0.2999 0.896 1.4105, -0.2995 0.8962 1.4102, -0.2964 0.8972 1.4089, -0.2924 0.8985 1.4079, -0.2945 0.8978 1.4082, -0.3113 0.8921 1.4334, -0.3112 0.8922 1.4311, -0.3111 0.8922 1.4303, -0.3103 0.8925 1.4257, -0.3099 0.8926 1.4236, -0.3089 0.893 1.4213, -0.3074 0.8935 1.4179, -0.307 0.8936 1.4173, -0.3044 0.8945 1.4522, -0.3062 0.8939 1.4503, -0.3065 0.8938 1.4498, -0.3085 0.8931 1.4467, -0.3106 0.8924 1.4397, -0.3104 0.8924 1.4418, -0.3098 0.8927 1.4435, -0.3089 0.893 1.4461, -0.2861 0.9005 1.4585, -0.2909 0.899 1.458, -0.2928 0.8984 1.4578, -0.296 0.8973 1.4567, -0.299 0.8963 1.4557, -0.3003 0.8959 1.4549, -0.2765 0.9035 1.4585, -0.2765 0.9035 1.4585
            ]
        }
        coordIndex [
            0,1,2,-1,2,1,3,-1,2,3,4,-1,4,3,5,-1,4,5,6,-1,6,5,7,-1,6,7,8,-1,8,7,9,-1,10,11,12,-1,12,11,13,-1,12,13,14,-1,14,13,15,-1,14,15,16,-1,16,15,17,-1,16,17,18,-1,18,17,19,-1,18,19,20,-1,20,19,21,-1,20,21,0,-1,0,21,1,-1,22,23,24,-1,25,26,27,-1,27,26,22,-1,27,22,28,-1,28,22,24,-1,11,10,29,-1,29,10,30,-1,29,30,31,-1,31,30,32,-1,31,32,33,-1,33,32,34,-1,33,34,35,-1,35,34,36,-1,35,36,37,-1,37,36,38,-1,37,38,25,-1,25,38,39,-1,25,39,26,-1,40,41,42,-1,42,41,43,-1,42,43,44,-1,44,43,45,-1,44,45,46,-1,46,45,47,-1,46,47,48,-1,48,47,49,-1,48,49,50,-1,50,49,51,-1,50,51,23,-1,23,51,24,-1,41,40,52,-1,52,40,53,-1,52,53,54,-1,54,53,55,-1,54,55,56,-1,56,55,57,-1,56,57,58,-1,58,57,59,-1,58,59,60,-1,58,60,61,-1,61,60,62,-1,61,62,63,-1,64,65,66,-1,66,65,67,-1,66,67,68,-1,68,67,69,-1,68,69,70,-1,70,69,71,-1,70,71,72,-1,72,71,73,-1,72,73,74,-1,74,73,75,-1,74,75,63,-1,63,75,61,-1,76,77,78,-1,78,77,79,-1,78,79,80,-1,65,64,81,-1,81,64,82,-1,81,82,83,-1,83,82,84,-1,83,84,85,-1,85,84,86,-1,85,86,87,-1,87,86,88,-1,87,88,89,-1,89,88,90,-1,89,90,76,-1,76,90,91,-1,76,91,77,-1,80,79,92,-1,92,79,93,-1,92,93,94,-1,94,93,95,-1,94,95,96,-1,96,95,97,-1,96,97,98,-1,98,97,99,-1,98,99,100,-1,98,100,101,-1,101,100,102,-1,101,102,103,-1,103,102,104,-1,103,104,105,-1,105,104,106,-1,105,106,107,-1,107,106,108,-1,107,108,109,-1,110,111,109,-1,109,111,107,-1,112,113,114,-1,114,113,115,-1,114,115,116,-1,116,115,117,-1,116,117,110,-1,110,117,111,-1,118,119,120,-1,120,119,121,-1,120,121,122,-1,122,121,123,-1,122,123,124,-1,124,123,125,-1,124,125,126,-1,126,125,127,-1,126,127,112,-1,112,127,113,-1,128,129,130,-1,131,132,133,-1,133,132,128,-1,133,128,134,-1,134,128,130,-1,119,118,135,-1,135,118,136,-1,135,136,137,-1,137,136,138,-1,137,138,139,-1,139,138,140,-1,139,140,141,-1,141,140,142,-1,141,142,143,-1,143,142,144,-1,143,144,131,-1,131,144,145,-1,131,145,132,-1,146,147,148,-1,148,147,149,-1,148,149,150,-1,150,149,151,-1,150,151,152,-1,152,151,153,-1,152,153,154,-1,154,153,155,-1,154,155,156,-1,156,155,157,-1,156,157,129,-1,129,157,130,-1,147,146,158,-1,158,146,159,-1,158,159,160,-1,160,159,161,-1,160,161,162,-1,162,161,163,-1,162,163,164,-1,164,163,165,-1,164,165,166,-1,164,166,167,-1,167,166,168,-1,167,168,169,-1,170,171,172,-1,172,171,173,-1,172,173,174,-1,174,173,175,-1,174,175,176,-1,176,175,177,-1,176,177,178,-1,178,177,179,-1,178,179,180,-1,180,179,181,-1,180,181,169,-1,169,181,167,-1,182,183,184,-1,184,183,185,-1,184,185,186,-1,186,185,187,-1,186,187,188,-1,188,187,189,-1,188,189,190,-1,190,189,191,-1,190,191,192,-1,192,191,193,-1,192,193,194,-1,194,193,195,-1,194,195,196,-1,196,195,197,-1,196,197,198,-1,198,197,199,-1,171,170,200,-1,200,170,201,-1,200,201,202,-1,202,201,203,-1,202,203,204,-1,204,203,205,-1,204,205,206,-1,206,205,207,-1,206,207,208,-1,208,207,209,-1,208,209,182,-1,182,209,210,-1,182,210,183,-1,211,212,213,-1,213,212,214,-1,213,214,215,-1,215,214,216,-1,215,216,217,-1,217,216,218,-1,217,218,219,-1,219,218,220,-1,219,220,221,-1,221,220,222,-1,221,222,199,-1,199,222,198,-1,9,212,8,-1,8,212,211,-1,214,212,9,-1,54,56,167,-1,167,56,164,-1,164,56,58,-1,164,58,162,-1,162,58,61,-1,162,61,160,-1,177,45,179,-1,179,45,43,-1,179,43,181,-1,181,43,41,-1,181,41,167,-1,167,41,52,-1,167,52,54,-1,171,24,173,-1,173,24,51,-1,173,51,175,-1,175,51,49,-1,175,49,177,-1,177,49,47,-1,177,47,45,-1,200,27,171,-1,171,27,28,-1,171,28,24,-1,202,37,200,-1,200,37,25,-1,200,25,27,-1,29,31,204,-1,204,31,33,-1,204,33,202,-1,202,33,35,-1,202,35,37,-1,204,206,29,-1,29,206,208,-1,29,208,11,-1,11,208,182,-1,11,182,13,-1,13,182,184,-1,13,184,15,-1,15,184,186,-1,15,186,17,-1,186,188,17,-1,17,188,190,-1,17,190,19,-1,19,190,192,-1,19,192,21,-1,192,194,21,-1,21,194,196,-1,21,196,1,-1,1,196,198,-1,1,198,3,-1,3,198,222,-1,3,222,5,-1,5,222,220,-1,5,220,7,-1,7,220,218,-1,7,218,9,-1,9,218,216,-1,9,216,214,-1,160,61,158,-1,158,61,75,-1,158,75,147,-1,69,155,71,-1,71,155,153,-1,71,153,73,-1,73,153,151,-1,73,151,75,-1,75,151,149,-1,75,149,147,-1,83,141,143,-1,83,143,81,-1,81,143,131,-1,81,131,65,-1,131,133,65,-1,65,133,134,-1,65,134,67,-1,67,134,130,-1,67,130,69,-1,69,130,157,-1,69,157,155,-1,141,83,139,-1,139,83,85,-1,139,85,137,-1,137,85,87,-1,137,87,135,-1,87,89,135,-1,135,89,76,-1,135,76,119,-1,119,76,78,-1,119,78,121,-1,121,78,80,-1,121,80,123,-1,123,80,92,-1,123,92,125,-1,125,92,94,-1,125,94,127,-1,127,94,96,-1,127,96,113,-1,113,96,98,-1,113,98,115,-1,115,98,101,-1,115,101,117,-1,107,111,105,-1,105,111,117,-1,105,117,103,-1,103,117,101,-1,223,224,225,-1,225,224,226,-1,227,228,226,-1,226,228,225,-1,229,230,231,-1,231,230,228,-1,231,228,232,-1,232,228,227,-1,233,234,229,-1,229,234,230,-1,234,233,235,-1,234,235,236,-1,236,235,237,-1,236,237,238,-1,236,238,239,-1,239,238,240,-1,239,240,241,-1,242,243,244,-1,245,246,247,-1,247,246,248,-1,247,248,249,-1,249,248,250,-1,249,250,251,-1,251,250,252,-1,251,252,253,-1,253,252,254,-1,253,254,255,-1,255,254,242,-1,255,242,256,-1,256,242,244,-1,239,241,257,-1,257,241,258,-1,257,258,259,-1,259,258,260,-1,259,260,261,-1,261,260,262,-1,261,262,245,-1,245,262,263,-1,245,263,246,-1,244,243,264,-1,264,243,265,-1,264,265,266,-1,266,265,267,-1,266,267,268,-1,269,270,267,-1,267,270,268,-1,270,269,271,-1,271,269,272,-1,271,272,273,-1,274,275,276,-1,274,276,277,-1,278,279,280,-1,280,279,277,-1,280,277,281,-1,281,277,276,-1,282,283,284,-1,284,283,285,-1,284,285,286,-1,286,285,287,-1,286,287,278,-1,278,287,288,-1,278,288,279,-1,271,273,289,-1,289,273,290,-1,289,290,291,-1,291,290,292,-1,291,292,293,-1,293,292,294,-1,293,294,295,-1,295,294,296,-1,295,296,282,-1,282,296,297,-1,282,297,283,-1,298,299,300,-1,300,299,276,-1,300,276,275,-1,301,302,298,-1,298,302,299,-1,224,223,303,-1,303,223,302,-1,303,302,301,-1,276,299,302,-1,302,223,276,-1,276,223,225,-1,276,225,281,-1,230,234,228,-1,228,234,236,-1,228,236,225,-1,225,236,281,-1,281,236,239,-1,281,239,280,-1,280,239,257,-1,280,257,278,-1,257,259,278,-1,278,259,261,-1,278,261,286,-1,286,261,245,-1,286,245,284,-1,284,245,282,-1,282,245,247,-1,282,247,295,-1,295,247,249,-1,295,249,293,-1,293,249,251,-1,293,251,291,-1,291,251,253,-1,291,253,289,-1,253,255,289,-1,289,255,256,-1,289,256,271,-1,256,244,271,-1,271,244,264,-1,271,264,270,-1,270,264,266,-1,270,266,268,-1,304,305,306,-1,306,305,307,-1,308,309,304,-1,304,309,305,-1,310,311,308,-1,308,311,309,-1,312,313,310,-1,310,313,311,-1,314,315,312,-1,312,315,313,-1,316,317,314,-1,314,317,315,-1,318,319,316,-1,316,319,317,-1,320,321,318,-1,318,321,319,-1,322,323,320,-1,320,323,321,-1,324,325,322,-1,322,325,323,-1,326,327,324,-1,324,327,325,-1,307,327,306,-1,306,327,326,-1,323,325,327,-1,327,307,323,-1,323,307,305,-1,323,305,321,-1,317,319,315,-1,315,319,321,-1,315,321,313,-1,313,321,305,-1,313,305,311,-1,311,305,309,-1,328,329,330,-1,330,329,331,-1,329,328,332,-1,332,328,333,-1,332,333,334,-1,334,333,335,-1,334,335,336,-1,336,335,337,-1,336,337,338,-1,338,337,339,-1,338,339,340,-1,340,339,341,-1,340,341,342,-1,342,341,343,-1,342,343,344,-1,344,343,345,-1,344,345,346,-1,346,345,347,-1,346,347,348,-1,348,347,349,-1,348,349,350,-1,350,349,351,-1,350,351,352,-1,352,351,353,-1,352,353,354,-1,354,353,355,-1,354,355,356,-1,356,355,357,-1,356,357,358,-1,358,357,359,-1,360,361,362,-1,362,361,363,-1,362,363,364,-1,364,363,358,-1,364,358,359,-1,365,366,367,-1,367,366,368,-1,367,368,369,-1,369,368,370,-1,369,370,371,-1,371,370,372,-1,371,372,373,-1,373,372,374,-1,373,374,360,-1,360,374,375,-1,360,375,361,-1,366,365,376,-1,376,365,377,-1,376,377,378,-1,378,377,379,-1,378,379,380,-1,380,379,381,-1,380,381,382,-1,382,381,383,-1,382,383,384,-1,384,383,385,-1,384,385,386,-1,386,385,387,-1,388,389,387,-1,387,389,386,-1,331,389,330,-1,330,389,388,-1,390,365,391,-1,391,365,367,-1,391,367,392,-1,392,367,369,-1,392,369,393,-1,393,369,371,-1,393,371,394,-1,390,395,365,-1,365,395,396,-1,365,396,377,-1,377,396,397,-1,377,397,379,-1,379,397,398,-1,379,398,381,-1,381,398,399,-1,381,399,383,-1,383,399,400,-1,383,400,385,-1,385,400,401,-1,385,401,387,-1,387,401,402,-1,387,402,388,-1,388,402,403,-1,388,403,330,-1,330,403,404,-1,330,404,328,-1,404,405,328,-1,328,405,406,-1,328,406,333,-1,333,406,407,-1,333,407,335,-1,335,407,337,-1,337,407,408,-1,337,408,339,-1,339,408,409,-1,339,409,341,-1,341,409,410,-1,341,410,343,-1,411,349,412,-1,412,349,347,-1,412,347,413,-1,413,347,345,-1,413,345,414,-1,414,345,343,-1,414,343,415,-1,415,343,410,-1,371,373,394,-1,394,373,360,-1,394,360,416,-1,416,360,362,-1,416,362,417,-1,417,362,364,-1,417,364,418,-1,418,364,359,-1,418,359,419,-1,419,359,357,-1,419,357,420,-1,420,357,355,-1,420,355,421,-1,421,355,353,-1,421,353,411,-1,411,353,351,-1,411,351,349,-1,402,422,403,-1,403,422,423,-1,390,424,395,-1,395,424,425,-1,395,425,396,-1,396,425,397,-1,425,426,397,-1,397,426,427,-1,397,427,398,-1,398,427,428,-1,422,402,429,-1,429,402,401,-1,429,401,430,-1,430,401,400,-1,430,400,428,-1,428,400,399,-1,428,399,398,-1,417,418,431,-1,431,432,417,-1,417,432,433,-1,417,433,416,-1,416,433,434,-1,416,434,394,-1,394,434,435,-1,394,435,393,-1,393,435,436,-1,393,436,392,-1,392,436,437,-1,392,437,391,-1,391,437,438,-1,391,438,390,-1,390,438,424,-1,414,415,439,-1,439,440,414,-1,414,440,441,-1,414,441,413,-1,413,441,442,-1,431,418,443,-1,443,418,419,-1,443,419,444,-1,444,419,420,-1,444,420,445,-1,445,420,421,-1,445,421,446,-1,446,421,411,-1,446,411,442,-1,442,411,412,-1,442,412,413,-1,405,447,406,-1,406,447,448,-1,406,448,407,-1,407,448,449,-1,407,449,408,-1,408,449,450,-1,408,450,409,-1,409,450,451,-1,409,451,410,-1,410,451,452,-1,410,452,415,-1,415,452,439,-1,404,453,405,-1,405,453,447,-1,404,403,453,-1,453,403,423,-1,
        ]
    }
}
Shape{
    appearance Appearance {
        material  Material 	{
            diffuseColor 0.9882352941176471 0.7372549019607844 0.5176470588235295
            specularColor 0.49411764705882355 0.3686274509803922 0.25882352941176473
            ambientIntensity 0.2
            transparency 0
            shininess 0.5
        }
    }
    geometry IndexedFaceSet {
        ccw TRUE
        solid FALSE
        coord DEF co Coordinate {
            point [
                -0.2765 0.9035 1.4585, -0.2765 0.9035 1.4071, -0.2857 0.9006 1.4071, -0.2924 0.8985 1.4079, -0.2945 0.8978 1.4082, -0.2964 0.8972 1.4089, -0.307 0.8936 1.4173, -0.3074 0.8935 1.4179, -0.3089 0.893 1.4213, -0.3046 0.8944 1.414, -0.3034 0.8948 1.4132, -0.2999 0.896 1.4105, -0.3099 0.8926 1.4236, -0.3103 0.8925 1.4257, -0.3111 0.8922 1.4303, -0.3112 0.8922 1.4311, -0.3113 0.8921 1.4334, -0.3106 0.8924 1.4397, -0.3104 0.8924 1.4418, -0.3098 0.8927 1.4435, -0.3089 0.893 1.4461, -0.3085 0.8931 1.4467, -0.3065 0.8938 1.4498, -0.3062 0.8939 1.4503, -0.3044 0.8945 1.4522, -0.3003 0.8959 1.4549, -0.299 0.8963 1.4557, -0.296 0.8973 1.4567, -0.2928 0.8984 1.4578, -0.2909 0.899 1.458, -0.2995 0.8962 1.4102, -0.2861 0.9005 1.4585, -0.2861 0.9005 1.4585
            ]
        }
        coordIndex [
            0,1,2,-1,2,3,0,-1,0,3,4,-1,0,4,5,-1,6,7,8,-1,9,6,10,-1,10,6,8,-1,10,8,11,-1,8,12,11,-1,11,12,13,-1,11,13,14,-1,14,15,11,-1,11,15,16,-1,11,16,17,-1,17,18,11,-1,11,18,19,-1,11,19,20,-1,20,21,11,-1,11,21,22,-1,11,22,23,-1,23,24,11,-1,11,24,25,-1,11,25,26,-1,26,27,11,-1,11,27,28,-1,11,28,29,-1,5,30,0,-1,0,30,11,-1,0,11,31,-1,31,11,29,-1,
        ]
    }
}
Shape{
    appearance Appearance {
        material  Material 	{
            diffuseColor 0.0 0.0 0.0
            specularColor 0.0 0.0 0.0
            ambientIntensity 0.2
            transparency 0
            shininess 0.5
        }
    }
    geometry IndexedFaceSet {
        ccw TRUE
        solid FALSE
        coord DEF co Coordinate {
            point [
                -0.3233 0.8878 1.3995, -0.3247 0.8915 1.3995, -0.3352 0.8834 1.4328, -0.3485 0.8825 1.4662, -0.3471 0.8788 1.4662, -0.3323 0.8845 1.3995, -0.3336 0.8882 1.3995, -0.3397 0.8859 1.4177, -0.3353 0.8834 1.4086, -0.3383 0.8823 1.4177, -0.3656 0.8756 1.4177, -0.3616 0.873 1.4177, -0.364 0.8719 1.4177, -0.3719 0.8729 1.3995, -0.3672 0.8706 1.4086, -0.3703 0.8693 1.3995, -0.3791 0.8655 1.3995, -0.3806 0.8691 1.3995, -0.3674 0.8705 1.4328, -0.3571 0.879 1.4662, -0.3616 0.8729 1.4493, -0.3556 0.8754 1.4662, -0.3631 0.8766 1.4253, -0.3422 0.885 1.4253, -0.3469 0.8831 1.4391, -0.3515 0.8813 1.453, -0.3527 0.8808 1.4577, -0.3537 0.8804 1.453, -0.3584 0.8785 1.4391, -0.3501 0.8776 1.453, -0.3513 0.8772 1.4577, -0.3523 0.8768 1.453, -0.3616 0.873 1.4253, -0.3408 0.8813 1.4253, -0.3408 0.8813 1.4253
            ]
        }
        coordIndex [
            0,1,2,-1,2,1,3,-1,2,3,4,-1,5,6,0,-1,0,6,1,-1,6,5,7,-1,7,5,8,-1,7,8,9,-1,7,9,10,-1,10,9,11,-1,10,11,12,-1,10,12,13,-1,13,12,14,-1,13,14,15,-1,16,17,15,-1,15,17,13,-1,17,16,18,-1,17,18,19,-1,19,18,20,-1,19,20,21,-1,3,19,4,-1,4,19,21,-1,1,6,7,-1,10,22,7,-1,7,22,23,-1,7,23,1,-1,1,23,24,-1,1,24,3,-1,24,25,3,-1,3,25,26,-1,3,26,19,-1,19,26,27,-1,27,28,19,-1,19,28,22,-1,19,22,17,-1,17,22,10,-1,17,10,13,-1,25,29,26,-1,26,29,30,-1,26,30,27,-1,27,30,31,-1,27,31,28,-1,28,31,32,-1,28,32,22,-1,33,23,32,-1,32,23,22,-1,23,33,24,-1,24,33,29,-1,24,29,25,-1,
        ]
    }
}
Shape{
    appearance Appearance {
        material  Material 	{
            diffuseColor 0.9882352941176471 0.7372549019607844 0.5176470588235295
            specularColor 0.49411764705882355 0.3686274509803922 0.25882352941176473
            ambientIntensity 0.2
            transparency 0
            shininess 0.5
        }
    }
    geometry IndexedFaceSet {
        ccw TRUE
        solid FALSE
        coord DEF co Coordinate {
            point [
                -0.3408 0.8813 1.4253, -0.3616 0.873 1.4253, -0.3501 0.8776 1.453, -0.3523 0.8768 1.453, -0.3513 0.8772 1.4577, -0.3513 0.8772 1.4577
            ]
        }
        coordIndex [
            0,1,2,-1,2,1,3,-1,2,3,4,-1,
        ]
    }
}
Shape{
    appearance Appearance {
        material  Material 	{
            diffuseColor 0.0 0.0 0.0
            specularColor 0.0 0.0 0.0
            ambientIntensity 0.2
            transparency 0
            shininess 0.5
        }
    }
    geometry IndexedFaceSet {
        ccw TRUE
        solid FALSE
        coord DEF co Coordinate {
            point [
                0.1524 0.9325 1.59, 0.153 0.9364 1.59, 0.138 0.9347 1.5883, 0.1386 0.9386 1.5883, 0.1319 0.9356 1.5876, 0.1325 0.9395 1.5877, 0.121 0.937 1.5838, 0.1215 0.941 1.5838, 0.111 0.9383 1.5803, 0.1115 0.9422 1.5803, 0.1057 0.9389 1.5768, 0.1061 0.9428 1.5768, 0.0884 0.9407 1.5653, 0.0888 0.9447 1.5653, 0.1708 0.9293 1.5875, 0.1766 0.9282 1.5867, 0.1774 0.9321 1.5867, 0.1887 0.9298 1.582, 0.2083 0.9216 1.5714, 0.2091 0.9255 1.5714, 0.204 0.9226 1.5742, 0.2049 0.9264 1.5742, 0.1989 0.9237 1.5775, 0.1995 0.9276 1.5776, 0.1879 0.9259 1.582, 0.1843 0.9267 1.5835, 0.1671 0.9339 1.5881, 0.1715 0.9331 1.5875, 0.2191 0.9231 1.5619, 0.2186 0.9193 1.5623, 0.2249 0.9218 1.5564, 0.2286 0.9168 1.5506, 0.2295 0.9206 1.5506, 0.2401 0.9179 1.5515, 0.2346 0.9153 1.5513, 0.2391 0.9141 1.5515, 0.2915 0.8988 1.5288, 0.2927 0.9025 1.5288, 0.2894 0.8995 1.5309, 0.2906 0.9032 1.5309, 0.2891 0.8996 1.5311, 0.2904 0.9033 1.531, 0.2779 0.9031 1.5395, 0.2791 0.9068 1.5395, 0.2741 0.9042 1.5423, 0.2754 0.908 1.5423, 0.2661 0.9066 1.5457, 0.2672 0.9104 1.5457, 0.2586 0.9088 1.5488, 0.2598 0.9126 1.5488, 0.254 0.9101 1.5495, 0.2551 0.9138 1.5494, 0.3126 0.8917 1.4747, 0.3139 0.8954 1.4747, 0.3125 0.8917 1.4777, 0.3138 0.8954 1.4777, 0.3125 0.8917 1.4779, 0.3138 0.8954 1.4781, 0.3103 0.8925 1.492, 0.3116 0.8962 1.492, 0.3096 0.8927 1.4967, 0.3109 0.8964 1.4967, 0.3063 0.8939 1.505, 0.3075 0.8976 1.505, 0.3032 0.8949 1.5126, 0.3045 0.8986 1.5126, 0.3004 0.8958 1.5164, 0.3017 0.8996 1.5164, 0.2937 0.8981 1.423, 0.295 0.9018 1.423, 0.3014 0.8955 1.4341, 0.3026 0.8993 1.4341, 0.3029 0.895 1.4364, 0.3043 0.8987 1.4365, 0.307 0.8936 1.4467, 0.3083 0.8973 1.4467, 0.3101 0.8926 1.4545, 0.3114 0.8963 1.4546, 0.3107 0.8924 1.4593, 0.312 0.8961 1.4593, 0.2574 0.9091 1.4002, 0.2585 0.9129 1.4002, 0.2627 0.9076 1.4019, 0.2633 0.9115 1.4017, 0.2704 0.9053 1.4057, 0.2715 0.9091 1.4057, 0.2791 0.9027 1.4101, 0.2802 0.9065 1.4101, 0.2826 0.9016 1.4132, 0.2838 0.9054 1.4132, 0.2195 0.919 1.3687, 0.2138 0.9204 1.3679, 0.2147 0.9242 1.3679, 0.2178 0.9235 1.3681, 0.2204 0.9229 1.3686, 0.2259 0.9175 1.3697, 0.2291 0.9207 1.3703, 0.2281 0.9169 1.3705, 0.2292 0.9207 1.3703, 0.2359 0.9149 1.3738, 0.2369 0.9188 1.3738, 0.2364 0.9148 1.374, 0.2385 0.9184 1.3745, 0.2428 0.9132 1.3787, 0.2437 0.917 1.3787, 0.2448 0.9126 1.3802, 0.2473 0.916 1.3815, 0.2486 0.9116 1.3848, 0.2497 0.9154 1.3847, 0.2522 0.9106 1.3891, 0.2541 0.9142 1.3904, 0.2536 0.9102 1.392, 0.2548 0.914 1.3919, 0.1673 0.9299 1.4154, 0.168 0.9338 1.4154, 0.1679 0.9298 1.4098, 0.1684 0.9337 1.4098, 0.1682 0.9298 1.4065, 0.1684 0.9337 1.4095, 0.1698 0.9295 1.4014, 0.1704 0.9334 1.4014, 0.1711 0.9333 1.3985, 0.1715 0.9292 1.3957, 0.1736 0.9328 1.3936, 0.1728 0.929 1.3936, 0.1769 0.9282 1.3867, 0.1833 0.9309 1.3804, 0.1825 0.9271 1.3804, 0.1832 0.931 1.3805, 0.177 0.9282 1.3865, 0.1778 0.932 1.3868, 0.1759 0.9324 1.389, 0.1902 0.9296 1.3753, 0.1843 0.9267 1.3791, 0.1826 0.9271 1.3804, 0.2054 0.9263 1.3693, 0.2045 0.9225 1.3693, 0.202 0.9271 1.3697, 0.2012 0.9232 1.3697, 0.1977 0.928 1.3715, 0.1969 0.9241 1.3715, 0.1923 0.9291 1.3738, 0.1916 0.9253 1.3737, 0.1894 0.9257 1.3753, 0.1673 0.9299 1.4201, 0.168 0.9338 1.4201, 0.1016 0.9394 1.4552, 0.102 0.9433 1.4552, 0.1346 0.9353 1.4377, 0.1671 0.934 1.4206, 0.1162 0.9377 1.4804, 0.1167 0.9416 1.4804, 0.1089 0.9386 1.4678, 0.1477 0.9333 1.4638, 0.1671 0.9336 1.4538, 0.179 0.9278 1.4472, 0.1798 0.9316 1.4472, 0.2065 0.922 1.4627, 0.2083 0.9216 1.4628, 0.2092 0.9255 1.4628, 0.21 0.9253 1.463, 0.2138 0.9204 1.4633, 0.2147 0.9242 1.4633, 0.2001 0.9234 1.4608, 0.2009 0.9273 1.4609, 0.1958 0.9244 1.4596, 0.1988 0.9278 1.4604, 0.1925 0.9251 1.4577, 0.1933 0.9289 1.4576, 0.189 0.9298 1.4554, 0.1868 0.9262 1.4544, 0.1867 0.9303 1.4533, 0.1858 0.9264 1.4535, 0.1843 0.9267 1.4521, 0.257 0.9093 1.432, 0.2581 0.9131 1.432, 0.2546 0.9099 1.437, 0.2555 0.9138 1.4369, 0.2528 0.9104 1.4407, 0.2523 0.9147 1.4432, 0.2497 0.9113 1.4446, 0.2509 0.915 1.4447, 0.2456 0.9124 1.4499, 0.2451 0.9166 1.4513, 0.244 0.9128 1.4511, 0.2446 0.9167 1.4518, 0.2386 0.9142 1.4553, 0.2396 0.9181 1.4553, 0.2365 0.9148 1.4569, 0.2352 0.9192 1.4583, 0.231 0.9162 1.4593, 0.232 0.92 1.4594, 0.2258 0.9175 1.4615, 0.2252 0.9217 1.462, 0.2226 0.9183 1.462, 0.2236 0.9221 1.4622, 0.2843 0.9011 1.4756, 0.2854 0.9049 1.4756, 0.2837 0.9013 1.4686, 0.2849 0.905 1.4685, 0.283 0.9015 1.466, 0.2819 0.906 1.4575, 0.2807 0.9022 1.4575, 0.2822 0.9059 1.458, 0.2842 0.9052 1.466, 0.2658 0.9108 1.4371, 0.2647 0.907 1.4371, 0.269 0.9099 1.4392, 0.2677 0.9062 1.4391, 0.2728 0.9087 1.4434, 0.2717 0.905 1.4434, 0.2768 0.9076 1.4478, 0.2752 0.9039 1.4473, 0.2778 0.9072 1.4498, 0.2766 0.9035 1.4498, 0.2806 0.9023 1.4572, 0.2387 0.9142 1.5231, 0.2397 0.918 1.5231, 0.2438 0.9129 1.5225, 0.2449 0.9167 1.5227, 0.2473 0.9119 1.5222, 0.2453 0.9166 1.5227, 0.252 0.9107 1.5207, 0.2531 0.9144 1.5207, 0.256 0.9136 1.52, 0.2578 0.909 1.5188, 0.2606 0.9123 1.5175, 0.2596 0.9085 1.5176, 0.2662 0.9066 1.5134, 0.2652 0.911 1.5151, 0.2672 0.9104 1.5133, 0.2842 0.9053 1.4851, 0.283 0.9015 1.4851, 0.2837 0.9054 1.4885, 0.2825 0.9017 1.4885, 0.282 0.9059 1.493, 0.2808 0.9022 1.493, 0.2799 0.9066 1.4984, 0.2787 0.9028 1.4984, 0.2784 0.9071 1.5006, 0.2772 0.9033 1.5006, 0.2735 0.9085 1.5075, 0.2724 0.9048 1.5075, 0.2735 0.9085 1.5076, 0.2723 0.9048 1.5076, 0.2666 0.9065 1.5132, 0.2143 0.9203 1.5159, 0.2152 0.9241 1.5159, 0.221 0.9187 1.5189, 0.2219 0.9225 1.5189, 0.2265 0.9173 1.5213, 0.2274 0.9212 1.5212, 0.2298 0.9165 1.5217, 0.2307 0.9203 1.5217, 0.1719 0.9291 1.5581, 0.1697 0.9295 1.559, 0.1691 0.9336 1.5594, 0.1519 0.9326 1.5615, 0.1526 0.9365 1.5615, 0.1596 0.9313 1.5604, 0.1603 0.9351 1.5605, 0.1671 0.934 1.5597, 0.1726 0.933 1.5581, 0.1838 0.9308 1.5537, 0.1831 0.927 1.5534, 0.1839 0.9308 1.5536, 0.1843 0.9267 1.5528, 0.2093 0.9254 1.5279, 0.2085 0.9216 1.5279, 0.2073 0.9259 1.5322, 0.2066 0.922 1.5317, 0.202 0.927 1.5384, 0.2011 0.9232 1.5383, 0.1969 0.9282 1.5443, 0.1957 0.9244 1.5446, 0.1933 0.9289 1.5469, 0.1925 0.925 1.5469, 0.1846 0.9267 1.5527, 0.086 0.941 1.5022, 0.0864 0.9449 1.5022, 0.0888 0.9407 1.5142, 0.0892 0.9446 1.5142, 0.0895 0.9406 1.5169, 0.0898 0.9446 1.5169, 0.0936 0.9402 1.5252, 0.094 0.9441 1.5252, 0.0969 0.9399 1.5318, 0.0972 0.9438 1.5317, 0.0995 0.9396 1.5347, 0.0999 0.9435 1.5347, 0.1079 0.9387 1.5444, 0.1084 0.9426 1.5444, 0.1172 0.9376 1.5511, 0.1177 0.9415 1.5511, 0.1206 0.9372 1.5535, 0.121 0.9411 1.5535, 0.1278 0.9362 1.5564, 0.1283 0.9401 1.5564, 0.1344 0.9353 1.5591, 0.1349 0.9392 1.5591, 0.1385 0.9346 1.5597, 0.1391 0.9385 1.5597, 0.0823 0.9413 1.5022, 0.0826 0.9452 1.5022, 0.0459 0.9438 1.4713, 0.0458 0.9438 1.4701, 0.046 0.9477 1.4701, 0.0459 0.9477 1.4697, 0.0453 0.9438 1.4652, 0.0455 0.9477 1.4652, 0.0475 0.9437 1.4767, 0.0476 0.9476 1.4767, 0.0484 0.9436 1.4799, 0.048 0.9476 1.4784, 0.05 0.9436 1.4827, 0.0537 0.9473 1.488, 0.0525 0.9434 1.4871, 0.0518 0.9474 1.4858, 0.0502 0.9475 1.4828, 0.0751 0.9458 1.5012, 0.0748 0.9419 1.5012, 0.0729 0.946 1.5009, 0.0726 0.9421 1.5009, 0.0689 0.9463 1.4993, 0.0686 0.9424 1.4993, 0.065 0.9466 1.4978, 0.0648 0.9427 1.4978, 0.0629 0.9467 1.4962, 0.0626 0.9428 1.4962, 0.0577 0.9471 1.4926, 0.0576 0.9431 1.4926, 0.0575 0.9471 1.4923, 0.0573 0.9431 1.4923, 0.0534 0.9434 1.4881, 0.0794 0.9415 1.4282, 0.0798 0.9455 1.4282, 0.0725 0.9421 1.4297, 0.0728 0.946 1.4297, 0.0702 0.9423 1.4302, 0.07 0.9462 1.4303, 0.066 0.9426 1.4322, 0.0663 0.9465 1.4321, 0.062 0.9429 1.4342, 0.062 0.9468 1.4342, 0.0603 0.943 1.4356, 0.0604 0.9469 1.4356, 0.0552 0.9433 1.44, 0.0554 0.9472 1.44, 0.0551 0.9472 1.4402, 0.0517 0.9435 1.4447, 0.0519 0.9474 1.4447, 0.0502 0.9436 1.4469, 0.0499 0.9475 1.4475, 0.0486 0.9436 1.4509, 0.0486 0.9476 1.4509, 0.0466 0.9437 1.4559, 0.0468 0.9477 1.4554, 0.0463 0.9437 1.4579, 0.0465 0.9477 1.4579, 0.1007 0.9395 1.4282, 0.1011 0.9434 1.4282, 0.1035 0.9392 1.4287, 0.1039 0.9431 1.4287, 0.1181 0.9375 1.4139, 0.1186 0.9414 1.4139, 0.1175 0.9375 1.4174, 0.118 0.9414 1.4174, 0.1174 0.9376 1.4183, 0.1179 0.9415 1.4183, 0.1166 0.9377 1.42, 0.1171 0.9416 1.42, 0.1159 0.9377 1.4216, 0.1164 0.9416 1.4216, 0.1154 0.9378 1.4222, 0.1159 0.9417 1.4223, 0.1138 0.938 1.4243, 0.1143 0.9419 1.4243, 0.1143 0.9419 1.4243, 0.1118 0.9382 1.4259, 0.1122 0.9422 1.4259, 0.1111 0.9383 1.4264, 0.1115 0.9422 1.4265, 0.1095 0.9385 1.4271, 0.11 0.9424 1.4272, 0.1078 0.9387 1.4279, 0.1083 0.9426 1.4279, 0.1068 0.9388 1.4281, 0.1073 0.9427 1.4281, 0.1045 0.9391 1.3992, 0.1049 0.943 1.3992, 0.1072 0.9388 1.3999, 0.1077 0.9427 1.3999, 0.1082 0.9387 1.4001, 0.1087 0.9426 1.4001, 0.1099 0.9385 1.4009, 0.1103 0.9424 1.4009, 0.1115 0.9383 1.4017, 0.1119 0.9422 1.4017, 0.1121 0.9382 1.4023, 0.1126 0.9421 1.4023, 0.1141 0.938 1.4039, 0.1146 0.9419 1.4039, 0.1154 0.9378 1.4057, 0.1159 0.9417 1.4057, 0.1159 0.9377 1.4064, 0.1165 0.9416 1.4065, 0.1166 0.9377 1.408, 0.1171 0.9416 1.408, 0.1174 0.9376 1.4097, 0.1179 0.9415 1.4097, 0.1175 0.9375 1.4107, 0.118 0.9414 1.4107, 0.0794 0.9415 1.3992, 0.0798 0.9455 1.3992, 0.078 0.9417 1.3992, 0.0783 0.9456 1.3992, 0.0766 0.9418 1.3992, 0.0769 0.9457 1.3992, 0.0335 0.9443 1.4206, 0.0336 0.9482 1.4206, 0.0428 0.9439 1.4126, 0.043 0.9478 1.4125, 0.0448 0.9438 1.4108, 0.0449 0.9478 1.4109, 0.0532 0.9434 1.4064, 0.0534 0.9473 1.4064, 0.0597 0.943 1.403, 0.0599 0.9469 1.4031, 0.0637 0.9427 1.4021, 0.064 0.9466 1.4021, 0.016 0.9447 1.4657, 0.016 0.9487 1.4657, 0.0174 0.9447 1.4534, 0.0176 0.9487 1.4534, 0.0176 0.9447 1.4509, 0.0181 0.9486 1.4492, 0.0209 0.9447 1.4418, 0.0209 0.9486 1.4418, 0.0234 0.9446 1.435, 0.0235 0.9485 1.435, 0.0258 0.9445 1.4316, 0.0259 0.9485 1.4316, 0.0561 0.9432 1.5247, 0.0629 0.9428 1.5278, 0.0631 0.9467 1.5278, 0.0591 0.947 1.5264, 0.0563 0.9471 1.5248, 0.0474 0.9437 1.5206, 0.0453 0.9477 1.519, 0.0452 0.9438 1.5188, 0.0444 0.9478 1.5185, 0.0355 0.9442 1.5109, 0.0357 0.9481 1.5108, 0.0345 0.9443 1.5101, 0.0332 0.9482 1.5086, 0.0275 0.9445 1.5009, 0.0277 0.9484 1.5009, 0.0251 0.9445 1.4978, 0.0239 0.9485 1.4955, 0.0219 0.9446 1.4902, 0.0218 0.9486 1.4903, 0.0185 0.9447 1.4825, 0.0186 0.9486 1.4826, 0.0179 0.9447 1.4784, 0.018 0.9486 1.4784, 0.0815 0.9413 1.5573, 0.0818 0.9453 1.5573, 0.0732 0.942 1.5477, 0.0739 0.9459 1.5482, 0.0709 0.9422 1.5432, 0.0712 0.9461 1.5431, 0.1151 0.9418 1.4216, 0.2192 0.9231 1.4328, 0.2152 0.9241 1.4334, 0.2116 0.9249 1.4328, 0.2099 0.9253 1.4325, 0.2084 0.9256 1.4319, 0.1989 0.9277 1.4229, 0.198 0.9279 1.4208, 0.2059 0.9262 1.4308, 0.2055 0.9263 1.4304, 0.2028 0.9269 1.4283, 0.2024 0.927 1.428, 0.2006 0.9274 1.4257, 0.1998 0.9275 1.4247, 0.1978 0.928 1.4198, 0.1971 0.9281 1.4168, 0.1971 0.9281 1.4167, 0.1972 0.9281 1.413, 0.1973 0.9281 1.4117, 0.203 0.9268 1.4012, 0.2006 0.9274 1.4038, 0.2006 0.9274 1.4039, 0.199 0.9277 1.4067, 0.1985 0.9278 1.4075, 0.1979 0.928 1.4098, 0.2152 0.9241 1.3964, 0.2111 0.925 1.397, 0.21 0.9253 1.3972, 0.2081 0.9257 1.398, 0.2064 0.9261 1.3987, 0.2056 0.9263 1.3992, 0.2031 0.9268 1.4011, 0.2279 0.921 1.4018, 0.228 0.921 1.4019, 0.2253 0.9217 1.3997, 0.2242 0.922 1.3989, 0.2224 0.9224 1.3981, 0.2201 0.9229 1.3972, 0.2193 0.9231 1.397, 0.23 0.9205 1.4045, 0.2307 0.9204 1.4054, 0.2315 0.9201 1.4073, 0.2324 0.9199 1.4093, 0.2326 0.9199 1.4104, 0.2332 0.9197 1.4135, 0.2332 0.9197 1.4135, 0.233 0.9198 1.4169, 0.2329 0.9198 1.4184, 0.2324 0.9199 1.4202, 0.2316 0.9201 1.4226, 0.2312 0.9202 1.4232, 0.2296 0.9206 1.4259, 0.2295 0.9207 1.4262, 0.2274 0.9212 1.4285, 0.2273 0.9212 1.4286, 0.2203 0.9229 1.4326, 0.2247 0.9218 1.4305, 0.2239 0.922 1.4311, 0.2222 0.9224 1.4318, 0.2143 0.9203 1.4334, 0.2107 0.9211 1.4329, 0.2106 0.9211 1.4329, 0.2075 0.9218 1.4319, 0.2065 0.922 1.4315, 0.2047 0.9224 1.4304, 0.2027 0.9229 1.4291, 0.202 0.923 1.4283, 0.1997 0.9235 1.4259, 0.1997 0.9235 1.4258, 0.198 0.9239 1.4229, 0.1976 0.924 1.422, 0.197 0.9241 1.4198, 0.1964 0.9242 1.4178, 0.1964 0.9242 1.4168, 0.1963 0.9243 1.4132, 0.1963 0.9243 1.413, 0.1969 0.9241 1.4097, 0.1971 0.9241 1.409, 0.1982 0.9239 1.4067, 0.1987 0.9237 1.4054, 0.1998 0.9235 1.404, 0.2018 0.9231 1.4015, 0.2143 0.9203 1.3964, 0.2102 0.9212 1.3971, 0.2092 0.9214 1.3972, 0.2073 0.9219 1.398, 0.2053 0.9223 1.3989, 0.2048 0.9224 1.3993, 0.2023 0.923 1.4012, 0.218 0.9194 1.3969, 0.2184 0.9193 1.397, 0.2215 0.9185 1.3981, 0.222 0.9184 1.3982, 0.2243 0.9179 1.3997, 0.2258 0.9175 1.4007, 0.2269 0.9172 1.4019, 0.2288 0.9168 1.4039, 0.2291 0.9167 1.4044, 0.2307 0.9163 1.4073, 0.2309 0.9162 1.4078, 0.2316 0.9161 1.4104, 0.232 0.9159 1.412, 0.2321 0.9159 1.4135, 0.2322 0.9159 1.4166, 0.2321 0.9159 1.4169, 0.2315 0.9161 1.4202, 0.2314 0.9161 1.4208, 0.2303 0.9164 1.4232, 0.2297 0.9165 1.4244, 0.2286 0.9168 1.4258, 0.2268 0.9173 1.4282, 0.2183 0.9193 1.4327, 0.2193 0.9191 1.4326, 0.2212 0.9186 1.4318, 0.2232 0.9181 1.4309, 0.2238 0.918 1.4305, 0.2263 0.9174 1.4285, 0.2263 0.9174 1.4285
            ]
        }
        coordIndex [
            0,1,2,-1,2,1,3,-1,2,3,4,-1,4,3,5,-1,4,5,6,-1,6,5,7,-1,6,7,8,-1,8,7,9,-1,8,9,10,-1,10,9,11,-1,10,11,12,-1,12,11,13,-1,14,15,16,-1,16,15,17,-1,18,19,20,-1,20,19,21,-1,20,21,22,-1,22,21,23,-1,22,23,24,-1,24,23,17,-1,24,17,25,-1,25,17,15,-1,1,0,26,-1,26,0,14,-1,26,14,27,-1,27,14,16,-1,19,18,28,-1,28,18,29,-1,28,29,30,-1,30,29,31,-1,30,31,32,-1,32,31,33,-1,33,31,34,-1,33,34,35,-1,36,37,38,-1,38,37,39,-1,38,39,40,-1,40,39,41,-1,40,41,42,-1,42,41,43,-1,42,43,44,-1,44,43,45,-1,44,45,46,-1,46,45,47,-1,46,47,48,-1,48,47,49,-1,48,49,50,-1,50,49,51,-1,50,51,35,-1,35,51,33,-1,52,53,54,-1,54,53,55,-1,54,55,56,-1,56,55,57,-1,56,57,58,-1,58,57,59,-1,58,59,60,-1,60,59,61,-1,60,61,62,-1,62,61,63,-1,62,63,64,-1,64,63,65,-1,64,65,66,-1,66,65,67,-1,66,67,36,-1,36,67,37,-1,68,69,70,-1,70,69,71,-1,70,71,72,-1,72,71,73,-1,72,73,74,-1,74,73,75,-1,74,75,76,-1,76,75,77,-1,76,77,78,-1,78,77,79,-1,78,79,52,-1,52,79,53,-1,80,81,82,-1,82,81,83,-1,82,83,84,-1,84,83,85,-1,84,85,86,-1,86,85,87,-1,86,87,88,-1,88,87,89,-1,88,89,68,-1,68,89,69,-1,90,91,92,-1,92,93,90,-1,90,93,94,-1,90,94,95,-1,95,94,96,-1,95,96,97,-1,97,96,98,-1,97,98,99,-1,99,98,100,-1,99,100,101,-1,101,100,102,-1,101,102,103,-1,103,102,104,-1,103,104,105,-1,105,104,106,-1,105,106,107,-1,107,106,108,-1,107,108,109,-1,109,108,110,-1,109,110,111,-1,111,110,112,-1,111,112,80,-1,80,112,81,-1,113,114,115,-1,115,114,116,-1,115,116,117,-1,117,116,118,-1,117,118,119,-1,118,120,119,-1,119,120,121,-1,119,121,122,-1,122,121,123,-1,122,123,124,-1,124,123,125,-1,126,127,128,-1,128,127,129,-1,128,129,130,-1,130,129,125,-1,130,125,131,-1,131,125,123,-1,132,133,126,-1,126,133,134,-1,126,134,127,-1,92,91,135,-1,135,91,136,-1,135,136,137,-1,137,136,138,-1,137,138,139,-1,139,138,140,-1,139,140,141,-1,141,140,142,-1,141,142,132,-1,132,142,143,-1,132,143,133,-1,144,145,113,-1,113,145,114,-1,146,147,148,-1,148,147,149,-1,148,149,144,-1,144,149,145,-1,150,151,152,-1,152,151,147,-1,152,147,146,-1,151,150,153,-1,151,153,154,-1,154,153,155,-1,154,155,156,-1,157,158,159,-1,159,158,160,-1,160,158,161,-1,160,161,162,-1,157,159,163,-1,163,159,164,-1,163,164,165,-1,165,164,166,-1,165,166,167,-1,166,168,167,-1,167,168,169,-1,167,169,170,-1,170,169,171,-1,170,171,172,-1,172,171,173,-1,173,171,156,-1,173,156,155,-1,174,175,176,-1,176,175,177,-1,176,177,178,-1,178,177,179,-1,178,179,180,-1,180,179,181,-1,180,181,182,-1,182,181,183,-1,182,183,184,-1,184,183,185,-1,184,185,186,-1,186,185,187,-1,186,187,188,-1,188,187,189,-1,188,189,190,-1,190,189,191,-1,190,191,192,-1,192,191,193,-1,192,193,194,-1,194,193,195,-1,194,195,161,-1,161,195,162,-1,196,197,198,-1,198,197,199,-1,198,199,200,-1,201,202,203,-1,203,202,200,-1,203,200,204,-1,204,200,199,-1,175,174,205,-1,205,174,206,-1,205,206,207,-1,207,206,208,-1,207,208,209,-1,209,208,210,-1,209,210,211,-1,211,210,212,-1,211,212,213,-1,213,212,214,-1,213,214,201,-1,201,214,215,-1,201,215,202,-1,216,217,218,-1,218,217,219,-1,218,219,220,-1,220,219,221,-1,220,221,222,-1,221,223,222,-1,222,223,224,-1,222,224,225,-1,225,224,226,-1,225,226,227,-1,227,226,228,-1,228,226,229,-1,228,229,230,-1,197,196,231,-1,231,196,232,-1,231,232,233,-1,233,232,234,-1,233,234,235,-1,235,234,236,-1,235,236,237,-1,237,236,238,-1,237,238,239,-1,239,238,240,-1,239,240,241,-1,241,240,242,-1,241,242,243,-1,243,242,244,-1,243,244,230,-1,230,244,245,-1,230,245,228,-1,246,247,248,-1,248,247,249,-1,248,249,250,-1,250,249,251,-1,250,251,252,-1,252,251,253,-1,252,253,216,-1,216,253,217,-1,254,255,256,-1,257,258,259,-1,259,258,260,-1,259,260,255,-1,255,260,261,-1,255,261,256,-1,256,262,254,-1,254,262,263,-1,254,263,264,-1,264,263,265,-1,264,265,266,-1,247,246,267,-1,267,246,268,-1,267,268,269,-1,269,268,270,-1,269,270,271,-1,271,270,272,-1,271,272,273,-1,273,272,274,-1,273,274,275,-1,275,274,276,-1,275,276,265,-1,265,276,277,-1,265,277,266,-1,278,279,280,-1,280,279,281,-1,280,281,282,-1,282,281,283,-1,282,283,284,-1,284,283,285,-1,284,285,286,-1,286,285,287,-1,286,287,288,-1,288,287,289,-1,288,289,290,-1,290,289,291,-1,290,291,292,-1,292,291,293,-1,292,293,294,-1,294,293,295,-1,294,295,296,-1,296,295,297,-1,296,297,298,-1,298,297,299,-1,298,299,300,-1,300,299,301,-1,300,301,257,-1,257,301,258,-1,302,303,278,-1,278,303,279,-1,304,305,306,-1,306,305,307,-1,307,305,308,-1,307,308,309,-1,304,306,310,-1,310,306,311,-1,310,311,312,-1,312,311,313,-1,312,313,314,-1,315,316,317,-1,317,316,314,-1,317,314,318,-1,318,314,313,-1,303,302,319,-1,319,302,320,-1,319,320,321,-1,321,320,322,-1,321,322,323,-1,323,322,324,-1,323,324,325,-1,325,324,326,-1,325,326,327,-1,327,326,328,-1,327,328,329,-1,329,328,330,-1,329,330,331,-1,331,330,332,-1,331,332,315,-1,315,332,333,-1,315,333,316,-1,334,335,336,-1,336,335,337,-1,336,337,338,-1,338,337,339,-1,338,339,340,-1,340,339,341,-1,340,341,342,-1,342,341,343,-1,342,343,344,-1,344,343,345,-1,344,345,346,-1,345,347,346,-1,346,347,348,-1,346,348,349,-1,349,348,350,-1,349,350,351,-1,351,350,352,-1,351,352,353,-1,353,352,354,-1,353,354,355,-1,355,354,356,-1,355,356,357,-1,357,356,358,-1,357,358,308,-1,308,358,309,-1,359,360,334,-1,334,360,335,-1,361,362,359,-1,359,362,360,-1,363,364,365,-1,365,364,366,-1,365,366,367,-1,367,366,368,-1,367,368,369,-1,369,368,370,-1,369,370,371,-1,371,370,372,-1,371,372,373,-1,373,372,374,-1,373,374,375,-1,374,376,375,-1,375,376,377,-1,375,377,378,-1,378,377,379,-1,378,379,380,-1,380,379,381,-1,380,381,382,-1,382,381,383,-1,382,383,384,-1,384,383,385,-1,384,385,386,-1,386,385,387,-1,386,387,361,-1,361,387,362,-1,388,389,390,-1,390,389,391,-1,390,391,392,-1,392,391,393,-1,392,393,394,-1,394,393,395,-1,394,395,396,-1,396,395,397,-1,396,397,398,-1,398,397,399,-1,398,399,400,-1,400,399,401,-1,400,401,402,-1,402,401,403,-1,402,403,404,-1,404,403,405,-1,404,405,406,-1,406,405,407,-1,406,407,408,-1,408,407,409,-1,408,409,410,-1,410,409,411,-1,410,411,363,-1,363,411,364,-1,412,413,388,-1,388,413,389,-1,414,415,412,-1,412,415,413,-1,416,417,414,-1,414,417,415,-1,418,419,420,-1,420,419,421,-1,420,421,422,-1,422,421,423,-1,422,423,424,-1,424,423,425,-1,424,425,426,-1,426,425,427,-1,426,427,428,-1,428,427,429,-1,428,429,416,-1,416,429,417,-1,430,431,432,-1,432,431,433,-1,432,433,434,-1,434,433,435,-1,434,435,436,-1,436,435,437,-1,436,437,438,-1,438,437,439,-1,438,439,440,-1,440,439,441,-1,440,441,418,-1,418,441,419,-1,442,443,444,-1,444,445,442,-1,442,445,446,-1,442,446,447,-1,447,446,448,-1,447,448,449,-1,449,448,450,-1,449,450,451,-1,451,450,452,-1,451,452,453,-1,453,452,454,-1,453,454,455,-1,455,454,456,-1,455,456,457,-1,457,456,458,-1,457,458,459,-1,459,458,460,-1,459,460,461,-1,461,460,462,-1,461,462,463,-1,463,462,464,-1,463,464,430,-1,430,464,431,-1,12,13,465,-1,465,13,466,-1,465,466,467,-1,467,466,468,-1,467,468,469,-1,469,468,470,-1,469,470,443,-1,443,470,444,-1,281,279,444,-1,444,279,303,-1,303,319,444,-1,444,319,321,-1,444,321,445,-1,445,321,323,-1,445,323,446,-1,323,325,446,-1,446,325,327,-1,446,327,448,-1,448,327,329,-1,448,329,450,-1,450,329,452,-1,452,329,331,-1,452,331,454,-1,454,331,315,-1,454,315,456,-1,456,315,317,-1,456,317,458,-1,458,317,318,-1,458,318,460,-1,460,318,313,-1,460,313,462,-1,348,419,350,-1,350,419,441,-1,350,441,352,-1,352,441,439,-1,352,439,354,-1,354,439,437,-1,354,437,356,-1,356,437,435,-1,356,435,358,-1,358,435,433,-1,358,433,309,-1,309,433,431,-1,309,431,307,-1,307,431,464,-1,307,464,306,-1,306,464,462,-1,306,462,311,-1,311,462,313,-1,343,421,345,-1,345,421,419,-1,345,419,347,-1,347,419,348,-1,360,389,335,-1,335,389,413,-1,413,415,335,-1,335,415,417,-1,335,417,337,-1,337,417,429,-1,337,429,339,-1,339,429,427,-1,339,427,341,-1,341,427,425,-1,341,425,343,-1,343,425,423,-1,343,423,421,-1,362,387,399,-1,399,387,385,-1,399,385,383,-1,471,379,377,-1,377,376,471,-1,471,376,374,-1,471,374,372,-1,372,370,471,-1,471,370,368,-1,471,368,366,-1,366,364,471,-1,471,364,411,-1,471,411,379,-1,379,411,409,-1,409,407,379,-1,379,407,405,-1,379,405,403,-1,383,381,399,-1,399,381,379,-1,399,379,401,-1,401,379,403,-1,362,399,360,-1,360,399,397,-1,360,397,395,-1,395,393,360,-1,360,393,391,-1,360,391,389,-1,472,473,156,-1,473,474,156,-1,156,474,475,-1,156,475,476,-1,477,478,149,-1,476,479,156,-1,156,479,480,-1,156,480,481,-1,481,482,156,-1,156,482,483,-1,156,483,154,-1,154,483,484,-1,154,484,477,-1,478,485,149,-1,149,485,486,-1,149,486,145,-1,145,486,487,-1,145,487,114,-1,114,487,488,-1,114,488,116,-1,116,488,489,-1,132,126,490,-1,490,126,128,-1,490,128,491,-1,491,128,130,-1,491,130,492,-1,492,130,131,-1,492,131,493,-1,493,131,123,-1,493,123,494,-1,494,123,121,-1,494,121,495,-1,495,121,120,-1,495,120,489,-1,489,120,118,-1,489,118,116,-1,496,92,497,-1,497,92,135,-1,497,135,498,-1,498,135,137,-1,498,137,499,-1,499,137,139,-1,499,139,500,-1,500,139,141,-1,500,141,501,-1,501,141,132,-1,501,132,502,-1,502,132,490,-1,503,504,104,-1,503,104,505,-1,505,104,102,-1,505,102,506,-1,506,102,100,-1,506,100,507,-1,507,100,98,-1,507,98,508,-1,508,98,96,-1,508,96,509,-1,509,96,94,-1,509,94,496,-1,496,94,93,-1,496,93,92,-1,504,510,104,-1,104,510,511,-1,104,511,512,-1,513,514,175,-1,514,515,175,-1,175,515,516,-1,175,516,517,-1,517,518,175,-1,175,518,519,-1,175,519,177,-1,519,520,177,-1,177,520,521,-1,177,521,179,-1,521,522,179,-1,179,522,523,-1,179,523,181,-1,181,523,524,-1,181,524,183,-1,183,524,185,-1,185,524,525,-1,185,525,187,-1,169,168,526,-1,472,156,526,-1,526,156,171,-1,526,171,169,-1,168,166,526,-1,526,166,164,-1,526,164,159,-1,159,160,526,-1,526,160,162,-1,526,162,195,-1,525,527,187,-1,187,527,528,-1,187,528,189,-1,189,528,529,-1,189,529,191,-1,191,529,526,-1,191,526,193,-1,193,526,195,-1,32,269,30,-1,30,269,271,-1,30,271,28,-1,28,271,273,-1,28,273,19,-1,19,273,275,-1,19,275,21,-1,21,275,265,-1,21,265,23,-1,23,265,263,-1,23,263,17,-1,17,263,262,-1,17,262,16,-1,16,262,256,-1,16,256,27,-1,27,256,261,-1,27,261,26,-1,26,261,260,-1,26,260,1,-1,1,260,258,-1,1,258,3,-1,3,258,301,-1,3,301,5,-1,5,301,299,-1,5,299,7,-1,7,299,297,-1,7,297,9,-1,9,297,295,-1,9,295,11,-1,11,295,293,-1,11,293,13,-1,13,293,291,-1,13,291,466,-1,466,291,289,-1,466,289,468,-1,468,289,287,-1,468,287,470,-1,470,287,285,-1,470,285,444,-1,444,285,283,-1,444,283,281,-1,249,247,32,-1,32,247,267,-1,32,267,269,-1,81,175,83,-1,83,175,85,-1,85,175,87,-1,87,175,205,-1,87,205,89,-1,89,205,207,-1,89,207,69,-1,69,207,209,-1,69,209,71,-1,209,211,71,-1,71,211,213,-1,71,213,73,-1,73,213,201,-1,73,201,75,-1,75,201,203,-1,75,203,77,-1,77,203,204,-1,77,204,79,-1,79,204,199,-1,79,199,53,-1,53,199,197,-1,53,197,55,-1,55,197,57,-1,57,197,231,-1,57,231,59,-1,59,231,233,-1,59,233,61,-1,61,233,63,-1,63,233,235,-1,63,235,65,-1,65,235,237,-1,65,237,67,-1,237,239,67,-1,67,239,241,-1,67,241,37,-1,37,241,243,-1,37,243,39,-1,39,243,41,-1,41,243,230,-1,41,230,43,-1,43,230,229,-1,43,229,45,-1,45,229,226,-1,45,226,47,-1,47,226,224,-1,47,224,49,-1,49,224,223,-1,49,223,51,-1,223,221,51,-1,51,221,219,-1,51,219,33,-1,219,217,33,-1,33,217,253,-1,33,253,32,-1,32,253,251,-1,32,251,249,-1,81,112,175,-1,175,112,110,-1,175,110,108,-1,512,513,104,-1,104,513,175,-1,104,175,106,-1,106,175,108,-1,477,149,154,-1,154,149,147,-1,154,147,151,-1,474,473,530,-1,530,531,474,-1,474,531,532,-1,474,532,475,-1,475,532,533,-1,475,533,476,-1,476,533,534,-1,476,534,479,-1,479,534,535,-1,479,535,480,-1,480,535,481,-1,535,536,481,-1,481,536,537,-1,481,537,482,-1,482,537,538,-1,482,538,483,-1,483,538,539,-1,483,539,484,-1,484,539,540,-1,484,540,477,-1,477,540,541,-1,477,541,478,-1,478,541,542,-1,478,542,485,-1,485,542,486,-1,542,543,486,-1,486,543,544,-1,486,544,487,-1,487,544,488,-1,544,545,488,-1,488,545,546,-1,488,546,489,-1,489,546,547,-1,489,547,495,-1,495,547,548,-1,495,548,494,-1,494,548,549,-1,494,549,493,-1,493,549,550,-1,493,550,492,-1,492,550,551,-1,492,551,491,-1,491,551,552,-1,553,496,554,-1,554,496,497,-1,554,497,555,-1,555,497,498,-1,555,498,556,-1,556,498,499,-1,556,499,557,-1,557,499,500,-1,557,500,558,-1,558,500,501,-1,558,501,559,-1,559,501,502,-1,559,502,552,-1,552,502,490,-1,552,490,491,-1,509,496,553,-1,553,560,509,-1,509,560,561,-1,509,561,508,-1,508,561,562,-1,508,562,507,-1,507,562,563,-1,507,563,506,-1,506,563,564,-1,506,564,505,-1,505,564,503,-1,564,565,503,-1,503,565,566,-1,503,566,504,-1,504,566,567,-1,504,567,510,-1,510,567,568,-1,510,568,511,-1,511,568,569,-1,511,569,512,-1,512,569,570,-1,512,570,513,-1,513,570,571,-1,513,571,514,-1,514,571,515,-1,515,571,572,-1,515,572,516,-1,516,572,573,-1,516,573,517,-1,573,574,517,-1,517,574,575,-1,517,575,518,-1,518,575,576,-1,518,576,519,-1,519,576,577,-1,519,577,520,-1,520,577,578,-1,520,578,521,-1,521,578,579,-1,521,579,522,-1,522,579,580,-1,522,580,523,-1,523,580,581,-1,530,473,582,-1,582,473,472,-1,582,472,583,-1,583,472,526,-1,583,526,584,-1,584,526,529,-1,584,529,585,-1,585,529,528,-1,585,528,586,-1,586,528,527,-1,586,527,587,-1,587,527,525,-1,587,525,581,-1,581,525,524,-1,581,524,523,-1,
        ]
    }
}
Shape{
    appearance Appearance {
        material  Material 	{
            diffuseColor 0.9882352941176471 0.7372549019607844 0.5176470588235295
            specularColor 0.49411764705882355 0.3686274509803922 0.25882352941176473
            ambientIntensity 0.2
            transparency 0
            shininess 0.5
        }
    }
    geometry IndexedFaceSet {
        ccw TRUE
        solid FALSE
        coord DEF co Coordinate {
            point [
                0.2125 0.9207 1.4147, 0.2102 0.9212 1.3971, 0.2092 0.9214 1.3972, 0.2073 0.9219 1.398, 0.2053 0.9223 1.3989, 0.2048 0.9224 1.3993, 0.2023 0.923 1.4012, 0.2018 0.9231 1.4015, 0.1998 0.9235 1.404, 0.1987 0.9237 1.4054, 0.1982 0.9239 1.4067, 0.1971 0.9241 1.409, 0.1969 0.9241 1.4097, 0.1963 0.9243 1.413, 0.1963 0.9243 1.4132, 0.1964 0.9242 1.4168, 0.1964 0.9242 1.4178, 0.197 0.9241 1.4198, 0.1976 0.924 1.422, 0.198 0.9239 1.4229, 0.1997 0.9235 1.4258, 0.1997 0.9235 1.4259, 0.202 0.923 1.4283, 0.2027 0.9229 1.4291, 0.2047 0.9224 1.4304, 0.2065 0.922 1.4315, 0.2075 0.9218 1.4319, 0.2106 0.9211 1.4329, 0.2107 0.9211 1.4329, 0.2143 0.9203 1.4334, 0.2183 0.9193 1.4327, 0.2193 0.9191 1.4326, 0.2212 0.9186 1.4318, 0.2232 0.9181 1.4309, 0.2238 0.918 1.4305, 0.2263 0.9174 1.4285, 0.2268 0.9173 1.4282, 0.2286 0.9168 1.4258, 0.2297 0.9165 1.4244, 0.2303 0.9164 1.4232, 0.2314 0.9161 1.4208, 0.2315 0.9161 1.4202, 0.2321 0.9159 1.4169, 0.2322 0.9159 1.4166, 0.2321 0.9159 1.4135, 0.232 0.9159 1.412, 0.2316 0.9161 1.4104, 0.2309 0.9162 1.4078, 0.2307 0.9163 1.4073, 0.2291 0.9167 1.4044, 0.2288 0.9168 1.4039, 0.2269 0.9172 1.4019, 0.2258 0.9175 1.4007, 0.2243 0.9179 1.3997, 0.222 0.9184 1.3982, 0.2215 0.9185 1.3981, 0.2184 0.9193 1.397, 0.218 0.9194 1.3969, 0.2143 0.9203 1.3964, 0.2143 0.9203 1.3964
            ]
        }
        coordIndex [
            0,1,2,-1,2,3,0,-1,0,3,4,-1,0,4,5,-1,5,6,0,-1,0,6,7,-1,0,7,8,-1,8,9,0,-1,0,9,10,-1,0,10,11,-1,11,12,0,-1,0,12,13,-1,0,13,14,-1,14,15,0,-1,0,15,16,-1,0,16,17,-1,17,18,0,-1,0,18,19,-1,0,19,20,-1,20,21,0,-1,0,21,22,-1,0,22,23,-1,23,24,0,-1,0,24,25,-1,0,25,26,-1,26,27,0,-1,0,27,28,-1,0,28,29,-1,29,30,0,-1,0,30,31,-1,0,31,32,-1,32,33,0,-1,0,33,34,-1,0,34,35,-1,35,36,0,-1,0,36,37,-1,0,37,38,-1,38,39,0,-1,0,39,40,-1,0,40,41,-1,41,42,0,-1,0,42,43,-1,0,43,44,-1,44,45,0,-1,0,45,46,-1,0,46,47,-1,47,48,0,-1,0,48,49,-1,0,49,50,-1,50,51,0,-1,0,51,52,-1,0,52,53,-1,53,54,0,-1,0,54,55,-1,0,55,56,-1,56,57,0,-1,0,57,58,-1,0,58,1,-1,
        ]
    }
}
Shape{
    appearance Appearance {
        material  Material 	{
            diffuseColor 0.7529411764705882 0.7529411764705882 0.7529411764705882
            specularColor 0.3764705882352941 0.3764705882352941 0.3764705882352941
            ambientIntensity 0.2
            transparency 0
            shininess 0.5
        }
    }
    geometry IndexedFaceSet {
        ccw TRUE
        solid FALSE
        coord DEF co Coordinate {
            point [
                -0.5852 -0.0492 -1.9764, -0.5951 -0.0255 -1.9764, -0.5 0.0 -1.9764, -0.5984 0.0 -1.9764, -0.5951 0.0255 -1.9764, -0.5255 -0.0951 -1.9764, -0.5492 -0.0852 -1.9764, -0.5696 -0.0696 -1.9764, -0.4508 -0.0852 -1.9764, -0.4745 -0.0951 -1.9764, -0.5 -0.0984 -1.9764, -0.4049 -0.0255 -1.9764, -0.4148 -0.0492 -1.9764, -0.4304 -0.0696 -1.9764, -0.4148 0.0492 -1.9764, -0.4049 0.0255 -1.9764, -0.4016 0.0 -1.9764, -0.4745 0.0951 -1.9764, -0.4508 0.0852 -1.9764, -0.4304 0.0696 -1.9764, -0.5492 0.0852 -1.9764, -0.5255 0.0951 -1.9764, -0.5 0.0984 -1.9764, -0.5852 0.0492 -1.9764, -0.5696 0.0696 -1.9764, -0.5696 0.0696 -1.9764
            ]
        }
        coordIndex [
            0,1,2,-1,2,1,3,-1,2,3,4,-1,5,6,2,-1,2,6,7,-1,2,7,0,-1,8,9,2,-1,2,9,10,-1,2,10,5,-1,11,12,2,-1,2,12,13,-1,2,13,8,-1,14,15,2,-1,2,15,16,-1,2,16,11,-1,17,18,2,-1,2,18,19,-1,2,19,14,-1,20,21,2,-1,2,21,22,-1,2,22,17,-1,4,23,2,-1,2,23,24,-1,2,24,20,-1,
        ]
    }
}